27 0 1 1 2 2 3 3 4 4 5 5 6 6 7 7 8 8 9 9 10 10 11 11 12 12 13 13 14 14 15 15 16 16 17 17 18 18 19 19 20 20 21 21 22 22 23 23 24 0 25 0 26 G -1 0 -1 0 -1 0 -1 0 -1 0 -1 0 -1 0 -1 0 -1 0 -1 0 -1 0 -1 0 -1 0 -1 0 -1 0 -1 0 -1 0 -1 0 -1 0 -1 0 -1 0 -1 0 -1 0 -1 0 -1 0 -1 0
27 0 1 1 2 2 3 3 4 4 5 5 6 6 7 7 8 8 9 9 10 10 11 11 12 12 13 13 14 14 15 15 16 16 17 17 18 18 19 19 20 20 21 21 22 22 23 0 24 24 25 0 26 G -1 0 -1 0 -1 0 -1 0 -1 0 -1 0 -1 0 -1 0 -1 0 -1 0 -1 0 -1 0 -1 0 -1 0 -1 0 -1 0 -1 0 -1 0 -1 0 -1 0 -1 0 -1 0 -1 0 -1 0 -1 0 -1 0
27 0 1 1 2 2 3 3 4 4 5 5 6 6 7 7 8 8 9 9 10 10 11 11 12 12 13 13 14 14 15 15 16 16 17 17 18 18 19 19 20 20 21 21 22 22 23 0 24 0 25 0 26 G -1 0 -1 0 -1 0 -1 0 -1 0 -1 0 -1 0 -1 0 -1 0 -1 0 -1 0 -1 0 -1 0 -1 0 -1 0 -1 0 -1 0 -1 0 -1 0 -1 0 -1 0 -1 0 -1 0 -1 0 -1 0 -1 0
27 0 1 1 2 2 3 3 4 4 5 5 6 6 7 7 8 8 9 9 10 10 11 11 12 12 13 13 14 14 15 15 16 16 17 17 18 18 19 19 20 20 21 21 22 0 23 23 24 24 25 0 26 G -1 0 -1 0 -1 0 -1 0 -1 0 -1 0 -1 0 -1 0 -1 0 -1 0 -1 0 -1 0 -1 0 -1 0 -1 0 -1 0 -1 0 -1 0 -1 0 -1 0 -1 0 -1 0 -1 0 -1 0 -1 0 -1 0
27 0 1 1 2 2 3 3 4 4 5 5 6 6 7 7 8 8 9 9 10 10 11 11 12 12 13 13 14 14 15 15 16 16 17 17 18 18 19 19 20 20 21 21 22 0 23 23 24 0 25 25 26 G -1 0 -1 0 -1 0 -1 0 -1 0 -1 0 -1 0 -1 0 -1 0 -1 0 -1 0 -1 0 -1 0 -1 0 -1 0 -1 0 -1 0 -1 0 -1 0 -1 0 -1 0 -1 0 0 0 0 0 0 1 0 1
27 0 1 1 2 2 3 3 4 4 5 5 6 6 7 7 8 8 9 9 10 10 11 11 12 12 13 13 14 14 15 15 16 16 17 17 18 18 19 19 20 20 21 21 22 0 23 23 24 0 25 0 26 G -1 0 -1 0 -1 0 -1 0 -1 0 -1 0 -1 0 -1 0 -1 0 -1 0 -1 0 -1 0 -1 0 -1 0 -1 0 -1 0 -1 0 -1 0 -1 0 -1 0 -1 0 -1 0 -1 0 -1 0 -1 0 -1 0
27 0 1 1 2 2 3 3 4 4 5 5 6 6 7 7 8 8 9 9 10 10 11 11 12 12 13 13 14 14 15 15 16 16 17 17 18 18 19 19 20 20 21 21 22 0 23 0 24 0 25 0 26 G -1 0 -1 0 -1 0 -1 0 -1 0 -1 0 -1 0 -1 0 -1 0 -1 0 -1 0 -1 0 -1 0 -1 0 -1 0 -1 0 -1 0 -1 0 -1 0 -1 0 -1 0 -1 0 -1 0 -1 0 -1 0 -1 0
27 0 1 1 2 2 3 3 4 4 5 5 6 6 7 7 8 8 9 9 10 10 11 11 12 12 13 13 14 14 15 15 16 16 17 17 18 18 19 19 20 20 21 0 22 22 23 23 24 24 25 0 26 G -1 0 -1 0 -1 0 -1 0 -1 0 -1 0 -1 0 -1 0 -1 0 -1 0 -1 0 -1 0 -1 0 -1 0 -1 0 -1 0 -1 0 -1 0 -1 0 -1 0 -1 0 -1 0 -1 0 -1 0 -1 0 -1 0
27 0 1 1 2 2 3 3 4 4 5 5 6 6 7 7 8 8 9 9 10 10 11 11 12 12 13 13 14 14 15 15 16 16 17 17 18 18 19 19 20 20 21 0 22 22 23 23 24 0 25 25 26 G -1 0 -1 0 -1 0 -1 0 -1 0 -1 0 -1 0 -1 0 -1 0 -1 0 -1 0 -1 0 -1 0 -1 0 -1 0 -1 0 -1 0 -1 0 -1 0 -1 0 -1 0 -1 0 -1 0 -1 0 -1 0 -1 0
27 0 1 1 2 2 3 3 4 4 5 5 6 6 7 7 8 8 9 9 10 10 11 11 12 12 13 13 14 14 15 15 16 16 17 17 18 18 19 19 20 20 21 0 22 22 23 23 24 0 25 0 26 G -1 0 -1 0 -1 0 -1 0 -1 0 -1 0 -1 0 -1 0 -1 0 -1 0 -1 0 -1 0 -1 0 -1 0 -1 0 -1 0 -1 0 -1 0 -1 0 -1 0 -1 0 -1 0 -1 0 -1 0 -1 0 -1 0
27 0 1 1 2 2 3 3 4 4 5 5 6 6 7 7 8 8 9 9 10 10 11 11 12 12 13 13 14 14 15 15 16 16 17 17 18 18 19 19 20 20 21 0 22 22 23 0 24 24 25 0 26 G -1 0 -1 0 -1 0 -1 0 -1 0 -1 0 -1 0 -1 0 -1 0 -1 0 -1 0 -1 0 -1 0 -1 0 -1 0 -1 0 -1 0 -1 0 -1 0 -1 0 -1 0 0 0 0 0 0 1 0 1 -1 0
27 0 1 1 2 2 3 3 4 4 5 5 6 6 7 7 8 8 9 9 10 10 11 11 12 12 13 13 14 14 15 15 16 16 17 17 18 18 19 19 20 20 21 0 22 22 23 0 24 0 25 0 26 G -1 0 -1 0 -1 0 -1 0 -1 0 -1 0 -1 0 -1 0 -1 0 -1 0 -1 0 -1 0 -1 0 -1 0 -1 0 -1 0 -1 0 -1 0 -1 0 -1 0 -1 0 -1 0 -1 0 -1 0 -1 0 -1 0
27 0 1 1 2 2 3 3 4 4 5 5 6 6 7 7 8 8 9 9 10 10 11 11 12 12 13 13 14 14 15 15 16 16 17 17 18 18 19 19 20 20 21 0 22 0 23 0 24 0 25 0 26 G -1 0 -1 0 -1 0 -1 0 -1 0 -1 0 -1 0 -1 0 -1 0 -1 0 -1 0 -1 0 -1 0 -1 0 -1 0 -1 0 -1 0 -1 0 -1 0 -1 0 -1 0 -1 0 -1 0 -1 0 -1 0 -1 0
27 0 1 1 2 2 3 3 4 4 5 5 6 6 7 7 8 8 9 9 10 10 11 11 12 12 13 13 14 14 15 15 16 16 17 17 18 18 19 19 20 0 21 21 22 22 23 23 24 24 25 0 26 G -1 0 -1 0 -1 0 -1 0 -1 0 -1 0 -1 0 -1 0 -1 0 -1 0 -1 0 -1 0 -1 0 -1 0 -1 0 -1 0 -1 0 -1 0 -1 0 -1 0 -1 0 -1 0 -1 0 -1 0 -1 0 -1 0
27 0 1 1 2 2 3 3 4 4 5 5 6 6 7 7 8 8 9 9 10 10 11 11 12 12 13 13 14 14 15 15 16 16 17 17 18 18 19 19 20 0 21 21 22 22 23 23 24 0 25 25 26 G -1 0 -1 0 -1 0 -1 0 -1 0 -1 0 -1 0 -1 0 -1 0 -1 0 -1 0 -1 0 -1 0 -1 0 -1 0 -1 0 -1 0 -1 0 -1 0 -1 0 -1 0 -1 0 -1 0 -1 0 -1 0 -1 0
27 0 1 1 2 2 3 3 4 4 5 5 6 6 7 7 8 8 9 9 10 10 11 11 12 12 13 13 14 14 15 15 16 16 17 17 18 18 19 19 20 0 21 21 22 22 23 23 24 0 25 0 26 G -1 0 -1 0 -1 0 -1 0 -1 0 -1 0 -1 0 -1 0 -1 0 -1 0 -1 0 -1 0 -1 0 -1 0 -1 0 -1 0 -1 0 -1 0 -1 0 -1 0 -1 0 -1 0 -1 0 -1 0 -1 0 -1 0
27 0 1 1 2 2 3 3 4 4 5 5 6 6 7 7 8 8 9 9 10 10 11 11 12 12 13 13 14 14 15 15 16 16 17 17 18 18 19 19 20 0 21 21 22 22 23 0 24 24 25 25 26 G -1 0 -1 0 -1 0 -1 0 -1 0 -1 0 -1 0 -1 0 -1 0 -1 0 -1 0 -1 0 -1 0 -1 0 -1 0 -1 0 -1 0 -1 0 -1 0 -1 0 0 0 0 0 0 0 0 1 0 1 0 1
27 0 1 1 2 2 3 3 4 4 5 5 6 6 7 7 8 8 9 9 10 10 11 11 12 12 13 13 14 14 15 15 16 16 17 17 18 18 19 19 20 0 21 21 22 22 23 0 24 24 25 0 26 G -1 0 -1 0 -1 0 -1 0 -1 0 -1 0 -1 0 -1 0 -1 0 -1 0 -1 0 -1 0 -1 0 -1 0 -1 0 -1 0 -1 0 -1 0 -1 0 -1 0 -1 0 -1 0 -1 0 -1 0 -1 0 -1 0
27 0 1 1 2 2 3 3 4 4 5 5 6 6 7 7 8 8 9 9 10 10 11 11 12 12 13 13 14 14 15 15 16 16 17 17 18 18 19 19 20 0 21 21 22 22 23 0 24 0 25 0 26 G -1 0 -1 0 -1 0 -1 0 -1 0 -1 0 -1 0 -1 0 -1 0 -1 0 -1 0 -1 0 -1 0 -1 0 -1 0 -1 0 -1 0 -1 0 -1 0 -1 0 -1 0 -1 0 -1 0 -1 0 -1 0 -1 0
27 0 1 1 2 2 3 3 4 4 5 5 6 6 7 7 8 8 9 9 10 10 11 11 12 12 13 13 14 14 15 15 16 16 17 17 18 18 19 19 20 0 21 21 22 0 23 23 24 0 25 25 26 G -1 0 -1 0 -1 0 -1 0 -1 0 -1 0 -1 0 -1 0 -1 0 -1 0 -1 0 -1 0 -1 0 -1 0 -1 0 -1 0 -1 0 -1 0 -1 0 -1 0 0 0 0 0 0 1 0 1 0 2 0 2
27 0 1 1 2 2 3 3 4 4 5 5 6 6 7 7 8 8 9 9 10 10 11 11 12 12 13 13 14 14 15 15 16 16 17 17 18 18 19 19 20 0 21 21 22 0 23 23 24 0 25 0 26 G -1 0 -1 0 -1 0 -1 0 -1 0 -1 0 -1 0 -1 0 -1 0 -1 0 -1 0 -1 0 -1 0 -1 0 -1 0 -1 0 -1 0 -1 0 -1 0 -1 0 0 0 0 0 0 1 0 1 -1 0 -1 0
27 0 1 1 2 2 3 3 4 4 5 5 6 6 7 7 8 8 9 9 10 10 11 11 12 12 13 13 14 14 15 15 16 16 17 17 18 18 19 19 20 0 21 21 22 0 23 0 24 0 25 0 26 G -1 0 -1 0 -1 0 -1 0 -1 0 -1 0 -1 0 -1 0 -1 0 -1 0 -1 0 -1 0 -1 0 -1 0 -1 0 -1 0 -1 0 -1 0 -1 0 -1 0 -1 0 -1 0 -1 0 -1 0 -1 0 -1 0
27 0 1 1 2 2 3 3 4 4 5 5 6 6 7 7 8 8 9 9 10 10 11 11 12 12 13 13 14 14 15 15 16 16 17 17 18 18 19 19 20 0 21 0 22 0 23 0 24 0 25 0 26 G -1 0 -1 0 -1 0 -1 0 -1 0 -1 0 -1 0 -1 0 -1 0 -1 0 -1 0 -1 0 -1 0 -1 0 -1 0 -1 0 -1 0 -1 0 -1 0 -1 0 -1 0 -1 0 -1 0 -1 0 -1 0 -1 0
27 0 1 1 2 2 3 3 4 4 5 5 6 6 7 7 8 8 9 9 10 10 11 11 12 12 13 13 14 14 15 15 16 16 17 17 18 18 19 0 20 20 21 21 22 22 23 23 24 24 25 0 26 G -1 0 -1 0 -1 0 -1 0 -1 0 -1 0 -1 0 -1 0 -1 0 -1 0 -1 0 -1 0 -1 0 -1 0 -1 0 -1 0 -1 0 -1 0 -1 0 -1 0 -1 0 -1 0 -1 0 -1 0 -1 0 -1 0
27 0 1 1 2 2 3 3 4 4 5 5 6 6 7 7 8 8 9 9 10 10 11 11 12 12 13 13 14 14 15 15 16 16 17 17 18 18 19 0 20 20 21 21 22 22 23 23 24 0 25 25 26 G -1 0 -1 0 -1 0 -1 0 -1 0 -1 0 -1 0 -1 0 -1 0 -1 0 -1 0 -1 0 -1 0 -1 0 -1 0 -1 0 -1 0 -1 0 -1 0 -1 0 -1 0 -1 0 -1 0 -1 0 -1 0 -1 0
27 0 1 1 2 2 3 3 4 4 5 5 6 6 7 7 8 8 9 9 10 10 11 11 12 12 13 13 14 14 15 15 16 16 17 17 18 18 19 0 20 20 21 21 22 22 23 23 24 0 25 0 26 G -1 0 -1 0 -1 0 -1 0 -1 0 -1 0 -1 0 -1 0 -1 0 -1 0 -1 0 -1 0 -1 0 -1 0 -1 0 -1 0 -1 0 -1 0 -1 0 -1 0 -1 0 -1 0 -1 0 -1 0 -1 0 -1 0
27 0 1 1 2 2 3 3 4 4 5 5 6 6 7 7 8 8 9 9 10 10 11 11 12 12 13 13 14 14 15 15 16 16 17 17 18 18 19 0 20 20 21 21 22 22 23 0 24 24 25 25 26 G -1 0 -1 0 -1 0 -1 0 -1 0 -1 0 -1 0 -1 0 -1 0 -1 0 -1 0 -1 0 -1 0 -1 0 -1 0 -1 0 -1 0 -1 0 -1 0 -1 0 -1 0 -1 0 -1 0 -1 0 -1 0 -1 0
27 0 1 1 2 2 3 3 4 4 5 5 6 6 7 7 8 8 9 9 10 10 11 11 12 12 13 13 14 14 15 15 16 16 17 17 18 18 19 0 20 20 21 21 22 22 23 0 24 24 25 0 26 G -1 0 -1 0 -1 0 -1 0 -1 0 -1 0 -1 0 -1 0 -1 0 -1 0 -1 0 -1 0 -1 0 -1 0 -1 0 -1 0 -1 0 -1 0 -1 0 -1 0 -1 0 -1 0 -1 0 -1 0 -1 0 -1 0
27 0 1 1 2 2 3 3 4 4 5 5 6 6 7 7 8 8 9 9 10 10 11 11 12 12 13 13 14 14 15 15 16 16 17 17 18 18 19 0 20 20 21 21 22 22 23 0 24 0 25 0 26 G -1 0 -1 0 -1 0 -1 0 -1 0 -1 0 -1 0 -1 0 -1 0 -1 0 -1 0 -1 0 -1 0 -1 0 -1 0 -1 0 -1 0 -1 0 -1 0 -1 0 -1 0 -1 0 -1 0 -1 0 -1 0 -1 0
27 0 1 1 2 2 3 3 4 4 5 5 6 6 7 7 8 8 9 9 10 10 11 11 12 12 13 13 14 14 15 15 16 16 17 17 18 18 19 0 20 20 21 21 22 0 23 23 24 24 25 0 26 G -1 0 -1 0 -1 0 -1 0 -1 0 -1 0 -1 0 -1 0 -1 0 -1 0 -1 0 -1 0 -1 0 -1 0 -1 0 -1 0 -1 0 -1 0 -1 0 0 0 0 0 0 0 0 1 0 1 0 1 -1 0
27 0 1 1 2 2 3 3 4 4 5 5 6 6 7 7 8 8 9 9 10 10 11 11 12 12 13 13 14 14 15 15 16 16 17 17 18 18 19 0 20 20 21 21 22 0 23 23 24 0 25 25 26 G -1 0 -1 0 -1 0 -1 0 -1 0 -1 0 -1 0 -1 0 -1 0 -1 0 -1 0 -1 0 -1 0 -1 0 -1 0 -1 0 -1 0 -1 0 -1 0 -1 0 -1 0 -1 0 0 0 0 0 0 1 0 1
27 0 1 1 2 2 3 3 4 4 5 5 6 6 7 7 8 8 9 9 10 10 11 11 12 12 13 13 14 14 15 15 16 16 17 17 18 18 19 0 20 20 21 21 22 0 23 23 24 0 25 0 26 G -1 0 -1 0 -1 0 -1 0 -1 0 -1 0 -1 0 -1 0 -1 0 -1 0 -1 0 -1 0 -1 0 -1 0 -1 0 -1 0 -1 0 -1 0 -1 0 -1 0 -1 0 -1 0 -1 0 -1 0 -1 0 -1 0
27 0 1 1 2 2 3 3 4 4 5 5 6 6 7 7 8 8 9 9 10 10 11 11 12 12 13 13 14 14 15 15 16 16 17 17 18 18 19 0 20 20 21 21 22 0 23 0 24 0 25 0 26 G -1 0 -1 0 -1 0 -1 0 -1 0 -1 0 -1 0 -1 0 -1 0 -1 0 -1 0 -1 0 -1 0 -1 0 -1 0 -1 0 -1 0 -1 0 -1 0 -1 0 -1 0 -1 0 -1 0 -1 0 -1 0 -1 0
27 0 1 1 2 2 3 3 4 4 5 5 6 6 7 7 8 8 9 9 10 10 11 11 12 12 13 13 14 14 15 15 16 16 17 17 18 18 19 0 20 20 21 0 22 22 23 0 24 24 25 0 26 G -1 0 -1 0 -1 0 -1 0 -1 0 -1 0 -1 0 -1 0 -1 0 -1 0 -1 0 -1 0 -1 0 -1 0 -1 0 -1 0 -1 0 -1 0 -1 0 0 0 0 0 0 1 0 1 0 2 0 2 -1 0
27 0 1 1 2 2 3 3 4 4 5 5 6 6 7 7 8 8 9 9 10 10 11 11 12 12 13 13 14 14 15 15 16 16 17 17 18 18 19 0 20 20 21 0 22 22 23 0 24 0 25 0 26 G -1 0 -1 0 -1 0 -1 0 -1 0 -1 0 -1 0 -1 0 -1 0 -1 0 -1 0 -1 0 -1 0 -1 0 -1 0 -1 0 -1 0 -1 0 -1 0 0 0 0 0 0 1 0 1 -1 0 -1 0 -1 0
27 0 1 1 2 2 3 3 4 4 5 5 6 6 7 7 8 8 9 9 10 10 11 11 12 12 13 13 14 14 15 15 16 16 17 17 18 18 19 0 20 20 21 0 22 0 23 0 24 0 25 0 26 G -1 0 -1 0 -1 0 -1 0 -1 0 -1 0 -1 0 -1 0 -1 0 -1 0 -1 0 -1 0 -1 0 -1 0 -1 0 -1 0 -1 0 -1 0 -1 0 -1 0 -1 0 -1 0 -1 0 -1 0 -1 0 -1 0
27 0 1 1 2 2 3 3 4 4 5 5 6 6 7 7 8 8 9 9 10 10 11 11 12 12 13 13 14 14 15 15 16 16 17 17 18 18 19 0 20 0 21 0 22 0 23 0 24 0 25 0 26 G -1 0 -1 0 -1 0 -1 0 -1 0 -1 0 -1 0 -1 0 -1 0 -1 0 -1 0 -1 0 -1 0 -1 0 -1 0 -1 0 -1 0 -1 0 -1 0 -1 0 -1 0 -1 0 -1 0 -1 0 -1 0 -1 0
27 0 1 1 2 2 3 3 4 4 5 5 6 6 7 7 8 8 9 9 10 10 11 11 12 12 13 13 14 14 15 15 16 16 17 17 18 0 19 19 20 20 21 21 22 22 23 23 24 24 25 0 26 G -1 0 -1 0 -1 0 -1 0 -1 0 -1 0 -1 0 -1 0 -1 0 -1 0 -1 0 -1 0 -1 0 -1 0 -1 0 -1 0 -1 0 -1 0 -1 0 -1 0 -1 0 -1 0 -1 0 -1 0 -1 0 -1 0
27 0 1 1 2 2 3 3 4 4 5 5 6 6 7 7 8 8 9 9 10 10 11 11 12 12 13 13 14 14 15 15 16 16 17 17 18 0 19 19 20 20 21 21 22 22 23 23 24 0 25 25 26 G -1 0 -1 0 -1 0 -1 0 -1 0 -1 0 -1 0 -1 0 -1 0 -1 0 -1 0 -1 0 -1 0 -1 0 -1 0 -1 0 -1 0 -1 0 -1 0 -1 0 -1 0 -1 0 -1 0 -1 0 -1 0 -1 0
27 0 1 1 2 2 3 3 4 4 5 5 6 6 7 7 8 8 9 9 10 10 11 11 12 12 13 13 14 14 15 15 16 16 17 17 18 0 19 19 20 20 21 21 22 22 23 23 24 0 25 0 26 G -1 0 -1 0 -1 0 -1 0 -1 0 -1 0 -1 0 -1 0 -1 0 -1 0 -1 0 -1 0 -1 0 -1 0 -1 0 -1 0 -1 0 -1 0 -1 0 -1 0 -1 0 -1 0 -1 0 -1 0 -1 0 -1 0
27 0 1 1 2 2 3 3 4 4 5 5 6 6 7 7 8 8 9 9 10 10 11 11 12 12 13 13 14 14 15 15 16 16 17 17 18 0 19 19 20 20 21 21 22 22 23 0 24 24 25 25 26 G -1 0 -1 0 -1 0 -1 0 -1 0 -1 0 -1 0 -1 0 -1 0 -1 0 -1 0 -1 0 -1 0 -1 0 -1 0 -1 0 -1 0 -1 0 -1 0 -1 0 -1 0 -1 0 -1 0 -1 0 -1 0 -1 0
27 0 1 1 2 2 3 3 4 4 5 5 6 6 7 7 8 8 9 9 10 10 11 11 12 12 13 13 14 14 15 15 16 16 17 17 18 0 19 19 20 20 21 21 22 22 23 0 24 24 25 0 26 G -1 0 -1 0 -1 0 -1 0 -1 0 -1 0 -1 0 -1 0 -1 0 -1 0 -1 0 -1 0 -1 0 -1 0 -1 0 -1 0 -1 0 -1 0 -1 0 -1 0 -1 0 -1 0 -1 0 -1 0 -1 0 -1 0
27 0 1 1 2 2 3 3 4 4 5 5 6 6 7 7 8 8 9 9 10 10 11 11 12 12 13 13 14 14 15 15 16 16 17 17 18 0 19 19 20 20 21 21 22 22 23 0 24 0 25 0 26 G -1 0 -1 0 -1 0 -1 0 -1 0 -1 0 -1 0 -1 0 -1 0 -1 0 -1 0 -1 0 -1 0 -1 0 -1 0 -1 0 -1 0 -1 0 -1 0 -1 0 -1 0 -1 0 -1 0 -1 0 -1 0 -1 0
27 0 1 1 2 2 3 3 4 4 5 5 6 6 7 7 8 8 9 9 10 10 11 11 12 12 13 13 14 14 15 15 16 16 17 17 18 0 19 19 20 20 21 21 22 0 23 23 24 24 25 25 26 G -1 0 -1 0 -1 0 -1 0 -1 0 -1 0 -1 0 -1 0 -1 0 -1 0 -1 0 -1 0 -1 0 -1 0 -1 0 -1 0 -1 0 -1 0 0 0 0 0 0 0 0 0 0 1 0 1 0 1 0 1
27 0 1 1 2 2 3 3 4 4 5 5 6 6 7 7 8 8 9 9 10 10 11 11 12 12 13 13 14 14 15 15 16 16 17 17 18 0 19 19 20 20 21 21 22 0 23 23 24 24 25 0 26 G -1 0 -1 0 -1 0 -1 0 -1 0 -1 0 -1 0 -1 0 -1 0 -1 0 -1 0 -1 0 -1 0 -1 0 -1 0 -1 0 -1 0 -1 0 -1 0 -1 0 -1 0 -1 0 -1 0 -1 0 -1 0 -1 0
27 0 1 1 2 2 3 3 4 4 5 5 6 6 7 7 8 8 9 9 10 10 11 11 12 12 13 13 14 14 15 15 16 16 17 17 18 0 19 19 20 20 21 21 22 0 23 23 24 0 25 25 26 G -1 0 -1 0 -1 0 -1 0 -1 0 -1 0 -1 0 -1 0 -1 0 -1 0 -1 0 -1 0 -1 0 -1 0 -1 0 -1 0 -1 0 -1 0 -1 0 -1 0 -1 0 -1 0 0 0 0 0 0 1 0 1
27 0 1 1 2 2 3 3 4 4 5 5 6 6 7 7 8 8 9 9 10 10 11 11 12 12 13 13 14 14 15 15 16 16 17 17 18 0 19 19 20 20 21 21 22 0 23 23 24 0 25 0 26 G -1 0 -1 0 -1 0 -1 0 -1 0 -1 0 -1 0 -1 0 -1 0 -1 0 -1 0 -1 0 -1 0 -1 0 -1 0 -1 0 -1 0 -1 0 -1 0 -1 0 -1 0 -1 0 -1 0 -1 0 -1 0 -1 0
27 0 1 1 2 2 3 3 4 4 5 5 6 6 7 7 8 8 9 9 10 10 11 11 12 12 13 13 14 14 15 15 16 16 17 17 18 0 19 19 20 20 21 21 22 0 23 0 24 0 25 0 26 G -1 0 -1 0 -1 0 -1 0 -1 0 -1 0 -1 0 -1 0 -1 0 -1 0 -1 0 -1 0 -1 0 -1 0 -1 0 -1 0 -1 0 -1 0 -1 0 -1 0 -1 0 -1 0 -1 0 -1 0 -1 0 -1 0
27 0 1 1 2 2 3 3 4 4 5 5 6 6 7 7 8 8 9 9 10 10 11 11 12 12 13 13 14 14 15 15 16 16 17 17 18 0 19 19 20 20 21 0 22 22 23 23 24 0 25 25 26 G -1 0 -1 0 -1 0 -1 0 -1 0 -1 0 -1 0 -1 0 -1 0 -1 0 -1 0 -1 0 -1 0 -1 0 -1 0 -1 0 -1 0 -1 0 0 0 0 0 0 0 0 1 0 1 0 1 -1 0 -1 0
27 0 1 1 2 2 3 3 4 4 5 5 6 6 7 7 8 8 9 9 10 10 11 11 12 12 13 13 14 14 15 15 16 16 17 17 18 0 19 19 20 20 21 0 22 22 23 23 24 0 25 0 26 G -1 0 -1 0 -1 0 -1 0 -1 0 -1 0 -1 0 -1 0 -1 0 -1 0 -1 0 -1 0 -1 0 -1 0 -1 0 -1 0 -1 0 -1 0 0 0 0 0 0 0 0 1 0 1 0 1 -1 0 -1 0
27 0 1 1 2 2 3 3 4 4 5 5 6 6 7 7 8 8 9 9 10 10 11 11 12 12 13 13 14 14 15 15 16 16 17 17 18 0 19 19 20 20 21 0 22 22 23 0 24 24 25 0 26 G -1 0 -1 0 -1 0 -1 0 -1 0 -1 0 -1 0 -1 0 -1 0 -1 0 -1 0 -1 0 -1 0 -1 0 -1 0 -1 0 -1 0 -1 0 -1 0 -1 0 -1 0 0 0 0 0 0 1 0 1 -1 0
27 0 1 1 2 2 3 3 4 4 5 5 6 6 7 7 8 8 9 9 10 10 11 11 12 12 13 13 14 14 15 15 16 16 17 17 18 0 19 19 20 20 21 0 22 22 23 0 24 0 25 0 26 G -1 0 -1 0 -1 0 -1 0 -1 0 -1 0 -1 0 -1 0 -1 0 -1 0 -1 0 -1 0 -1 0 -1 0 -1 0 -1 0 -1 0 -1 0 -1 0 -1 0 -1 0 -1 0 -1 0 -1 0 -1 0 -1 0
27 0 1 1 2 2 3 3 4 4 5 5 6 6 7 7 8 8 9 9 10 10 11 11 12 12 13 13 14 14 15 15 16 16 17 17 18 0 19 19 20 20 21 0 22 0 23 0 24 0 25 0 26 G -1 0 -1 0 -1 0 -1 0 -1 0 -1 0 -1 0 -1 0 -1 0 -1 0 -1 0 -1 0 -1 0 -1 0 -1 0 -1 0 -1 0 -1 0 -1 0 -1 0 -1 0 -1 0 -1 0 -1 0 -1 0 -1 0
27 0 1 1 2 2 3 3 4 4 5 5 6 6 7 7 8 8 9 9 10 10 11 11 12 12 13 13 14 14 15 15 16 16 17 17 18 0 19 19 20 0 21 21 22 0 23 23 24 0 25 25 26 G -1 0 -1 0 -1 0 -1 0 -1 0 -1 0 -1 0 -1 0 -1 0 -1 0 -1 0 -1 0 -1 0 -1 0 -1 0 -1 0 -1 0 -1 0 0 0 0 0 0 1 0 1 0 2 0 2 0 3 0 3
27 0 1 1 2 2 3 3 4 4 5 5 6 6 7 7 8 8 9 9 10 10 11 11 12 12 13 13 14 14 15 15 16 16 17 17 18 0 19 19 20 0 21 21 22 0 23 23 24 0 25 0 26 G -1 0 -1 0 -1 0 -1 0 -1 0 -1 0 -1 0 -1 0 -1 0 -1 0 -1 0 -1 0 -1 0 -1 0 -1 0 -1 0 -1 0 -1 0 0 0 0 0 0 1 0 1 0 2 0 2 -1 0 -1 0
27 0 1 1 2 2 3 3 4 4 5 5 6 6 7 7 8 8 9 9 10 10 11 11 12 12 13 13 14 14 15 15 16 16 17 17 18 0 19 19 20 0 21 21 22 0 23 0 24 0 25 0 26 G -1 0 -1 0 -1 0 -1 0 -1 0 -1 0 -1 0 -1 0 -1 0 -1 0 -1 0 -1 0 -1 0 -1 0 -1 0 -1 0 -1 0 -1 0 0 0 0 0 0 1 0 1 -1 0 -1 0 -1 0 -1 0
27 0 1 1 2 2 3 3 4 4 5 5 6 6 7 7 8 8 9 9 10 10 11 11 12 12 13 13 14 14 15 15 16 16 17 17 18 0 19 19 20 0 21 0 22 0 23 0 24 0 25 0 26 G -1 0 -1 0 -1 0 -1 0 -1 0 -1 0 -1 0 -1 0 -1 0 -1 0 -1 0 -1 0 -1 0 -1 0 -1 0 -1 0 -1 0 -1 0 -1 0 -1 0 -1 0 -1 0 -1 0 -1 0 -1 0 -1 0
27 0 1 1 2 2 3 3 4 4 5 5 6 6 7 7 8 8 9 9 10 10 11 11 12 12 13 13 14 14 15 15 16 16 17 17 18 0 19 0 20 0 21 0 22 0 23 0 24 0 25 0 26 G -1 0 -1 0 -1 0 -1 0 -1 0 -1 0 -1 0 -1 0 -1 0 -1 0 -1 0 -1 0 -1 0 -1 0 -1 0 -1 0 -1 0 -1 0 -1 0 -1 0 -1 0 -1 0 -1 0 -1 0 -1 0 -1 0
27 0 1 1 2 2 3 3 4 4 5 5 6 6 7 7 8 8 9 9 10 10 11 11 12 12 13 13 14 14 15 15 16 16 17 0 18 18 19 19 20 20 21 21 22 22 23 23 24 24 25 0 26 G -1 0 -1 0 -1 0 -1 0 -1 0 -1 0 -1 0 -1 0 -1 0 -1 0 -1 0 -1 0 -1 0 -1 0 -1 0 -1 0 -1 0 -1 0 -1 0 -1 0 -1 0 -1 0 -1 0 -1 0 -1 0 -1 0
27 0 1 1 2 2 3 3 4 4 5 5 6 6 7 7 8 8 9 9 10 10 11 11 12 12 13 13 14 14 15 15 16 16 17 0 18 18 19 19 20 20 21 21 22 22 23 23 24 0 25 25 26 G -1 0 -1 0 -1 0 -1 0 -1 0 -1 0 -1 0 -1 0 -1 0 -1 0 -1 0 -1 0 -1 0 -1 0 -1 0 -1 0 -1 0 -1 0 -1 0 -1 0 -1 0 -1 0 -1 0 -1 0 -1 0 -1 0
27 0 1 1 2 2 3 3 4 4 5 5 6 6 7 7 8 8 9 9 10 10 11 11 12 12 13 13 14 14 15 15 16 16 17 0 18 18 19 19 20 20 21 21 22 22 23 23 24 0 25 0 26 G -1 0 -1 0 -1 0 -1 0 -1 0 -1 0 -1 0 -1 0 -1 0 -1 0 -1 0 -1 0 -1 0 -1 0 -1 0 -1 0 -1 0 -1 0 -1 0 -1 0 -1 0 -1 0 -1 0 -1 0 -1 0 -1 0
27 0 1 1 2 2 3 3 4 4 5 5 6 6 7 7 8 8 9 9 10 10 11 11 12 12 13 13 14 14 15 15 16 16 17 0 18 18 19 19 20 20 21 21 22 22 23 0 24 24 25 25 26 G -1 0 -1 0 -1 0 -1 0 -1 0 -1 0 -1 0 -1 0 -1 0 -1 0 -1 0 -1 0 -1 0 -1 0 -1 0 -1 0 -1 0 -1 0 -1 0 -1 0 -1 0 -1 0 -1 0 -1 0 -1 0 -1 0
27 0 1 1 2 2 3 3 4 4 5 5 6 6 7 7 8 8 9 9 10 10 11 11 12 12 13 13 14 14 15 15 16 16 17 0 18 18 19 19 20 20 21 21 22 22 23 0 24 24 25 0 26 G -1 0 -1 0 -1 0 -1 0 -1 0 -1 0 -1 0 -1 0 -1 0 -1 0 -1 0 -1 0 -1 0 -1 0 -1 0 -1 0 -1 0 -1 0 -1 0 -1 0 -1 0 -1 0 -1 0 -1 0 -1 0 -1 0
27 0 1 1 2 2 3 3 4 4 5 5 6 6 7 7 8 8 9 9 10 10 11 11 12 12 13 13 14 14 15 15 16 16 17 0 18 18 19 19 20 20 21 21 22 22 23 0 24 0 25 0 26 G -1 0 -1 0 -1 0 -1 0 -1 0 -1 0 -1 0 -1 0 -1 0 -1 0 -1 0 -1 0 -1 0 -1 0 -1 0 -1 0 -1 0 -1 0 -1 0 -1 0 -1 0 -1 0 -1 0 -1 0 -1 0 -1 0
27 0 1 1 2 2 3 3 4 4 5 5 6 6 7 7 8 8 9 9 10 10 11 11 12 12 13 13 14 14 15 15 16 16 17 0 18 18 19 19 20 20 21 21 22 0 23 23 24 24 25 25 26 G -1 0 -1 0 -1 0 -1 0 -1 0 -1 0 -1 0 -1 0 -1 0 -1 0 -1 0 -1 0 -1 0 -1 0 -1 0 -1 0 -1 0 -1 0 -1 0 -1 0 -1 0 -1 0 -1 0 -1 0 -1 0 -1 0
27 0 1 1 2 2 3 3 4 4 5 5 6 6 7 7 8 8 9 9 10 10 11 11 12 12 13 13 14 14 15 15 16 16 17 0 18 18 19 19 20 20 21 21 22 0 23 23 24 24 25 0 26 G -1 0 -1 0 -1 0 -1 0 -1 0 -1 0 -1 0 -1 0 -1 0 -1 0 -1 0 -1 0 -1 0 -1 0 -1 0 -1 0 -1 0 -1 0 -1 0 -1 0 -1 0 -1 0 -1 0 -1 0 -1 0 -1 0
27 0 1 1 2 2 3 3 4 4 5 5 6 6 7 7 8 8 9 9 10 10 11 11 12 12 13 13 14 14 15 15 16 16 17 0 18 18 19 19 20 20 21 21 22 0 23 23 24 0 25 25 26 G -1 0 -1 0 -1 0 -1 0 -1 0 -1 0 -1 0 -1 0 -1 0 -1 0 -1 0 -1 0 -1 0 -1 0 -1 0 -1 0 -1 0 -1 0 -1 0 -1 0 -1 0 -1 0 0 0 0 0 0 1 0 1
27 0 1 1 2 2 3 3 4 4 5 5 6 6 7 7 8 8 9 9 10 10 11 11 12 12 13 13 14 14 15 15 16 16 17 0 18 18 19 19 20 20 21 21 22 0 23 23 24 0 25 0 26 G -1 0 -1 0 -1 0 -1 0 -1 0 -1 0 -1 0 -1 0 -1 0 -1 0 -1 0 -1 0 -1 0 -1 0 -1 0 -1 0 -1 0 -1 0 -1 0 -1 0 -1 0 -1 0 -1 0 -1 0 -1 0 -1 0
27 0 1 1 2 2 3 3 4 4 5 5 6 6 7 7 8 8 9 9 10 10 11 11 12 12 13 13 14 14 15 15 16 16 17 0 18 18 19 19 20 20 21 21 22 0 23 0 24 0 25 0 26 G -1 0 -1 0 -1 0 -1 0 -1 0 -1 0 -1 0 -1 0 -1 0 -1 0 -1 0 -1 0 -1 0 -1 0 -1 0 -1 0 -1 0 -1 0 -1 0 -1 0 -1 0 -1 0 -1 0 -1 0 -1 0 -1 0
27 0 1 1 2 2 3 3 4 4 5 5 6 6 7 7 8 8 9 9 10 10 11 11 12 12 13 13 14 14 15 15 16 16 17 0 18 18 19 19 20 20 21 0 22 22 23 23 24 24 25 0 26 G -1 0 -1 0 -1 0 -1 0 -1 0 -1 0 -1 0 -1 0 -1 0 -1 0 -1 0 -1 0 -1 0 -1 0 -1 0 -1 0 -1 0 0 0 0 0 0 0 0 0 0 1 0 1 0 1 0 1 -1 0
27 0 1 1 2 2 3 3 4 4 5 5 6 6 7 7 8 8 9 9 10 10 11 11 12 12 13 13 14 14 15 15 16 16 17 0 18 18 19 19 20 20 21 0 22 22 23 23 24 0 25 25 26 G -1 0 -1 0 -1 0 -1 0 -1 0 -1 0 -1 0 -1 0 -1 0 -1 0 -1 0 -1 0 -1 0 -1 0 -1 0 -1 0 -1 0 -1 0 -1 0 -1 0 -1 0 -1 0 -1 0 -1 0 -1 0 -1 0
27 0 1 1 2 2 3 3 4 4 5 5 6 6 7 7 8 8 9 9 10 10 11 11 12 12 13 13 14 14 15 15 16 16 17 0 18 18 19 19 20 20 21 0 22 22 23 23 24 0 25 0 26 G -1 0 -1 0 -1 0 -1 0 -1 0 -1 0 -1 0 -1 0 -1 0 -1 0 -1 0 -1 0 -1 0 -1 0 -1 0 -1 0 -1 0 -1 0 -1 0 -1 0 -1 0 -1 0 -1 0 -1 0 -1 0 -1 0
27 0 1 1 2 2 3 3 4 4 5 5 6 6 7 7 8 8 9 9 10 10 11 11 12 12 13 13 14 14 15 15 16 16 17 0 18 18 19 19 20 20 21 0 22 22 23 0 24 24 25 0 26 G -1 0 -1 0 -1 0 -1 0 -1 0 -1 0 -1 0 -1 0 -1 0 -1 0 -1 0 -1 0 -1 0 -1 0 -1 0 -1 0 -1 0 -1 0 -1 0 -1 0 -1 0 0 0 0 0 0 1 0 1 -1 0
27 0 1 1 2 2 3 3 4 4 5 5 6 6 7 7 8 8 9 9 10 10 11 11 12 12 13 13 14 14 15 15 16 16 17 0 18 18 19 19 20 20 21 0 22 22 23 0 24 0 25 0 26 G -1 0 -1 0 -1 0 -1 0 -1 0 -1 0 -1 0 -1 0 -1 0 -1 0 -1 0 -1 0 -1 0 -1 0 -1 0 -1 0 -1 0 -1 0 -1 0 -1 0 -1 0 -1 0 -1 0 -1 0 -1 0 -1 0
27 0 1 1 2 2 3 3 4 4 5 5 6 6 7 7 8 8 9 9 10 10 11 11 12 12 13 13 14 14 15 15 16 16 17 0 18 18 19 19 20 20 21 0 22 0 23 0 24 0 25 0 26 G -1 0 -1 0 -1 0 -1 0 -1 0 -1 0 -1 0 -1 0 -1 0 -1 0 -1 0 -1 0 -1 0 -1 0 -1 0 -1 0 -1 0 -1 0 -1 0 -1 0 -1 0 -1 0 -1 0 -1 0 -1 0 -1 0
27 0 1 1 2 2 3 3 4 4 5 5 6 6 7 7 8 8 9 9 10 10 11 11 12 12 13 13 14 14 15 15 16 16 17 0 18 18 19 19 20 0 21 21 22 22 23 0 24 24 25 25 26 G -1 0 -1 0 -1 0 -1 0 -1 0 -1 0 -1 0 -1 0 -1 0 -1 0 -1 0 -1 0 -1 0 -1 0 -1 0 -1 0 -1 0 0 0 0 0 0 0 0 1 0 1 0 1 0 2 0 2 0 2
27 0 1 1 2 2 3 3 4 4 5 5 6 6 7 7 8 8 9 9 10 10 11 11 12 12 13 13 14 14 15 15 16 16 17 0 18 18 19 19 20 0 21 21 22 22 23 0 24 24 25 0 26 G -1 0 -1 0 -1 0 -1 0 -1 0 -1 0 -1 0 -1 0 -1 0 -1 0 -1 0 -1 0 -1 0 -1 0 -1 0 -1 0 -1 0 0 0 0 0 0 0 0 1 0 1 0 1 -1 0 -1 0 -1 0
27 0 1 1 2 2 3 3 4 4 5 5 6 6 7 7 8 8 9 9 10 10 11 11 12 12 13 13 14 14 15 15 16 16 17 0 18 18 19 19 20 0 21 21 22 22 23 0 24 0 25 0 26 G -1 0 -1 0 -1 0 -1 0 -1 0 -1 0 -1 0 -1 0 -1 0 -1 0 -1 0 -1 0 -1 0 -1 0 -1 0 -1 0 -1 0 0 0 0 0 0 0 0 1 0 1 0 1 -1 0 -1 0 -1 0
27 0 1 1 2 2 3 3 4 4 5 5 6 6 7 7 8 8 9 9 10 10 11 11 12 12 13 13 14 14 15 15 16 16 17 0 18 18 19 19 20 0 21 21 22 0 23 23 24 0 25 25 26 G -1 0 -1 0 -1 0 -1 0 -1 0 -1 0 -1 0 -1 0 -1 0 -1 0 -1 0 -1 0 -1 0 -1 0 -1 0 -1 0 -1 0 -1 0 -1 0 -1 0 0 0 0 0 0 1 0 1 0 2 0 2
27 0 1 1 2 2 3 3 4 4 5 5 6 6 7 7 8 8 9 9 10 10 11 11 12 12 13 13 14 14 15 15 16 16 17 0 18 18 19 19 20 0 21 21 22 0 23 23 24 0 25 0 26 G -1 0 -1 0 -1 0 -1 0 -1 0 -1 0 -1 0 -1 0 -1 0 -1 0 -1 0 -1 0 -1 0 -1 0 -1 0 -1 0 -1 0 -1 0 -1 0 -1 0 0 0 0 0 0 1 0 1 -1 0 -1 0
27 0 1 1 2 2 3 3 4 4 5 5 6 6 7 7 8 8 9 9 10 10 11 11 12 12 13 13 14 14 15 15 16 16 17 0 18 18 19 19 20 0 21 21 22 0 23 0 24 0 25 0 26 G -1 0 -1 0 -1 0 -1 0 -1 0 -1 0 -1 0 -1 0 -1 0 -1 0 -1 0 -1 0 -1 0 -1 0 -1 0 -1 0 -1 0 -1 0 -1 0 -1 0 -1 0 -1 0 -1 0 -1 0 -1 0 -1 0
27 0 1 1 2 2 3 3 4 4 5 5 6 6 7 7 8 8 9 9 10 10 11 11 12 12 13 13 14 14 15 15 16 16 17 0 18 18 19 19 20 0 21 0 22 0 23 0 24 0 25 0 26 G -1 0 -1 0 -1 0 -1 0 -1 0 -1 0 -1 0 -1 0 -1 0 -1 0 -1 0 -1 0 -1 0 -1 0 -1 0 -1 0 -1 0 -1 0 -1 0 -1 0 -1 0 -1 0 -1 0 -1 0 -1 0 -1 0
27 0 1 1 2 2 3 3 4 4 5 5 6 6 7 7 8 8 9 9 10 10 11 11 12 12 13 13 14 14 15 15 16 16 17 0 18 18 19 0 20 20 21 0 22 22 23 0 24 24 25 0 26 G -1 0 -1 0 -1 0 -1 0 -1 0 -1 0 -1 0 -1 0 -1 0 -1 0 -1 0 -1 0 -1 0 -1 0 -1 0 -1 0 -1 0 0 0 0 0 0 1 0 1 0 2 0 2 0 3 0 3 -1 0
27 0 1 1 2 2 3 3 4 4 5 5 6 6 7 7 8 8 9 9 10 10 11 11 12 12 13 13 14 14 15 15 16 16 17 0 18 18 19 0 20 20 21 0 22 22 23 0 24 0 25 0 26 G -1 0 -1 0 -1 0 -1 0 -1 0 -1 0 -1 0 -1 0 -1 0 -1 0 -1 0 -1 0 -1 0 -1 0 -1 0 -1 0 -1 0 0 0 0 0 0 1 0 1 0 2 0 2 -1 0 -1 0 -1 0
27 0 1 1 2 2 3 3 4 4 5 5 6 6 7 7 8 8 9 9 10 10 11 11 12 12 13 13 14 14 15 15 16 16 17 0 18 18 19 0 20 20 21 0 22 0 23 0 24 0 25 0 26 G -1 0 -1 0 -1 0 -1 0 -1 0 -1 0 -1 0 -1 0 -1 0 -1 0 -1 0 -1 0 -1 0 -1 0 -1 0 -1 0 -1 0 0 0 0 0 0 1 0 1 -1 0 -1 0 -1 0 -1 0 -1 0
27 0 1 1 2 2 3 3 4 4 5 5 6 6 7 7 8 8 9 9 10 10 11 11 12 12 13 13 14 14 15 15 16 16 17 0 18 18 19 0 20 0 21 0 22 0 23 0 24 0 25 0 26 G -1 0 -1 0 -1 0 -1 0 -1 0 -1 0 -1 0 -1 0 -1 0 -1 0 -1 0 -1 0 -1 0 -1 0 -1 0 -1 0 -1 0 -1 0 -1 0 -1 0 -1 0 -1 0 -1 0 -1 0 -1 0 -1 0
27 0 1 1 2 2 3 3 4 4 5 5 6 6 7 7 8 8 9 9 10 10 11 11 12 12 13 13 14 14 15 15 16 16 17 0 18 0 19 0 20 0 21 0 22 0 23 0 24 0 25 0 26 G -1 0 -1 0 -1 0 -1 0 -1 0 -1 0 -1 0 -1 0 -1 0 -1 0 -1 0 -1 0 -1 0 -1 0 -1 0 -1 0 -1 0 -1 0 -1 0 -1 0 -1 0 -1 0 -1 0 -1 0 -1 0 -1 0
27 0 1 1 2 2 3 3 4 4 5 5 6 6 7 7 8 8 9 9 10 10 11 11 12 12 13 13 14 14 15 15 16 0 17 17 18 18 19 19 20 20 21 21 22 22 23 23 24 24 25 0 26 G -1 0 -1 0 -1 0 -1 0 -1 0 -1 0 -1 0 -1 0 -1 0 -1 0 -1 0 -1 0 -1 0 -1 0 -1 0 -1 0 -1 0 -1 0 -1 0 -1 0 -1 0 -1 0 -1 0 -1 0 -1 0 -1 0
27 0 1 1 2 2 3 3 4 4 5 5 6 6 7 7 8 8 9 9 10 10 11 11 12 12 13 13 14 14 15 15 16 0 17 17 18 18 19 19 20 20 21 21 22 22 23 23 24 0 25 25 26 G -1 0 -1 0 -1 0 -1 0 -1 0 -1 0 -1 0 -1 0 -1 0 -1 0 -1 0 -1 0 -1 0 -1 0 -1 0 -1 0 -1 0 -1 0 -1 0 -1 0 -1 0 -1 0 -1 0 -1 0 -1 0 -1 0
27 0 1 1 2 2 3 3 4 4 5 5 6 6 7 7 8 8 9 9 10 10 11 11 12 12 13 13 14 14 15 15 16 0 17 17 18 18 19 19 20 20 21 21 22 22 23 23 24 0 25 0 26 G -1 0 -1 0 -1 0 -1 0 -1 0 -1 0 -1 0 -1 0 -1 0 -1 0 -1 0 -1 0 -1 0 -1 0 -1 0 -1 0 -1 0 -1 0 -1 0 -1 0 -1 0 -1 0 -1 0 -1 0 -1 0 -1 0
27 0 1 1 2 2 3 3 4 4 5 5 6 6 7 7 8 8 9 9 10 10 11 11 12 12 13 13 14 14 15 15 16 0 17 17 18 18 19 19 20 20 21 21 22 22 23 0 24 24 25 25 26 G -1 0 -1 0 -1 0 -1 0 -1 0 -1 0 -1 0 -1 0 -1 0 -1 0 -1 0 -1 0 -1 0 -1 0 -1 0 -1 0 -1 0 -1 0 -1 0 -1 0 -1 0 -1 0 -1 0 -1 0 -1 0 -1 0
27 0 1 1 2 2 3 3 4 4 5 5 6 6 7 7 8 8 9 9 10 10 11 11 12 12 13 13 14 14 15 15 16 0 17 17 18 18 19 19 20 20 21 21 22 22 23 0 24 24 25 0 26 G -1 0 -1 0 -1 0 -1 0 -1 0 -1 0 -1 0 -1 0 -1 0 -1 0 -1 0 -1 0 -1 0 -1 0 -1 0 -1 0 -1 0 -1 0 -1 0 -1 0 -1 0 -1 0 -1 0 -1 0 -1 0 -1 0
27 0 1 1 2 2 3 3 4 4 5 5 6 6 7 7 8 8 9 9 10 10 11 11 12 12 13 13 14 14 15 15 16 0 17 17 18 18 19 19 20 20 21 21 22 22 23 0 24 0 25 0 26 G -1 0 -1 0 -1 0 -1 0 -1 0 -1 0 -1 0 -1 0 -1 0 -1 0 -1 0 -1 0 -1 0 -1 0 -1 0 -1 0 -1 0 -1 0 -1 0 -1 0 -1 0 -1 0 -1 0 -1 0 -1 0 -1 0
27 0 1 1 2 2 3 3 4 4 5 5 6 6 7 7 8 8 9 9 10 10 11 11 12 12 13 13 14 14 15 15 16 0 17 17 18 18 19 19 20 20 21 21 22 0 23 23 24 24 25 25 26 G -1 0 -1 0 -1 0 -1 0 -1 0 -1 0 -1 0 -1 0 -1 0 -1 0 -1 0 -1 0 -1 0 -1 0 -1 0 -1 0 -1 0 -1 0 -1 0 -1 0 -1 0 -1 0 -1 0 -1 0 -1 0 -1 0
27 0 1 1 2 2 3 3 4 4 5 5 6 6 7 7 8 8 9 9 10 10 11 11 12 12 13 13 14 14 15 15 16 0 17 17 18 18 19 19 20 20 21 21 22 0 23 23 24 24 25 0 26 G -1 0 -1 0 -1 0 -1 0 -1 0 -1 0 -1 0 -1 0 -1 0 -1 0 -1 0 -1 0 -1 0 -1 0 -1 0 -1 0 -1 0 -1 0 -1 0 -1 0 -1 0 -1 0 -1 0 -1 0 -1 0 -1 0
27 0 1 1 2 2 3 3 4 4 5 5 6 6 7 7 8 8 9 9 10 10 11 11 12 12 13 13 14 14 15 15 16 0 17 17 18 18 19 19 20 20 21 21 22 0 23 23 24 0 25 25 26 G -1 0 -1 0 -1 0 -1 0 -1 0 -1 0 -1 0 -1 0 -1 0 -1 0 -1 0 -1 0 -1 0 -1 0 -1 0 -1 0 -1 0 -1 0 -1 0 -1 0 -1 0 -1 0 0 0 0 0 0 1 0 1
27 0 1 1 2 2 3 3 4 4 5 5 6 6 7 7 8 8 9 9 10 10 11 11 12 12 13 13 14 14 15 15 16 0 17 17 18 18 19 19 20 20 21 21 22 0 23 23 24 0 25 0 26 G -1 0 -1 0 -1 0 -1 0 -1 0 -1 0 -1 0 -1 0 -1 0 -1 0 -1 0 -1 0 -1 0 -1 0 -1 0 -1 0 -1 0 -1 0 -1 0 -1 0 -1 0 -1 0 -1 0 -1 0 -1 0 -1 0
27 0 1 1 2 2 3 3 4 4 5 5 6 6 7 7 8 8 9 9 10 10 11 11 12 12 13 13 14 14 15 15 16 0 17 17 18 18 19 19 20 20 21 21 22 0 23 0 24 0 25 0 26 G -1 0 -1 0 -1 0 -1 0 -1 0 -1 0 -1 0 -1 0 -1 0 -1 0 -1 0 -1 0 -1 0 -1 0 -1 0 -1 0 -1 0 -1 0 -1 0 -1 0 -1 0 -1 0 -1 0 -1 0 -1 0 -1 0
27 0 1 1 2 2 3 3 4 4 5 5 6 6 7 7 8 8 9 9 10 10 11 11 12 12 13 13 14 14 15 15 16 0 17 17 18 18 19 19 20 20 21 0 22 22 23 23 24 24 25 25 26 G -1 0 -1 0 -1 0 -1 0 -1 0 -1 0 -1 0 -1 0 -1 0 -1 0 -1 0 -1 0 -1 0 -1 0 -1 0 -1 0 0 0 0 0 0 0 0 0 0 0 0 1 0 1 0 1 0 1 0 1
27 0 1 1 2 2 3 3 4 4 5 5 6 6 7 7 8 8 9 9 10 10 11 11 12 12 13 13 14 14 15 15 16 0 17 17 18 18 19 19 20 20 21 0 22 22 23 23 24 24 25 0 26 G -1 0 -1 0 -1 0 -1 0 -1 0 -1 0 -1 0 -1 0 -1 0 -1 0 -1 0 -1 0 -1 0 -1 0 -1 0 -1 0 -1 0 -1 0 -1 0 -1 0 -1 0 -1 0 -1 0 -1 0 -1 0 -1 0
27 0 1 1 2 2 3 3 4 4 5 5 6 6 7 7 8 8 9 9 10 10 11 11 12 12 13 13 14 14 15 15 16 0 17 17 18 18 19 19 20 20 21 0 22 22 23 23 24 0 25 25 26 G -1 0 -1 0 -1 0 -1 0 -1 0 -1 0 -1 0 -1 0 -1 0 -1 0 -1 0 -1 0 -1 0 -1 0 -1 0 -1 0 -1 0 -1 0 -1 0 -1 0 -1 0 -1 0 -1 0 -1 0 -1 0 -1 0
27 0 1 1 2 2 3 3 4 4 5 5 6 6 7 7 8 8 9 9 10 10 11 11 12 12 13 13 14 14 15 15 16 0 17 17 18 18 19 19 20 20 21 0 22 22 23 23 24 0 25 0 26 G -1 0 -1 0 -1 0 -1 0 -1 0 -1 0 -1 0 -1 0 -1 0 -1 0 -1 0 -1 0 -1 0 -1 0 -1 0 -1 0 -1 0 -1 0 -1 0 -1 0 -1 0 -1 0 -1 0 -1 0 -1 0 -1 0
27 0 1 1 2 2 3 3 4 4 5 5 6 6 7 7 8 8 9 9 10 10 11 11 12 12 13 13 14 14 15 15 16 0 17 17 18 18 19 19 20 20 21 0 22 22 23 0 24 24 25 0 26 G -1 0 -1 0 -1 0 -1 0 -1 0 -1 0 -1 0 -1 0 -1 0 -1 0 -1 0 -1 0 -1 0 -1 0 -1 0 -1 0 -1 0 -1 0 -1 0 -1 0 -1 0 0 0 0 0 0 1 0 1 -1 0
27 0 1 1 2 2 3 3 4 4 5 5 6 6 7 7 8 8 9 9 10 10 11 11 12 12 13 13 14 14 15 15 16 0 17 17 18 18 19 19 20 20 21 0 22 22 23 0 24 0 25 0 26 G -1 0 -1 0 -1 0 -1 0 -1 0 -1 0 -1 0 -1 0 -1 0 -1 0 -1 0 -1 0 -1 0 -1 0 -1 0 -1 0 -1 0 -1 0 -1 0 -1 0 -1 0 -1 0 -1 0 -1 0 -1 0 -1 0
27 0 1 1 2 2 3 3 4 4 5 5 6 6 7 7 8 8 9 9 10 10 11 11 12 12 13 13 14 14 15 15 16 0 17 17 18 18 19 19 20 20 21 0 22 0 23 0 24 0 25 0 26 G -1 0 -1 0 -1 0 -1 0 -1 0 -1 0 -1 0 -1 0 -1 0 -1 0 -1 0 -1 0 -1 0 -1 0 -1 0 -1 0 -1 0 -1 0 -1 0 -1 0 -1 0 -1 0 -1 0 -1 0 -1 0 -1 0
27 0 1 1 2 2 3 3 4 4 5 5 6 6 7 7 8 8 9 9 10 10 11 11 12 12 13 13 14 14 15 15 16 0 17 17 18 18 19 19 20 0 21 21 22 22 23 23 24 0 25 25 26 G -1 0 -1 0 -1 0 -1 0 -1 0 -1 0 -1 0 -1 0 -1 0 -1 0 -1 0 -1 0 -1 0 -1 0 -1 0 -1 0 0 0 0 0 0 0 0 0 0 1 0 1 0 1 0 1 -1 0 -1 0
27 0 1 1 2 2 3 3 4 4 5 5 6 6 7 7 8 8 9 9 10 10 11 11 12 12 13 13 14 14 15 15 16 0 17 17 18 18 19 19 20 0 21 21 22 22 23 23 24 0 25 0 26 G -1 0 -1 0 -1 0 -1 0 -1 0 -1 0 -1 0 -1 0 -1 0 -1 0 -1 0 -1 0 -1 0 -1 0 -1 0 -1 0 0 0 0 0 0 0 0 0 0 1 0 1 0 1 0 1 -1 0 -1 0
27 0 1 1 2 2 3 3 4 4 5 5 6 6 7 7 8 8 9 9 10 10 11 11 12 12 13 13 14 14 15 15 16 0 17 17 18 18 19 19 20 0 21 21 22 22 23 0 24 24 25 25 26 G -1 0 -1 0 -1 0 -1 0 -1 0 -1 0 -1 0 -1 0 -1 0 -1 0 -1 0 -1 0 -1 0 -1 0 -1 0 -1 0 -1 0 -1 0 -1 0 -1 0 0 0 0 0 0 0 0 1 0 1 0 1
27 0 1 1 2 2 3 3 4 4 5 5 6 6 7 7 8 8 9 9 10 10 11 11 12 12 13 13 14 14 15 15 16 0 17 17 18 18 19 19 20 0 21 21 22 22 23 0 24 24 25 0 26 G -1 0 -1 0 -1 0 -1 0 -1 0 -1 0 -1 0 -1 0 -1 0 -1 0 -1 0 -1 0 -1 0 -1 0 -1 0 -1 0 -1 0 -1 0 -1 0 -1 0 -1 0 -1 0 -1 0 -1 0 -1 0 -1 0
27 0 1 1 2 2 3 3 4 4 5 5 6 6 7 7 8 8 9 9 10 10 11 11 12 12 13 13 14 14 15 15 16 0 17 17 18 18 19 19 20 0 21 21 22 22 23 0 24 0 25 0 26 G -1 0 -1 0 -1 0 -1 0 -1 0 -1 0 -1 0 -1 0 -1 0 -1 0 -1 0 -1 0 -1 0 -1 0 -1 0 -1 0 -1 0 -1 0 -1 0 -1 0 -1 0 -1 0 -1 0 -1 0 -1 0 -1 0
27 0 1 1 2 2 3 3 4 4 5 5 6 6 7 7 8 8 9 9 10 10 11 11 12 12 13 13 14 14 15 15 16 0 17 17 18 18 19 19 20 0 21 21 22 0 23 23 24 0 25 25 26 G -1 0 -1 0 -1 0 -1 0 -1 0 -1 0 -1 0 -1 0 -1 0 -1 0 -1 0 -1 0 -1 0 -1 0 -1 0 -1 0 -1 0 -1 0 -1 0 -1 0 0 0 0 0 0 1 0 1 0 2 0 2
27 0 1 1 2 2 3 3 4 4 5 5 6 6 7 7 8 8 9 9 10 10 11 11 12 12 13 13 14 14 15 15 16 0 17 17 18 18 19 19 20 0 21 21 22 0 23 23 24 0 25 0 26 G -1 0 -1 0 -1 0 -1 0 -1 0 -1 0 -1 0 -1 0 -1 0 -1 0 -1 0 -1 0 -1 0 -1 0 -1 0 -1 0 -1 0 -1 0 -1 0 -1 0 0 0 0 0 0 1 0 1 -1 0 -1 0
27 0 1 1 2 2 3 3 4 4 5 5 6 6 7 7 8 8 9 9 10 10 11 11 12 12 13 13 14 14 15 15 16 0 17 17 18 18 19 19 20 0 21 21 22 0 23 0 24 0 25 0 26 G -1 0 -1 0 -1 0 -1 0 -1 0 -1 0 -1 0 -1 0 -1 0 -1 0 -1 0 -1 0 -1 0 -1 0 -1 0 -1 0 -1 0 -1 0 -1 0 -1 0 -1 0 -1 0 -1 0 -1 0 -1 0 -1 0
27 0 1 1 2 2 3 3 4 4 5 5 6 6 7 7 8 8 9 9 10 10 11 11 12 12 13 13 14 14 15 15 16 0 17 17 18 18 19 19 20 0 21 0 22 0 23 0 24 0 25 0 26 G -1 0 -1 0 -1 0 -1 0 -1 0 -1 0 -1 0 -1 0 -1 0 -1 0 -1 0 -1 0 -1 0 -1 0 -1 0 -1 0 -1 0 -1 0 -1 0 -1 0 -1 0 -1 0 -1 0 -1 0 -1 0 -1 0
27 0 1 1 2 2 3 3 4 4 5 5 6 6 7 7 8 8 9 9 10 10 11 11 12 12 13 13 14 14 15 15 16 0 17 17 18 18 19 0 20 20 21 21 22 0 23 23 24 24 25 0 26 G -1 0 -1 0 -1 0 -1 0 -1 0 -1 0 -1 0 -1 0 -1 0 -1 0 -1 0 -1 0 -1 0 -1 0 -1 0 -1 0 0 0 0 0 0 0 0 1 0 1 0 1 0 2 0 2 0 2 -1 0
27 0 1 1 2 2 3 3 4 4 5 5 6 6 7 7 8 8 9 9 10 10 11 11 12 12 13 13 14 14 15 15 16 0 17 17 18 18 19 0 20 20 21 21 22 0 23 23 24 0 25 25 26 G -1 0 -1 0 -1 0 -1 0 -1 0 -1 0 -1 0 -1 0 -1 0 -1 0 -1 0 -1 0 -1 0 -1 0 -1 0 -1 0 1 0 1 0 1 0 1 1 1 1 1 1 0 0 0 0 0 1 0 1
27 0 1 1 2 2 3 3 4 4 5 5 6 6 7 7 8 8 9 9 10 10 11 11 12 12 13 13 14 14 15 15 16 0 17 17 18 18 19 0 20 20 21 21 22 0 23 23 24 0 25 0 26 G -1 0 -1 0 -1 0 -1 0 -1 0 -1 0 -1 0 -1 0 -1 0 -1 0 -1 0 -1 0 -1 0 -1 0 -1 0 -1 0 0 0 0 0 0 0 0 1 0 1 0 1 -1 0 -1 0 -1 0 -1 0
27 0 1 1 2 2 3 3 4 4 5 5 6 6 7 7 8 8 9 9 10 10 11 11 12 12 13 13 14 14 15 15 16 0 17 17 18 18 19 0 20 20 21 21 22 0 23 0 24 0 25 0 26 G -1 0 -1 0 -1 0 -1 0 -1 0 -1 0 -1 0 -1 0 -1 0 -1 0 -1 0 -1 0 -1 0 -1 0 -1 0 -1 0 0 0 0 0 0 0 0 1 0 1 0 1 -1 0 -1 0 -1 0 -1 0
27 0 1 1 2 2 3 3 4 4 5 5 6 6 7 7 8 8 9 9 10 10 11 11 12 12 13 13 14 14 15 15 16 0 17 17 18 18 19 0 20 20 21 0 22 22 23 0 24 24 25 0 26 G -1 0 -1 0 -1 0 -1 0 -1 0 -1 0 -1 0 -1 0 -1 0 -1 0 -1 0 -1 0 -1 0 -1 0 -1 0 -1 0 -1 0 -1 0 -1 0 0 0 0 0 0 1 0 1 0 2 0 2 -1 0
27 0 1 1 2 2 3 3 4 4 5 5 6 6 7 7 8 8 9 9 10 10 11 11 12 12 13 13 14 14 15 15 16 0 17 17 18 18 19 0 20 20 21 0 22 22 23 0 24 0 25 0 26 G -1 0 -1 0 -1 0 -1 0 -1 0 -1 0 -1 0 -1 0 -1 0 -1 0 -1 0 -1 0 -1 0 -1 0 -1 0 -1 0 -1 0 -1 0 -1 0 0 0 0 0 0 1 0 1 -1 0 -1 0 -1 0
27 0 1 1 2 2 3 3 4 4 5 5 6 6 7 7 8 8 9 9 10 10 11 11 12 12 13 13 14 14 15 15 16 0 17 17 18 18 19 0 20 20 21 0 22 0 23 0 24 0 25 0 26 G -1 0 -1 0 -1 0 -1 0 -1 0 -1 0 -1 0 -1 0 -1 0 -1 0 -1 0 -1 0 -1 0 -1 0 -1 0 -1 0 -1 0 -1 0 -1 0 -1 0 -1 0 -1 0 -1 0 -1 0 -1 0 -1 0
27 0 1 1 2 2 3 3 4 4 5 5 6 6 7 7 8 8 9 9 10 10 11 11 12 12 13 13 14 14 15 15 16 0 17 17 18 18 19 0 20 0 21 0 22 0 23 0 24 0 25 0 26 G -1 0 -1 0 -1 0 -1 0 -1 0 -1 0 -1 0 -1 0 -1 0 -1 0 -1 0 -1 0 -1 0 -1 0 -1 0 -1 0 -1 0 -1 0 -1 0 -1 0 -1 0 -1 0 -1 0 -1 0 -1 0 -1 0
27 0 1 1 2 2 3 3 4 4 5 5 6 6 7 7 8 8 9 9 10 10 11 11 12 12 13 13 14 14 15 15 16 0 17 17 18 0 19 19 20 0 21 21 22 0 23 23 24 0 25 25 26 G -1 0 -1 0 -1 0 -1 0 -1 0 -1 0 -1 0 -1 0 -1 0 -1 0 -1 0 -1 0 -1 0 -1 0 -1 0 -1 0 0 0 0 0 0 1 0 1 0 2 0 2 0 3 0 3 0 4 0 4
27 0 1 1 2 2 3 3 4 4 5 5 6 6 7 7 8 8 9 9 10 10 11 11 12 12 13 13 14 14 15 15 16 0 17 17 18 0 19 19 20 0 21 21 22 0 23 23 24 0 25 0 26 G -1 0 -1 0 -1 0 -1 0 -1 0 -1 0 -1 0 -1 0 -1 0 -1 0 -1 0 -1 0 -1 0 -1 0 -1 0 -1 0 0 0 0 0 0 1 0 1 0 2 0 2 0 3 0 3 -1 0 -1 0
27 0 1 1 2 2 3 3 4 4 5 5 6 6 7 7 8 8 9 9 10 10 11 11 12 12 13 13 14 14 15 15 16 0 17 17 18 0 19 19 20 0 21 21 22 0 23 0 24 0 25 0 26 G -1 0 -1 0 -1 0 -1 0 -1 0 -1 0 -1 0 -1 0 -1 0 -1 0 -1 0 -1 0 -1 0 -1 0 -1 0 -1 0 0 0 0 0 0 1 0 1 0 2 0 2 -1 0 -1 0 -1 0 -1 0
27 0 1 1 2 2 3 3 4 4 5 5 6 6 7 7 8 8 9 9 10 10 11 11 12 12 13 13 14 14 15 15 16 0 17 17 18 0 19 19 20 0 21 0 22 0 23 0 24 0 25 0 26 G -1 0 -1 0 -1 0 -1 0 -1 0 -1 0 -1 0 -1 0 -1 0 -1 0 -1 0 -1 0 -1 0 -1 0 -1 0 -1 0 0 0 0 0 0 1 0 1 -1 0 -1 0 -1 0 -1 0 -1 0 -1 0
27 0 1 1 2 2 3 3 4 4 5 5 6 6 7 7 8 8 9 9 10 10 11 11 12 12 13 13 14 14 15 15 16 0 17 17 18 0 19 0 20 0 21 0 22 0 23 0 24 0 25 0 26 G -1 0 -1 0 -1 0 -1 0 -1 0 -1 0 -1 0 -1 0 -1 0 -1 0 -1 0 -1 0 -1 0 -1 0 -1 0 -1 0 -1 0 -1 0 -1 0 -1 0 -1 0 -1 0 -1 0 -1 0 -1 0 -1 0
27 0 1 1 2 2 3 3 4 4 5 5 6 6 7 7 8 8 9 9 10 10 11 11 12 12 13 13 14 14 15 15 16 0 17 0 18 0 19 0 20 0 21 0 22 0 23 0 24 0 25 0 26 G -1 0 -1 0 -1 0 -1 0 -1 0 -1 0 -1 0 -1 0 -1 0 -1 0 -1 0 -1 0 -1 0 -1 0 -1 0 -1 0 -1 0 -1 0 -1 0 -1 0 -1 0 -1 0 -1 0 -1 0 -1 0 -1 0
27 0 1 1 2 2 3 3 4 4 5 5 6 6 7 7 8 8 9 9 10 10 11 11 12 12 13 13 14 14 15 0 16 16 17 17 18 18 19 19 20 20 21 21 22 22 23 23 24 24 25 0 26 G -1 0 -1 0 -1 0 -1 0 -1 0 -1 0 -1 0 -1 0 -1 0 -1 0 -1 0 -1 0 -1 0 -1 0 -1 0 -1 0 -1 0 -1 0 -1 0 -1 0 -1 0 -1 0 -1 0 -1 0 -1 0 -1 0
27 0 1 1 2 2 3 3 4 4 5 5 6 6 7 7 8 8 9 9 10 10 11 11 12 12 13 13 14 14 15 0 16 16 17 17 18 18 19 19 20 20 21 21 22 22 23 23 24 0 25 25 26 G -1 0 -1 0 -1 0 -1 0 -1 0 -1 0 -1 0 -1 0 -1 0 -1 0 -1 0 -1 0 -1 0 -1 0 -1 0 -1 0 -1 0 -1 0 -1 0 -1 0 -1 0 -1 0 -1 0 -1 0 -1 0 -1 0
27 0 1 1 2 2 3 3 4 4 5 5 6 6 7 7 8 8 9 9 10 10 11 11 12 12 13 13 14 14 15 0 16 16 17 17 18 18 19 19 20 20 21 21 22 22 23 23 24 0 25 0 26 G -1 0 -1 0 -1 0 -1 0 -1 0 -1 0 -1 0 -1 0 -1 0 -1 0 -1 0 -1 0 -1 0 -1 0 -1 0 -1 0 -1 0 -1 0 -1 0 -1 0 -1 0 -1 0 -1 0 -1 0 -1 0 -1 0
27 0 1 1 2 2 3 3 4 4 5 5 6 6 7 7 8 8 9 9 10 10 11 11 12 12 13 13 14 14 15 0 16 16 17 17 18 18 19 19 20 20 21 21 22 22 23 0 24 24 25 25 26 G -1 0 -1 0 -1 0 -1 0 -1 0 -1 0 -1 0 -1 0 -1 0 -1 0 -1 0 -1 0 -1 0 -1 0 -1 0 -1 0 -1 0 -1 0 -1 0 -1 0 -1 0 -1 0 -1 0 -1 0 -1 0 -1 0
27 0 1 1 2 2 3 3 4 4 5 5 6 6 7 7 8 8 9 9 10 10 11 11 12 12 13 13 14 14 15 0 16 16 17 17 18 18 19 19 20 20 21 21 22 22 23 0 24 24 25 0 26 G -1 0 -1 0 -1 0 -1 0 -1 0 -1 0 -1 0 -1 0 -1 0 -1 0 -1 0 -1 0 -1 0 -1 0 -1 0 -1 0 -1 0 -1 0 -1 0 -1 0 -1 0 -1 0 -1 0 -1 0 -1 0 -1 0
27 0 1 1 2 2 3 3 4 4 5 5 6 6 7 7 8 8 9 9 10 10 11 11 12 12 13 13 14 14 15 0 16 16 17 17 18 18 19 19 20 20 21 21 22 22 23 0 24 0 25 0 26 G -1 0 -1 0 -1 0 -1 0 -1 0 -1 0 -1 0 -1 0 -1 0 -1 0 -1 0 -1 0 -1 0 -1 0 -1 0 -1 0 -1 0 -1 0 -1 0 -1 0 -1 0 -1 0 -1 0 -1 0 -1 0 -1 0
27 0 1 1 2 2 3 3 4 4 5 5 6 6 7 7 8 8 9 9 10 10 11 11 12 12 13 13 14 14 15 0 16 16 17 17 18 18 19 19 20 20 21 21 22 0 23 23 24 24 25 25 26 G -1 0 -1 0 -1 0 -1 0 -1 0 -1 0 -1 0 -1 0 -1 0 -1 0 -1 0 -1 0 -1 0 -1 0 -1 0 -1 0 -1 0 -1 0 -1 0 -1 0 -1 0 -1 0 -1 0 -1 0 -1 0 -1 0
27 0 1 1 2 2 3 3 4 4 5 5 6 6 7 7 8 8 9 9 10 10 11 11 12 12 13 13 14 14 15 0 16 16 17 17 18 18 19 19 20 20 21 21 22 0 23 23 24 24 25 0 26 G -1 0 -1 0 -1 0 -1 0 -1 0 -1 0 -1 0 -1 0 -1 0 -1 0 -1 0 -1 0 -1 0 -1 0 -1 0 -1 0 -1 0 -1 0 -1 0 -1 0 -1 0 -1 0 -1 0 -1 0 -1 0 -1 0
27 0 1 1 2 2 3 3 4 4 5 5 6 6 7 7 8 8 9 9 10 10 11 11 12 12 13 13 14 14 15 0 16 16 17 17 18 18 19 19 20 20 21 21 22 0 23 23 24 0 25 25 26 G -1 0 -1 0 -1 0 -1 0 -1 0 -1 0 -1 0 -1 0 -1 0 -1 0 -1 0 -1 0 -1 0 -1 0 -1 0 -1 0 -1 0 -1 0 -1 0 -1 0 -1 0 -1 0 0 0 0 0 0 1 0 1
27 0 1 1 2 2 3 3 4 4 5 5 6 6 7 7 8 8 9 9 10 10 11 11 12 12 13 13 14 14 15 0 16 16 17 17 18 18 19 19 20 20 21 21 22 0 23 23 24 0 25 0 26 G -1 0 -1 0 -1 0 -1 0 -1 0 -1 0 -1 0 -1 0 -1 0 -1 0 -1 0 -1 0 -1 0 -1 0 -1 0 -1 0 -1 0 -1 0 -1 0 -1 0 -1 0 -1 0 -1 0 -1 0 -1 0 -1 0
27 0 1 1 2 2 3 3 4 4 5 5 6 6 7 7 8 8 9 9 10 10 11 11 12 12 13 13 14 14 15 0 16 16 17 17 18 18 19 19 20 20 21 21 22 0 23 0 24 0 25 0 26 G -1 0 -1 0 -1 0 -1 0 -1 0 -1 0 -1 0 -1 0 -1 0 -1 0 -1 0 -1 0 -1 0 -1 0 -1 0 -1 0 -1 0 -1 0 -1 0 -1 0 -1 0 -1 0 -1 0 -1 0 -1 0 -1 0
27 0 1 1 2 2 3 3 4 4 5 5 6 6 7 7 8 8 9 9 10 10 11 11 12 12 13 13 14 14 15 0 16 16 17 17 18 18 19 19 20 20 21 0 22 22 23 23 24 24 25 25 26 G -1 0 -1 0 -1 0 -1 0 -1 0 -1 0 -1 0 -1 0 -1 0 -1 0 -1 0 -1 0 -1 0 -1 0 -1 0 -1 0 -1 0 -1 0 -1 0 -1 0 -1 0 -1 0 -1 0 -1 0 -1 0 -1 0
27 0 1 1 2 2 3 3 4 4 5 5 6 6 7 7 8 8 9 9 10 10 11 11 12 12 13 13 14 14 15 0 16 16 17 17 18 18 19 19 20 20 21 0 22 22 23 23 24 24 25 0 26 G -1 0 -1 0 -1 0 -1 0 -1 0 -1 0 -1 0 -1 0 -1 0 -1 0 -1 0 -1 0 -1 0 -1 0 -1 0 -1 0 -1 0 -1 0 -1 0 -1 0 -1 0 -1 0 -1 0 -1 0 -1 0 -1 0
27 0 1 1 2 2 3 3 4 4 5 5 6 6 7 7 8 8 9 9 10 10 11 11 12 12 13 13 14 14 15 0 16 16 17 17 18 18 19 19 20 20 21 0 22 22 23 23 24 0 25 25 26 G -1 0 -1 0 -1 0 -1 0 -1 0 -1 0 -1 0 -1 0 -1 0 -1 0 -1 0 -1 0 -1 0 -1 0 -1 0 -1 0 -1 0 -1 0 -1 0 -1 0 -1 0 -1 0 -1 0 -1 0 -1 0 -1 0
27 0 1 1 2 2 3 3 4 4 5 5 6 6 7 7 8 8 9 9 10 10 11 11 12 12 13 13 14 14 15 0 16 16 17 17 18 18 19 19 20 20 21 0 22 22 23 23 24 0 25 0 26 G -1 0 -1 0 -1 0 -1 0 -1 0 -1 0 -1 0 -1 0 -1 0 -1 0 -1 0 -1 0 -1 0 -1 0 -1 0 -1 0 -1 0 -1 0 -1 0 -1 0 -1 0 -1 0 -1 0 -1 0 -1 0 -1 0
27 0 1 1 2 2 3 3 4 4 5 5 6 6 7 7 8 8 9 9 10 10 11 11 12 12 13 13 14 14 15 0 16 16 17 17 18 18 19 19 20 20 21 0 22 22 23 0 24 24 25 0 26 G -1 0 -1 0 -1 0 -1 0 -1 0 -1 0 -1 0 -1 0 -1 0 -1 0 -1 0 -1 0 -1 0 -1 0 -1 0 -1 0 -1 0 -1 0 -1 0 -1 0 -1 0 0 0 0 0 0 1 0 1 -1 0
27 0 1 1 2 2 3 3 4 4 5 5 6 6 7 7 8 8 9 9 10 10 11 11 12 12 13 13 14 14 15 0 16 16 17 17 18 18 19 19 20 20 21 0 22 22 23 0 24 0 25 0 26 G -1 0 -1 0 -1 0 -1 0 -1 0 -1 0 -1 0 -1 0 -1 0 -1 0 -1 0 -1 0 -1 0 -1 0 -1 0 -1 0 -1 0 -1 0 -1 0 -1 0 -1 0 -1 0 -1 0 -1 0 -1 0 -1 0
27 0 1 1 2 2 3 3 4 4 5 5 6 6 7 7 8 8 9 9 10 10 11 11 12 12 13 13 14 14 15 0 16 16 17 17 18 18 19 19 20 20 21 0 22 0 23 0 24 0 25 0 26 G -1 0 -1 0 -1 0 -1 0 -1 0 -1 0 -1 0 -1 0 -1 0 -1 0 -1 0 -1 0 -1 0 -1 0 -1 0 -1 0 -1 0 -1 0 -1 0 -1 0 -1 0 -1 0 -1 0 -1 0 -1 0 -1 0
27 0 1 1 2 2 3 3 4 4 5 5 6 6 7 7 8 8 9 9 10 10 11 11 12 12 13 13 14 14 15 0 16 16 17 17 18 18 19 19 20 0 21 21 22 22 23 23 24 24 25 0 26 G -1 0 -1 0 -1 0 -1 0 -1 0 -1 0 -1 0 -1 0 -1 0 -1 0 -1 0 -1 0 -1 0 -1 0 -1 0 0 0 0 0 0 0 0 0 0 0 0 1 0 1 0 1 0 1 0 1 -1 0
27 0 1 1 2 2 3 3 4 4 5 5 6 6 7 7 8 8 9 9 10 10 11 11 12 12 13 13 14 14 15 0 16 16 17 17 18 18 19 19 20 0 21 21 22 22 23 23 24 0 25 25 26 G -1 0 -1 0 -1 0 -1 0 -1 0 -1 0 -1 0 -1 0 -1 0 -1 0 -1 0 -1 0 -1 0 -1 0 -1 0 -1 0 -1 0 -1 0 -1 0 -1 0 -1 0 -1 0 -1 0 -1 0 -1 0 -1 0
27 0 1 1 2 2 3 3 4 4 5 5 6 6 7 7 8 8 9 9 10 10 11 11 12 12 13 13 14 14 15 0 16 16 17 17 18 18 19 19 20 0 21 21 22 22 23 23 24 0 25 0 26 G -1 0 -1 0 -1 0 -1 0 -1 0 -1 0 -1 0 -1 0 -1 0 -1 0 -1 0 -1 0 -1 0 -1 0 -1 0 -1 0 -1 0 -1 0 -1 0 -1 0 -1 0 -1 0 -1 0 -1 0 -1 0 -1 0
27 0 1 1 2 2 3 3 4 4 5 5 6 6 7 7 8 8 9 9 10 10 11 11 12 12 13 13 14 14 15 0 16 16 17 17 18 18 19 19 20 0 21 21 22 22 23 0 24 24 25 25 26 G -1 0 -1 0 -1 0 -1 0 -1 0 -1 0 -1 0 -1 0 -1 0 -1 0 -1 0 -1 0 -1 0 -1 0 -1 0 -1 0 -1 0 -1 0 -1 0 -1 0 0 0 0 0 0 0 0 1 0 1 0 1
27 0 1 1 2 2 3 3 4 4 5 5 6 6 7 7 8 8 9 9 10 10 11 11 12 12 13 13 14 14 15 0 16 16 17 17 18 18 19 19 20 0 21 21 22 22 23 0 24 24 25 0 26 G -1 0 -1 0 -1 0 -1 0 -1 0 -1 0 -1 0 -1 0 -1 0 -1 0 -1 0 -1 0 -1 0 -1 0 -1 0 -1 0 -1 0 -1 0 -1 0 -1 0 -1 0 -1 0 -1 0 -1 0 -1 0 -1 0
27 0 1 1 2 2 3 3 4 4 5 5 6 6 7 7 8 8 9 9 10 10 11 11 12 12 13 13 14 14 15 0 16 16 17 17 18 18 19 19 20 0 21 21 22 22 23 0 24 0 25 0 26 G -1 0 -1 0 -1 0 -1 0 -1 0 -1 0 -1 0 -1 0 -1 0 -1 0 -1 0 -1 0 -1 0 -1 0 -1 0 -1 0 -1 0 -1 0 -1 0 -1 0 -1 0 -1 0 -1 0 -1 0 -1 0 -1 0
27 0 1 1 2 2 3 3 4 4 5 5 6 6 7 7 8 8 9 9 10 10 11 11 12 12 13 13 14 14 15 0 16 16 17 17 18 18 19 19 20 0 21 21 22 0 23 23 24 0 25 25 26 G -1 0 -1 0 -1 0 -1 0 -1 0 -1 0 -1 0 -1 0 -1 0 -1 0 -1 0 -1 0 -1 0 -1 0 -1 0 -1 0 -1 0 -1 0 -1 0 -1 0 0 0 0 0 0 1 0 1 0 2 0 2
27 0 1 1 2 2 3 3 4 4 5 5 6 6 7 7 8 8 9 9 10 10 11 11 12 12 13 13 14 14 15 0 16 16 17 17 18 18 19 19 20 0 21 21 22 0 23 23 24 0 25 0 26 G -1 0 -1 0 -1 0 -1 0 -1 0 -1 0 -1 0 -1 0 -1 0 -1 0 -1 0 -1 0 -1 0 -1 0 -1 0 -1 0 -1 0 -1 0 -1 0 -1 0 0 0 0 0 0 1 0 1 -1 0 -1 0
27 0 1 1 2 2 3 3 4 4 5 5 6 6 7 7 8 8 9 9 10 10 11 11 12 12 13 13 14 14 15 0 16 16 17 17 18 18 19 19 20 0 21 21 22 0 23 0 24 0 25 0 26 G -1 0 -1 0 -1 0 -1 0 -1 0 -1 0 -1 0 -1 0 -1 0 -1 0 -1 0 -1 0 -1 0 -1 0 -1 0 -1 0 -1 0 -1 0 -1 0 -1 0 -1 0 -1 0 -1 0 -1 0 -1 0 -1 0
27 0 1 1 2 2 3 3 4 4 5 5 6 6 7 7 8 8 9 9 10 10 11 11 12 12 13 13 14 14 15 0 16 16 17 17 18 18 19 19 20 0 21 0 22 0 23 0 24 0 25 0 26 G -1 0 -1 0 -1 0 -1 0 -1 0 -1 0 -1 0 -1 0 -1 0 -1 0 -1 0 -1 0 -1 0 -1 0 -1 0 -1 0 -1 0 -1 0 -1 0 -1 0 -1 0 -1 0 -1 0 -1 0 -1 0 -1 0
27 0 1 1 2 2 3 3 4 4 5 5 6 6 7 7 8 8 9 9 10 10 11 11 12 12 13 13 14 14 15 0 16 16 17 17 18 18 19 0 20 20 21 21 22 22 23 0 24 24 25 25 26 G -1 0 -1 0 -1 0 -1 0 -1 0 -1 0 -1 0 -1 0 -1 0 -1 0 -1 0 -1 0 -1 0 -1 0 -1 0 0 0 0 0 0 0 0 0 0 1 0 1 0 1 0 1 -1 0 -1 0 -1 0
27 0 1 1 2 2 3 3 4 4 5 5 6 6 7 7 8 8 9 9 10 10 11 11 12 12 13 13 14 14 15 0 16 16 17 17 18 18 19 0 20 20 21 21 22 22 23 0 24 24 25 0 26 G -1 0 -1 0 -1 0 -1 0 -1 0 -1 0 -1 0 -1 0 -1 0 -1 0 -1 0 -1 0 -1 0 -1 0 -1 0 0 0 0 0 0 0 0 0 0 1 0 1 0 1 0 1 -1 0 -1 0 -1 0
27 0 1 1 2 2 3 3 4 4 5 5 6 6 7 7 8 8 9 9 10 10 11 11 12 12 13 13 14 14 15 0 16 16 17 17 18 18 19 0 20 20 21 21 22 22 23 0 24 0 25 0 26 G -1 0 -1 0 -1 0 -1 0 -1 0 -1 0 -1 0 -1 0 -1 0 -1 0 -1 0 -1 0 -1 0 -1 0 -1 0 0 0 0 0 0 0 0 0 0 1 0 1 0 1 0 1 -1 0 -1 0 -1 0
27 0 1 1 2 2 3 3 4 4 5 5 6 6 7 7 8 8 9 9 10 10 11 11 12 12 13 13 14 14 15 0 16 16 17 17 18 18 19 0 20 20 21 21 22 0 23 23 24 24 25 0 26 G -1 0 -1 0 -1 0 -1 0 -1 0 -1 0 -1 0 -1 0 -1 0 -1 0 -1 0 -1 0 -1 0 -1 0 -1 0 -1 0 -1 0 -1 0 -1 0 0 0 0 0 0 0 0 1 0 1 0 1 -1 0
27 0 1 1 2 2 3 3 4 4 5 5 6 6 7 7 8 8 9 9 10 10 11 11 12 12 13 13 14 14 15 0 16 16 17 17 18 18 19 0 20 20 21 21 22 0 23 23 24 0 25 25 26 G -1 0 -1 0 -1 0 -1 0 -1 0 -1 0 -1 0 -1 0 -1 0 -1 0 -1 0 -1 0 -1 0 -1 0 -1 0 -1 0 -1 0 -1 0 -1 0 -1 0 -1 0 -1 0 0 0 0 0 0 1 0 1
27 0 1 1 2 2 3 3 4 4 5 5 6 6 7 7 8 8 9 9 10 10 11 11 12 12 13 13 14 14 15 0 16 16 17 17 18 18 19 0 20 20 21 21 22 0 23 23 24 0 25 0 26 G -1 0 -1 0 -1 0 -1 0 -1 0 -1 0 -1 0 -1 0 -1 0 -1 0 -1 0 -1 0 -1 0 -1 0 -1 0 -1 0 -1 0 -1 0 -1 0 -1 0 -1 0 -1 0 -1 0 -1 0 -1 0 -1 0
27 0 1 1 2 2 3 3 4 4 5 5 6 6 7 7 8 8 9 9 10 10 11 11 12 12 13 13 14 14 15 0 16 16 17 17 18 18 19 0 20 20 21 21 22 0 23 0 24 0 25 0 26 G -1 0 -1 0 -1 0 -1 0 -1 0 -1 0 -1 0 -1 0 -1 0 -1 0 -1 0 -1 0 -1 0 -1 0 -1 0 -1 0 -1 0 -1 0 -1 0 -1 0 -1 0 -1 0 -1 0 -1 0 -1 0 -1 0
27 0 1 1 2 2 3 3 4 4 5 5 6 6 7 7 8 8 9 9 10 10 11 11 12 12 13 13 14 14 15 0 16 16 17 17 18 18 19 0 20 20 21 0 22 22 23 0 24 24 25 0 26 G -1 0 -1 0 -1 0 -1 0 -1 0 -1 0 -1 0 -1 0 -1 0 -1 0 -1 0 -1 0 -1 0 -1 0 -1 0 -1 0 -1 0 -1 0 -1 0 0 0 0 0 0 1 0 1 0 2 0 2 -1 0
27 0 1 1 2 2 3 3 4 4 5 5 6 6 7 7 8 8 9 9 10 10 11 11 12 12 13 13 14 14 15 0 16 16 17 17 18 18 19 0 20 20 21 0 22 22 23 0 24 0 25 0 26 G -1 0 -1 0 -1 0 -1 0 -1 0 -1 0 -1 0 -1 0 -1 0 -1 0 -1 0 -1 0 -1 0 -1 0 -1 0 -1 0 -1 0 -1 0 -1 0 0 0 0 0 0 1 0 1 -1 0 -1 0 -1 0
27 0 1 1 2 2 3 3 4 4 5 5 6 6 7 7 8 8 9 9 10 10 11 11 12 12 13 13 14 14 15 0 16 16 17 17 18 18 19 0 20 20 21 0 22 0 23 0 24 0 25 0 26 G -1 0 -1 0 -1 0 -1 0 -1 0 -1 0 -1 0 -1 0 -1 0 -1 0 -1 0 -1 0 -1 0 -1 0 -1 0 -1 0 -1 0 -1 0 -1 0 -1 0 -1 0 -1 0 -1 0 -1 0 -1 0 -1 0
27 0 1 1 2 2 3 3 4 4 5 5 6 6 7 7 8 8 9 9 10 10 11 11 12 12 13 13 14 14 15 0 16 16 17 17 18 18 19 0 20 0 21 0 22 0 23 0 24 0 25 0 26 G -1 0 -1 0 -1 0 -1 0 -1 0 -1 0 -1 0 -1 0 -1 0 -1 0 -1 0 -1 0 -1 0 -1 0 -1 0 -1 0 -1 0 -1 0 -1 0 -1 0 -1 0 -1 0 -1 0 -1 0 -1 0 -1 0
27 0 1 1 2 2 3 3 4 4 5 5 6 6 7 7 8 8 9 9 10 10 11 11 12 12 13 13 14 14 15 0 16 16 17 17 18 0 19 19 20 20 21 0 22 22 23 23 24 0 25 25 26 G -1 0 -1 0 -1 0 -1 0 -1 0 -1 0 -1 0 -1 0 -1 0 -1 0 -1 0 -1 0 -1 0 -1 0 -1 0 0 0 0 0 0 0 0 1 0 1 0 1 0 2 0 2 0 2 -1 0 -1 0
27 0 1 1 2 2 3 3 4 4 5 5 6 6 7 7 8 8 9 9 10 10 11 11 12 12 13 13 14 14 15 0 16 16 17 17 18 0 19 19 20 20 21 0 22 22 23 23 24 0 25 0 26 G -1 0 -1 0 -1 0 -1 0 -1 0 -1 0 -1 0 -1 0 -1 0 -1 0 -1 0 -1 0 -1 0 -1 0 -1 0 0 0 0 0 0 0 0 1 0 1 0 1 0 2 0 2 0 2 -1 0 -1 0
27 0 1 1 2 2 3 3 4 4 5 5 6 6 7 7 8 8 9 9 10 10 11 11 12 12 13 13 14 14 15 0 16 16 17 17 18 0 19 19 20 20 21 0 22 22 23 0 24 24 25 0 26 G -1 0 -1 0 -1 0 -1 0 -1 0 -1 0 -1 0 -1 0 -1 0 -1 0 -1 0 -1 0 -1 0 -1 0 -1 0 1 0 1 0 1 0 1 1 1 1 1 1 0 0 0 0 0 1 0 1 -1 0
27 0 1 1 2 2 3 3 4 4 5 5 6 6 7 7 8 8 9 9 10 10 11 11 12 12 13 13 14 14 15 0 16 16 17 17 18 0 19 19 20 20 21 0 22 22 23 0 24 0 25 0 26 G -1 0 -1 0 -1 0 -1 0 -1 0 -1 0 -1 0 -1 0 -1 0 -1 0 -1 0 -1 0 -1 0 -1 0 -1 0 0 0 0 0 0 0 0 1 0 1 0 1 -1 0 -1 0 -1 0 -1 0 -1 0
27 0 1 1 2 2 3 3 4 4 5 5 6 6 7 7 8 8 9 9 10 10 11 11 12 12 13 13 14 14 15 0 16 16 17 17 18 0 19 19 20 20 21 0 22 0 23 0 24 0 25 0 26 G -1 0 -1 0 -1 0 -1 0 -1 0 -1 0 -1 0 -1 0 -1 0 -1 0 -1 0 -1 0 -1 0 -1 0 -1 0 0 0 0 0 0 0 0 1 0 1 0 1 -1 0 -1 0 -1 0 -1 0 -1 0
27 0 1 1 2 2 3 3 4 4 5 5 6 6 7 7 8 8 9 9 10 10 11 11 12 12 13 13 14 14 15 0 16 16 17 17 18 0 19 19 20 0 21 21 22 0 23 23 24 0 25 25 26 G -1 0 -1 0 -1 0 -1 0 -1 0 -1 0 -1 0 -1 0 -1 0 -1 0 -1 0 -1 0 -1 0 -1 0 -1 0 -1 0 -1 0 -1 0 0 0 0 0 0 1 0 1 0 2 0 2 0 3 0 3
27 0 1 1 2 2 3 3 4 4 5 5 6 6 7 7 8 8 9 9 10 10 11 11 12 12 13 13 14 14 15 0 16 16 17 17 18 0 19 19 20 0 21 21 22 0 23 23 24 0 25 0 26 G -1 0 -1 0 -1 0 -1 0 -1 0 -1 0 -1 0 -1 0 -1 0 -1 0 -1 0 -1 0 -1 0 -1 0 -1 0 -1 0 -1 0 -1 0 0 0 0 0 0 1 0 1 0 2 0 2 -1 0 -1 0
27 0 1 1 2 2 3 3 4 4 5 5 6 6 7 7 8 8 9 9 10 10 11 11 12 12 13 13 14 14 15 0 16 16 17 17 18 0 19 19 20 0 21 21 22 0 23 0 24 0 25 0 26 G -1 0 -1 0 -1 0 -1 0 -1 0 -1 0 -1 0 -1 0 -1 0 -1 0 -1 0 -1 0 -1 0 -1 0 -1 0 -1 0 -1 0 -1 0 0 0 0 0 0 1 0 1 -1 0 -1 0 -1 0 -1 0
27 0 1 1 2 2 3 3 4 4 5 5 6 6 7 7 8 8 9 9 10 10 11 11 12 12 13 13 14 14 15 0 16 16 17 17 18 0 19 19 20 0 21 0 22 0 23 0 24 0 25 0 26 G -1 0 -1 0 -1 0 -1 0 -1 0 -1 0 -1 0 -1 0 -1 0 -1 0 -1 0 -1 0 -1 0 -1 0 -1 0 -1 0 -1 0 -1 0 -1 0 -1 0 -1 0 -1 0 -1 0 -1 0 -1 0 -1 0
27 0 1 1 2 2 3 3 4 4 5 5 6 6 7 7 8 8 9 9 10 10 11 11 12 12 13 13 14 14 15 0 16 16 17 17 18 0 19 0 20 0 21 0 22 0 23 0 24 0 25 0 26 G -1 0 -1 0 -1 0 -1 0 -1 0 -1 0 -1 0 -1 0 -1 0 -1 0 -1 0 -1 0 -1 0 -1 0 -1 0 -1 0 -1 0 -1 0 -1 0 -1 0 -1 0 -1 0 -1 0 -1 0 -1 0 -1 0
27 0 1 1 2 2 3 3 4 4 5 5 6 6 7 7 8 8 9 9 10 10 11 11 12 12 13 13 14 14 15 0 16 16 17 0 18 18 19 0 20 20 21 0 22 22 23 0 24 24 25 0 26 G -1 0 -1 0 -1 0 -1 0 -1 0 -1 0 -1 0 -1 0 -1 0 -1 0 -1 0 -1 0 -1 0 -1 0 -1 0 0 0 0 0 0 1 0 1 0 2 0 2 0 3 0 3 0 4 0 4 -1 0
27 0 1 1 2 2 3 3 4 4 5 5 6 6 7 7 8 8 9 9 10 10 11 11 12 12 13 13 14 14 15 0 16 16 17 0 18 18 19 0 20 20 21 0 22 22 23 0 24 0 25 0 26 G -1 0 -1 0 -1 0 -1 0 -1 0 -1 0 -1 0 -1 0 -1 0 -1 0 -1 0 -1 0 -1 0 -1 0 -1 0 0 0 0 0 0 1 0 1 0 2 0 2 0 3 0 3 -1 0 -1 0 -1 0
27 0 1 1 2 2 3 3 4 4 5 5 6 6 7 7 8 8 9 9 10 10 11 11 12 12 13 13 14 14 15 0 16 16 17 0 18 18 19 0 20 20 21 0 22 0 23 0 24 0 25 0 26 G -1 0 -1 0 -1 0 -1 0 -1 0 -1 0 -1 0 -1 0 -1 0 -1 0 -1 0 -1 0 -1 0 -1 0 -1 0 0 0 0 0 0 1 0 1 0 2 0 2 -1 0 -1 0 -1 0 -1 0 -1 0
27 0 1 1 2 2 3 3 4 4 5 5 6 6 7 7 8 8 9 9 10 10 11 11 12 12 13 13 14 14 15 0 16 16 17 0 18 18 19 0 20 0 21 0 22 0 23 0 24 0 25 0 26 G -1 0 -1 0 -1 0 -1 0 -1 0 -1 0 -1 0 -1 0 -1 0 -1 0 -1 0 -1 0 -1 0 -1 0 -1 0 0 0 0 0 0 1 0 1 -1 0 -1 0 -1 0 -1 0 -1 0 -1 0 -1 0
27 0 1 1 2 2 3 3 4 4 5 5 6 6 7 7 8 8 9 9 10 10 11 11 12 12 13 13 14 14 15 0 16 16 17 0 18 0 19 0 20 0 21 0 22 0 23 0 24 0 25 0 26 G -1 0 -1 0 -1 0 -1 0 -1 0 -1 0 -1 0 -1 0 -1 0 -1 0 -1 0 -1 0 -1 0 -1 0 -1 0 -1 0 -1 0 -1 0 -1 0 -1 0 -1 0 -1 0 -1 0 -1 0 -1 0 -1 0
27 0 1 1 2 2 3 3 4 4 5 5 6 6 7 7 8 8 9 9 10 10 11 11 12 12 13 13 14 14 15 0 16 0 17 0 18 0 19 0 20 0 21 0 22 0 23 0 24 0 25 0 26 G -1 0 -1 0 -1 0 -1 0 -1 0 -1 0 -1 0 -1 0 -1 0 -1 0 -1 0 -1 0 -1 0 -1 0 -1 0 -1 0 -1 0 -1 0 -1 0 -1 0 -1 0 -1 0 -1 0 -1 0 -1 0 -1 0
27 0 1 1 2 2 3 3 4 4 5 5 6 6 7 7 8 8 9 9 10 10 11 11 12 12 13 13 14 0 15 15 16 16 17 17 18 18 19 19 20 20 21 21 22 22 23 23 24 24 25 0 26 G -1 0 -1 0 -1 0 -1 0 -1 0 -1 0 -1 0 -1 0 -1 0 -1 0 -1 0 -1 0 -1 0 -1 0 -1 0 -1 0 -1 0 -1 0 -1 0 -1 0 -1 0 -1 0 -1 0 -1 0 -1 0 -1 0
27 0 1 1 2 2 3 3 4 4 5 5 6 6 7 7 8 8 9 9 10 10 11 11 12 12 13 13 14 0 15 15 16 16 17 17 18 18 19 19 20 20 21 21 22 22 23 23 24 0 25 25 26 G -1 0 -1 0 -1 0 -1 0 -1 0 -1 0 -1 0 -1 0 -1 0 -1 0 -1 0 -1 0 -1 0 -1 0 -1 0 -1 0 -1 0 -1 0 -1 0 -1 0 -1 0 -1 0 -1 0 -1 0 -1 0 -1 0
27 0 1 1 2 2 3 3 4 4 5 5 6 6 7 7 8 8 9 9 10 10 11 11 12 12 13 13 14 0 15 15 16 16 17 17 18 18 19 19 20 20 21 21 22 22 23 23 24 0 25 0 26 G -1 0 -1 0 -1 0 -1 0 -1 0 -1 0 -1 0 -1 0 -1 0 -1 0 -1 0 -1 0 -1 0 -1 0 -1 0 -1 0 -1 0 -1 0 -1 0 -1 0 -1 0 -1 0 -1 0 -1 0 -1 0 -1 0
27 0 1 1 2 2 3 3 4 4 5 5 6 6 7 7 8 8 9 9 10 10 11 11 12 12 13 13 14 0 15 15 16 16 17 17 18 18 19 19 20 20 21 21 22 22 23 0 24 24 25 25 26 G -1 0 -1 0 -1 0 -1 0 -1 0 -1 0 -1 0 -1 0 -1 0 -1 0 -1 0 -1 0 -1 0 -1 0 -1 0 -1 0 -1 0 -1 0 -1 0 -1 0 -1 0 -1 0 -1 0 -1 0 -1 0 -1 0
27 0 1 1 2 2 3 3 4 4 5 5 6 6 7 7 8 8 9 9 10 10 11 11 12 12 13 13 14 0 15 15 16 16 17 17 18 18 19 19 20 20 21 21 22 22 23 0 24 24 25 0 26 G -1 0 -1 0 -1 0 -1 0 -1 0 -1 0 -1 0 -1 0 -1 0 -1 0 -1 0 -1 0 -1 0 -1 0 -1 0 -1 0 -1 0 -1 0 -1 0 -1 0 -1 0 -1 0 -1 0 -1 0 -1 0 -1 0
27 0 1 1 2 2 3 3 4 4 5 5 6 6 7 7 8 8 9 9 10 10 11 11 12 12 13 13 14 0 15 15 16 16 17 17 18 18 19 19 20 20 21 21 22 22 23 0 24 0 25 0 26 G -1 0 -1 0 -1 0 -1 0 -1 0 -1 0 -1 0 -1 0 -1 0 -1 0 -1 0 -1 0 -1 0 -1 0 -1 0 -1 0 -1 0 -1 0 -1 0 -1 0 -1 0 -1 0 -1 0 -1 0 -1 0 -1 0
27 0 1 1 2 2 3 3 4 4 5 5 6 6 7 7 8 8 9 9 10 10 11 11 12 12 13 13 14 0 15 15 16 16 17 17 18 18 19 19 20 20 21 21 22 0 23 23 24 24 25 25 26 G -1 0 -1 0 -1 0 -1 0 -1 0 -1 0 -1 0 -1 0 -1 0 -1 0 -1 0 -1 0 -1 0 -1 0 -1 0 -1 0 -1 0 -1 0 -1 0 -1 0 -1 0 -1 0 -1 0 -1 0 -1 0 -1 0
27 0 1 1 2 2 3 3 4 4 5 5 6 6 7 7 8 8 9 9 10 10 11 11 12 12 13 13 14 0 15 15 16 16 17 17 18 18 19 19 20 20 21 21 22 0 23 23 24 24 25 0 26 G -1 0 -1 0 -1 0 -1 0 -1 0 -1 0 -1 0 -1 0 -1 0 -1 0 -1 0 -1 0 -1 0 -1 0 -1 0 -1 0 -1 0 -1 0 -1 0 -1 0 -1 0 -1 0 -1 0 -1 0 -1 0 -1 0
27 0 1 1 2 2 3 3 4 4 5 5 6 6 7 7 8 8 9 9 10 10 11 11 12 12 13 13 14 0 15 15 16 16 17 17 18 18 19 19 20 20 21 21 22 0 23 23 24 0 25 25 26 G -1 0 -1 0 -1 0 -1 0 -1 0 -1 0 -1 0 -1 0 -1 0 -1 0 -1 0 -1 0 -1 0 -1 0 -1 0 -1 0 -1 0 -1 0 -1 0 -1 0 -1 0 -1 0 0 0 0 0 0 1 0 1
27 0 1 1 2 2 3 3 4 4 5 5 6 6 7 7 8 8 9 9 10 10 11 11 12 12 13 13 14 0 15 15 16 16 17 17 18 18 19 19 20 20 21 21 22 0 23 23 24 0 25 0 26 G -1 0 -1 0 -1 0 -1 0 -1 0 -1 0 -1 0 -1 0 -1 0 -1 0 -1 0 -1 0 -1 0 -1 0 -1 0 -1 0 -1 0 -1 0 -1 0 -1 0 -1 0 -1 0 -1 0 -1 0 -1 0 -1 0
27 0 1 1 2 2 3 3 4 4 5 5 6 6 7 7 8 8 9 9 10 10 11 11 12 12 13 13 14 0 15 15 16 16 17 17 18 18 19 19 20 20 21 21 22 0 23 0 24 0 25 0 26 G -1 0 -1 0 -1 0 -1 0 -1 0 -1 0 -1 0 -1 0 -1 0 -1 0 -1 0 -1 0 -1 0 -1 0 -1 0 -1 0 -1 0 -1 0 -1 0 -1 0 -1 0 -1 0 -1 0 -1 0 -1 0 -1 0
27 0 1 1 2 2 3 3 4 4 5 5 6 6 7 7 8 8 9 9 10 10 11 11 12 12 13 13 14 0 15 15 16 16 17 17 18 18 19 19 20 20 21 0 22 22 23 23 24 24 25 25 26 G -1 0 -1 0 -1 0 -1 0 -1 0 -1 0 -1 0 -1 0 -1 0 -1 0 -1 0 -1 0 -1 0 -1 0 -1 0 -1 0 -1 0 -1 0 -1 0 -1 0 -1 0 -1 0 -1 0 -1 0 -1 0 -1 0
27 0 1 1 2 2 3 3 4 4 5 5 6 6 7 7 8 8 9 9 10 10 11 11 12 12 13 13 14 0 15 15 16 16 17 17 18 18 19 19 20 20 21 0 22 22 23 23 24 24 25 0 26 G -1 0 -1 0 -1 0 -1 0 -1 0 -1 0 -1 0 -1 0 -1 0 -1 0 -1 0 -1 0 -1 0 -1 0 -1 0 -1 0 -1 0 -1 0 -1 0 -1 0 -1 0 -1 0 -1 0 -1 0 -1 0 -1 0
27 0 1 1 2 2 3 3 4 4 5 5 6 6 7 7 8 8 9 9 10 10 11 11 12 12 13 13 14 0 15 15 16 16 17 17 18 18 19 19 20 20 21 0 22 22 23 23 24 0 25 25 26 G -1 0 -1 0 -1 0 -1 0 -1 0 -1 0 -1 0 -1 0 -1 0 -1 0 -1 0 -1 0 -1 0 -1 0 -1 0 -1 0 -1 0 -1 0 -1 0 -1 0 -1 0 -1 0 -1 0 -1 0 -1 0 -1 0
27 0 1 1 2 2 3 3 4 4 5 5 6 6 7 7 8 8 9 9 10 10 11 11 12 12 13 13 14 0 15 15 16 16 17 17 18 18 19 19 20 20 21 0 22 22 23 23 24 0 25 0 26 G -1 0 -1 0 -1 0 -1 0 -1 0 -1 0 -1 0 -1 0 -1 0 -1 0 -1 0 -1 0 -1 0 -1 0 -1 0 -1 0 -1 0 -1 0 -1 0 -1 0 -1 0 -1 0 -1 0 -1 0 -1 0 -1 0
27 0 1 1 2 2 3 3 4 4 5 5 6 6 7 7 8 8 9 9 10 10 11 11 12 12 13 13 14 0 15 15 16 16 17 17 18 18 19 19 20 20 21 0 22 22 23 0 24 24 25 0 26 G -1 0 -1 0 -1 0 -1 0 -1 0 -1 0 -1 0 -1 0 -1 0 -1 0 -1 0 -1 0 -1 0 -1 0 -1 0 -1 0 -1 0 -1 0 -1 0 -1 0 -1 0 0 0 0 0 0 1 0 1 -1 0
27 0 1 1 2 2 3 3 4 4 5 5 6 6 7 7 8 8 9 9 10 10 11 11 12 12 13 13 14 0 15 15 16 16 17 17 18 18 19 19 20 20 21 0 22 22 23 0 24 0 25 0 26 G -1 0 -1 0 -1 0 -1 0 -1 0 -1 0 -1 0 -1 0 -1 0 -1 0 -1 0 -1 0 -1 0 -1 0 -1 0 -1 0 -1 0 -1 0 -1 0 -1 0 -1 0 -1 0 -1 0 -1 0 -1 0 -1 0
27 0 1 1 2 2 3 3 4 4 5 5 6 6 7 7 8 8 9 9 10 10 11 11 12 12 13 13 14 0 15 15 16 16 17 17 18 18 19 19 20 20 21 0 22 0 23 0 24 0 25 0 26 G -1 0 -1 0 -1 0 -1 0 -1 0 -1 0 -1 0 -1 0 -1 0 -1 0 -1 0 -1 0 -1 0 -1 0 -1 0 -1 0 -1 0 -1 0 -1 0 -1 0 -1 0 -1 0 -1 0 -1 0 -1 0 -1 0
27 0 1 1 2 2 3 3 4 4 5 5 6 6 7 7 8 8 9 9 10 10 11 11 12 12 13 13 14 0 15 15 16 16 17 17 18 18 19 19 20 0 21 21 22 22 23 23 24 24 25 25 26 G -1 0 -1 0 -1 0 -1 0 -1 0 -1 0 -1 0 -1 0 -1 0 -1 0 -1 0 -1 0 -1 0 -1 0 0 0 0 0 0 0 0 0 0 0 0 0 0 1 0 1 0 1 0 1 0 1 0 1
27 0 1 1 2 2 3 3 4 4 5 5 6 6 7 7 8 8 9 9 10 10 11 11 12 12 13 13 14 0 15 15 16 16 17 17 18 18 19 19 20 0 21 21 22 22 23 23 24 24 25 0 26 G -1 0 -1 0 -1 0 -1 0 -1 0 -1 0 -1 0 -1 0 -1 0 -1 0 -1 0 -1 0 -1 0 -1 0 -1 0 -1 0 -1 0 -1 0 -1 0 -1 0 -1 0 -1 0 -1 0 -1 0 -1 0 -1 0
27 0 1 1 2 2 3 3 4 4 5 5 6 6 7 7 8 8 9 9 10 10 11 11 12 12 13 13 14 0 15 15 16 16 17 17 18 18 19 19 20 0 21 21 22 22 23 23 24 0 25 25 26 G -1 0 -1 0 -1 0 -1 0 -1 0 -1 0 -1 0 -1 0 -1 0 -1 0 -1 0 -1 0 -1 0 -1 0 -1 0 -1 0 -1 0 -1 0 -1 0 -1 0 -1 0 -1 0 -1 0 -1 0 -1 0 -1 0
27 0 1 1 2 2 3 3 4 4 5 5 6 6 7 7 8 8 9 9 10 10 11 11 12 12 13 13 14 0 15 15 16 16 17 17 18 18 19 19 20 0 21 21 22 22 23 23 24 0 25 0 26 G -1 0 -1 0 -1 0 -1 0 -1 0 -1 0 -1 0 -1 0 -1 0 -1 0 -1 0 -1 0 -1 0 -1 0 -1 0 -1 0 -1 0 -1 0 -1 0 -1 0 -1 0 -1 0 -1 0 -1 0 -1 0 -1 0
27 0 1 1 2 2 3 3 4 4 5 5 6 6 7 7 8 8 9 9 10 10 11 11 12 12 13 13 14 0 15 15 16 16 17 17 18 18 19 19 20 0 21 21 22 22 23 0 24 24 25 25 26 G -1 0 -1 0 -1 0 -1 0 -1 0 -1 0 -1 0 -1 0 -1 0 -1 0 -1 0 -1 0 -1 0 -1 0 -1 0 -1 0 -1 0 -1 0 -1 0 -1 0 0 0 0 0 0 0 0 1 0 1 0 1
27 0 1 1 2 2 3 3 4 4 5 5 6 6 7 7 8 8 9 9 10 10 11 11 12 12 13 13 14 0 15 15 16 16 17 17 18 18 19 19 20 0 21 21 22 22 23 0 24 24 25 0 26 G -1 0 -1 0 -1 0 -1 0 -1 0 -1 0 -1 0 -1 0 -1 0 -1 0 -1 0 -1 0 -1 0 -1 0 -1 0 -1 0 -1 0 -1 0 -1 0 -1 0 -1 0 -1 0 -1 0 -1 0 -1 0 -1 0
27 0 1 1 2 2 3 3 4 4 5 5 6 6 7 7 8 8 9 9 10 10 11 11 12 12 13 13 14 0 15 15 16 16 17 17 18 18 19 19 20 0 21 21 22 22 23 0 24 0 25 0 26 G -1 0 -1 0 -1 0 -1 0 -1 0 -1 0 -1 0 -1 0 -1 0 -1 0 -1 0 -1 0 -1 0 -1 0 -1 0 -1 0 -1 0 -1 0 -1 0 -1 0 -1 0 -1 0 -1 0 -1 0 -1 0 -1 0
27 0 1 1 2 2 3 3 4 4 5 5 6 6 7 7 8 8 9 9 10 10 11 11 12 12 13 13 14 0 15 15 16 16 17 17 18 18 19 19 20 0 21 21 22 0 23 23 24 0 25 25 26 G -1 0 -1 0 -1 0 -1 0 -1 0 -1 0 -1 0 -1 0 -1 0 -1 0 -1 0 -1 0 -1 0 -1 0 -1 0 -1 0 -1 0 -1 0 -1 0 -1 0 0 0 0 0 0 1 0 1 0 2 0 2
27 0 1 1 2 2 3 3 4 4 5 5 6 6 7 7 8 8 9 9 10 10 11 11 12 12 13 13 14 0 15 15 16 16 17 17 18 18 19 19 20 0 21 21 22 0 23 23 24 0 25 0 26 G -1 0 -1 0 -1 0 -1 0 -1 0 -1 0 -1 0 -1 0 -1 0 -1 0 -1 0 -1 0 -1 0 -1 0 -1 0 -1 0 -1 0 -1 0 -1 0 -1 0 0 0 0 0 0 1 0 1 -1 0 -1 0
27 0 1 1 2 2 3 3 4 4 5 5 6 6 7 7 8 8 9 9 10 10 11 11 12 12 13 13 14 0 15 15 16 16 17 17 18 18 19 19 20 0 21 21 22 0 23 0 24 0 25 0 26 G -1 0 -1 0 -1 0 -1 0 -1 0 -1 0 -1 0 -1 0 -1 0 -1 0 -1 0 -1 0 -1 0 -1 0 -1 0 -1 0 -1 0 -1 0 -1 0 -1 0 -1 0 -1 0 -1 0 -1 0 -1 0 -1 0
27 0 1 1 2 2 3 3 4 4 5 5 6 6 7 7 8 8 9 9 10 10 11 11 12 12 13 13 14 0 15 15 16 16 17 17 18 18 19 19 20 0 21 0 22 0 23 0 24 0 25 0 26 G -1 0 -1 0 -1 0 -1 0 -1 0 -1 0 -1 0 -1 0 -1 0 -1 0 -1 0 -1 0 -1 0 -1 0 -1 0 -1 0 -1 0 -1 0 -1 0 -1 0 -1 0 -1 0 -1 0 -1 0 -1 0 -1 0
27 0 1 1 2 2 3 3 4 4 5 5 6 6 7 7 8 8 9 9 10 10 11 11 12 12 13 13 14 0 15 15 16 16 17 17 18 18 19 0 20 20 21 21 22 22 23 23 24 0 25 25 26 G -1 0 -1 0 -1 0 -1 0 -1 0 -1 0 -1 0 -1 0 -1 0 -1 0 -1 0 -1 0 -1 0 -1 0 0 0 0 0 0 0 0 0 0 0 0 1 0 1 0 1 0 1 0 1 -1 0 -1 0
27 0 1 1 2 2 3 3 4 4 5 5 6 6 7 7 8 8 9 9 10 10 11 11 12 12 13 13 14 0 15 15 16 16 17 17 18 18 19 0 20 20 21 21 22 22 23 23 24 0 25 0 26 G -1 0 -1 0 -1 0 -1 0 -1 0 -1 0 -1 0 -1 0 -1 0 -1 0 -1 0 -1 0 -1 0 -1 0 0 0 0 0 0 0 0 0 0 0 0 1 0 1 0 1 0 1 0 1 -1 0 -1 0
27 0 1 1 2 2 3 3 4 4 5 5 6 6 7 7 8 8 9 9 10 10 11 11 12 12 13 13 14 0 15 15 16 16 17 17 18 18 19 0 20 20 21 21 22 22 23 0 24 24 25 25 26 G -1 0 -1 0 -1 0 -1 0 -1 0 -1 0 -1 0 -1 0 -1 0 -1 0 -1 0 -1 0 -1 0 -1 0 -1 0 -1 0 -1 0 -1 0 -1 0 -1 0 -1 0 -1 0 -1 0 -1 0 -1 0 -1 0
27 0 1 1 2 2 3 3 4 4 5 5 6 6 7 7 8 8 9 9 10 10 11 11 12 12 13 13 14 0 15 15 16 16 17 17 18 18 19 0 20 20 21 21 22 22 23 0 24 24 25 0 26 G -1 0 -1 0 -1 0 -1 0 -1 0 -1 0 -1 0 -1 0 -1 0 -1 0 -1 0 -1 0 -1 0 -1 0 -1 0 -1 0 -1 0 -1 0 -1 0 -1 0 -1 0 -1 0 -1 0 -1 0 -1 0 -1 0
27 0 1 1 2 2 3 3 4 4 5 5 6 6 7 7 8 8 9 9 10 10 11 11 12 12 13 13 14 0 15 15 16 16 17 17 18 18 19 0 20 20 21 21 22 22 23 0 24 0 25 0 26 G -1 0 -1 0 -1 0 -1 0 -1 0 -1 0 -1 0 -1 0 -1 0 -1 0 -1 0 -1 0 -1 0 -1 0 -1 0 -1 0 -1 0 -1 0 -1 0 -1 0 -1 0 -1 0 -1 0 -1 0 -1 0 -1 0
27 0 1 1 2 2 3 3 4 4 5 5 6 6 7 7 8 8 9 9 10 10 11 11 12 12 13 13 14 0 15 15 16 16 17 17 18 18 19 0 20 20 21 21 22 0 23 23 24 24 25 0 26 G -1 0 -1 0 -1 0 -1 0 -1 0 -1 0 -1 0 -1 0 -1 0 -1 0 -1 0 -1 0 -1 0 -1 0 -1 0 -1 0 -1 0 -1 0 -1 0 0 0 0 0 0 0 0 1 0 1 0 1 -1 0
27 0 1 1 2 2 3 3 4 4 5 5 6 6 7 7 8 8 9 9 10 10 11 11 12 12 13 13 14 0 15 15 16 16 17 17 18 18 19 0 20 20 21 21 22 0 23 23 24 0 25 25 26 G -1 0 -1 0 -1 0 -1 0 -1 0 -1 0 -1 0 -1 0 -1 0 -1 0 -1 0 -1 0 -1 0 -1 0 -1 0 -1 0 -1 0 -1 0 -1 0 -1 0 -1 0 -1 0 0 0 0 0 0 1 0 1
27 0 1 1 2 2 3 3 4 4 5 5 6 6 7 7 8 8 9 9 10 10 11 11 12 12 13 13 14 0 15 15 16 16 17 17 18 18 19 0 20 20 21 21 22 0 23 23 24 0 25 0 26 G -1 0 -1 0 -1 0 -1 0 -1 0 -1 0 -1 0 -1 0 -1 0 -1 0 -1 0 -1 0 -1 0 -1 0 -1 0 -1 0 -1 0 -1 0 -1 0 -1 0 -1 0 -1 0 -1 0 -1 0 -1 0 -1 0
27 0 1 1 2 2 3 3 4 4 5 5 6 6 7 7 8 8 9 9 10 10 11 11 12 12 13 13 14 0 15 15 16 16 17 17 18 18 19 0 20 20 21 21 22 0 23 0 24 0 25 0 26 G -1 0 -1 0 -1 0 -1 0 -1 0 -1 0 -1 0 -1 0 -1 0 -1 0 -1 0 -1 0 -1 0 -1 0 -1 0 -1 0 -1 0 -1 0 -1 0 -1 0 -1 0 -1 0 -1 0 -1 0 -1 0 -1 0
27 0 1 1 2 2 3 3 4 4 5 5 6 6 7 7 8 8 9 9 10 10 11 11 12 12 13 13 14 0 15 15 16 16 17 17 18 18 19 0 20 20 21 0 22 22 23 0 24 24 25 0 26 G -1 0 -1 0 -1 0 -1 0 -1 0 -1 0 -1 0 -1 0 -1 0 -1 0 -1 0 -1 0 -1 0 -1 0 -1 0 -1 0 -1 0 -1 0 -1 0 0 0 0 0 0 1 0 1 0 2 0 2 -1 0
27 0 1 1 2 2 3 3 4 4 5 5 6 6 7 7 8 8 9 9 10 10 11 11 12 12 13 13 14 0 15 15 16 16 17 17 18 18 19 0 20 20 21 0 22 22 23 0 24 0 25 0 26 G -1 0 -1 0 -1 0 -1 0 -1 0 -1 0 -1 0 -1 0 -1 0 -1 0 -1 0 -1 0 -1 0 -1 0 -1 0 -1 0 -1 0 -1 0 -1 0 0 0 0 0 0 1 0 1 -1 0 -1 0 -1 0
27 0 1 1 2 2 3 3 4 4 5 5 6 6 7 7 8 8 9 9 10 10 11 11 12 12 13 13 14 0 15 15 16 16 17 17 18 18 19 0 20 20 21 0 22 0 23 0 24 0 25 0 26 G -1 0 -1 0 -1 0 -1 0 -1 0 -1 0 -1 0 -1 0 -1 0 -1 0 -1 0 -1 0 -1 0 -1 0 -1 0 -1 0 -1 0 -1 0 -1 0 -1 0 -1 0 -1 0 -1 0 -1 0 -1 0 -1 0
27 0 1 1 2 2 3 3 4 4 5 5 6 6 7 7 8 8 9 9 10 10 11 11 12 12 13 13 14 0 15 15 16 16 17 17 18 18 19 0 20 0 21 0 22 0 23 0 24 0 25 0 26 G -1 0 -1 0 -1 0 -1 0 -1 0 -1 0 -1 0 -1 0 -1 0 -1 0 -1 0 -1 0 -1 0 -1 0 -1 0 -1 0 -1 0 -1 0 -1 0 -1 0 -1 0 -1 0 -1 0 -1 0 -1 0 -1 0
27 0 1 1 2 2 3 3 4 4 5 5 6 6 7 7 8 8 9 9 10 10 11 11 12 12 13 13 14 0 15 15 16 16 17 17 18 0 19 19 20 20 21 21 22 0 23 23 24 24 25 25 26 G -1 0 -1 0 -1 0 -1 0 -1 0 -1 0 -1 0 -1 0 -1 0 -1 0 -1 0 -1 0 -1 0 -1 0 0 0 0 0 0 0 0 0 0 1 0 1 0 1 0 1 0 2 0 2 0 2 0 2
27 0 1 1 2 2 3 3 4 4 5 5 6 6 7 7 8 8 9 9 10 10 11 11 12 12 13 13 14 0 15 15 16 16 17 17 18 0 19 19 20 20 21 21 22 0 23 23 24 24 25 0 26 G -1 0 -1 0 -1 0 -1 0 -1 0 -1 0 -1 0 -1 0 -1 0 -1 0 -1 0 -1 0 -1 0 -1 0 0 0 0 0 0 0 0 0 0 1 0 1 0 1 0 1 -1 0 -1 0 -1 0 -1 0
27 0 1 1 2 2 3 3 4 4 5 5 6 6 7 7 8 8 9 9 10 10 11 11 12 12 13 13 14 0 15 15 16 16 17 17 18 0 19 19 20 20 21 21 22 0 23 23 24 0 25 25 26 G -1 0 -1 0 -1 0 -1 0 -1 0 -1 0 -1 0 -1 0 -1 0 -1 0 -1 0 -1 0 -1 0 -1 0 1 0 1 0 1 0 1 0 1 1 1 1 1 1 1 1 0 0 0 0 0 1 0 1
27 0 1 1 2 2 3 3 4 4 5 5 6 6 7 7 8 8 9 9 10 10 11 11 12 12 13 13 14 0 15 15 16 16 17 17 18 0 19 19 20 20 21 21 22 0 23 23 24 0 25 0 26 G -1 0 -1 0 -1 0 -1 0 -1 0 -1 0 -1 0 -1 0 -1 0 -1 0 -1 0 -1 0 -1 0 -1 0 0 0 0 0 0 0 0 0 0 1 0 1 0 1 0 1 -1 0 -1 0 -1 0 -1 0
27 0 1 1 2 2 3 3 4 4 5 5 6 6 7 7 8 8 9 9 10 10 11 11 12 12 13 13 14 0 15 15 16 16 17 17 18 0 19 19 20 20 21 21 22 0 23 0 24 0 25 0 26 G -1 0 -1 0 -1 0 -1 0 -1 0 -1 0 -1 0 -1 0 -1 0 -1 0 -1 0 -1 0 -1 0 -1 0 0 0 0 0 0 0 0 0 0 1 0 1 0 1 0 1 -1 0 -1 0 -1 0 -1 0
27 0 1 1 2 2 3 3 4 4 5 5 6 6 7 7 8 8 9 9 10 10 11 11 12 12 13 13 14 0 15 15 16 16 17 17 18 0 19 19 20 20 21 0 22 22 23 23 24 0 25 25 26 G -1 0 -1 0 -1 0 -1 0 -1 0 -1 0 -1 0 -1 0 -1 0 -1 0 -1 0 -1 0 -1 0 -1 0 -1 0 -1 0 -1 0 -1 0 0 0 0 0 0 0 0 1 0 1 0 1 -1 0 -1 0
27 0 1 1 2 2 3 3 4 4 5 5 6 6 7 7 8 8 9 9 10 10 11 11 12 12 13 13 14 0 15 15 16 16 17 17 18 0 19 19 20 20 21 0 22 22 23 23 24 0 25 0 26 G -1 0 -1 0 -1 0 -1 0 -1 0 -1 0 -1 0 -1 0 -1 0 -1 0 -1 0 -1 0 -1 0 -1 0 -1 0 -1 0 -1 0 -1 0 0 0 0 0 0 0 0 1 0 1 0 1 -1 0 -1 0
27 0 1 1 2 2 3 3 4 4 5 5 6 6 7 7 8 8 9 9 10 10 11 11 12 12 13 13 14 0 15 15 16 16 17 17 18 0 19 19 20 20 21 0 22 22 23 0 24 24 25 0 26 G -1 0 -1 0 -1 0 -1 0 -1 0 -1 0 -1 0 -1 0 -1 0 -1 0 -1 0 -1 0 -1 0 -1 0 -1 0 -1 0 -1 0 -1 0 -1 0 -1 0 -1 0 0 0 0 0 0 1 0 1 -1 0
27 0 1 1 2 2 3 3 4 4 5 5 6 6 7 7 8 8 9 9 10 10 11 11 12 12 13 13 14 0 15 15 16 16 17 17 18 0 19 19 20 20 21 0 22 22 23 0 24 0 25 0 26 G -1 0 -1 0 -1 0 -1 0 -1 0 -1 0 -1 0 -1 0 -1 0 -1 0 -1 0 -1 0 -1 0 -1 0 -1 0 -1 0 -1 0 -1 0 -1 0 -1 0 -1 0 -1 0 -1 0 -1 0 -1 0 -1 0
27 0 1 1 2 2 3 3 4 4 5 5 6 6 7 7 8 8 9 9 10 10 11 11 12 12 13 13 14 0 15 15 16 16 17 17 18 0 19 19 20 20 21 0 22 0 23 0 24 0 25 0 26 G -1 0 -1 0 -1 0 -1 0 -1 0 -1 0 -1 0 -1 0 -1 0 -1 0 -1 0 -1 0 -1 0 -1 0 -1 0 -1 0 -1 0 -1 0 -1 0 -1 0 -1 0 -1 0 -1 0 -1 0 -1 0 -1 0
27 0 1 1 2 2 3 3 4 4 5 5 6 6 7 7 8 8 9 9 10 10 11 11 12 12 13 13 14 0 15 15 16 16 17 17 18 0 19 19 20 0 21 21 22 0 23 23 24 0 25 25 26 G -1 0 -1 0 -1 0 -1 0 -1 0 -1 0 -1 0 -1 0 -1 0 -1 0 -1 0 -1 0 -1 0 -1 0 -1 0 -1 0 -1 0 -1 0 0 0 0 0 0 1 0 1 0 2 0 2 0 3 0 3
27 0 1 1 2 2 3 3 4 4 5 5 6 6 7 7 8 8 9 9 10 10 11 11 12 12 13 13 14 0 15 15 16 16 17 17 18 0 19 19 20 0 21 21 22 0 23 23 24 0 25 0 26 G -1 0 -1 0 -1 0 -1 0 -1 0 -1 0 -1 0 -1 0 -1 0 -1 0 -1 0 -1 0 -1 0 -1 0 -1 0 -1 0 -1 0 -1 0 0 0 0 0 0 1 0 1 0 2 0 2 -1 0 -1 0
27 0 1 1 2 2 3 3 4 4 5 5 6 6 7 7 8 8 9 9 10 10 11 11 12 12 13 13 14 0 15 15 16 16 17 17 18 0 19 19 20 0 21 21 22 0 23 0 24 0 25 0 26 G -1 0 -1 0 -1 0 -1 0 -1 0 -1 0 -1 0 -1 0 -1 0 -1 0 -1 0 -1 0 -1 0 -1 0 -1 0 -1 0 -1 0 -1 0 0 0 0 0 0 1 0 1 -1 0 -1 0 -1 0 -1 0
27 0 1 1 2 2 3 3 4 4 5 5 6 6 7 7 8 8 9 9 10 10 11 11 12 12 13 13 14 0 15 15 16 16 17 17 18 0 19 19 20 0 21 0 22 0 23 0 24 0 25 0 26 G -1 0 -1 0 -1 0 -1 0 -1 0 -1 0 -1 0 -1 0 -1 0 -1 0 -1 0 -1 0 -1 0 -1 0 -1 0 -1 0 -1 0 -1 0 -1 0 -1 0 -1 0 -1 0 -1 0 -1 0 -1 0 -1 0
27 0 1 1 2 2 3 3 4 4 5 5 6 6 7 7 8 8 9 9 10 10 11 11 12 12 13 13 14 0 15 15 16 16 17 17 18 0 19 0 20 0 21 0 22 0 23 0 24 0 25 0 26 G -1 0 -1 0 -1 0 -1 0 -1 0 -1 0 -1 0 -1 0 -1 0 -1 0 -1 0 -1 0 -1 0 -1 0 -1 0 -1 0 -1 0 -1 0 -1 0 -1 0 -1 0 -1 0 -1 0 -1 0 -1 0 -1 0
27 0 1 1 2 2 3 3 4 4 5 5 6 6 7 7 8 8 9 9 10 10 11 11 12 12 13 13 14 0 15 15 16 16 17 0 18 18 19 19 20 0 21 21 22 22 23 0 24 24 25 25 26 G -1 0 -1 0 -1 0 -1 0 -1 0 -1 0 -1 0 -1 0 -1 0 -1 0 -1 0 -1 0 -1 0 -1 0 0 0 0 0 0 0 0 1 0 1 0 1 0 2 0 2 0 2 0 3 0 3 0 3
27 0 1 1 2 2 3 3 4 4 5 5 6 6 7 7 8 8 9 9 10 10 11 11 12 12 13 13 14 0 15 15 16 16 17 0 18 18 19 19 20 0 21 21 22 22 23 0 24 24 25 0 26 G -1 0 -1 0 -1 0 -1 0 -1 0 -1 0 -1 0 -1 0 -1 0 -1 0 -1 0 -1 0 -1 0 -1 0 0 0 0 0 0 0 0 1 0 1 0 1 0 2 0 2 0 2 -1 0 -1 0 -1 0
27 0 1 1 2 2 3 3 4 4 5 5 6 6 7 7 8 8 9 9 10 10 11 11 12 12 13 13 14 0 15 15 16 16 17 0 18 18 19 19 20 0 21 21 22 22 23 0 24 0 25 0 26 G -1 0 -1 0 -1 0 -1 0 -1 0 -1 0 -1 0 -1 0 -1 0 -1 0 -1 0 -1 0 -1 0 -1 0 0 0 0 0 0 0 0 1 0 1 0 1 0 2 0 2 0 2 -1 0 -1 0 -1 0
27 0 1 1 2 2 3 3 4 4 5 5 6 6 7 7 8 8 9 9 10 10 11 11 12 12 13 13 14 0 15 15 16 16 17 0 18 18 19 19 20 0 21 21 22 0 23 23 24 0 25 25 26 G -1 0 -1 0 -1 0 -1 0 -1 0 -1 0 -1 0 -1 0 -1 0 -1 0 -1 0 -1 0 -1 0 -1 0 1 0 1 0 1 0 1 1 1 1 1 1 0 0 0 0 0 1 0 1 0 2 0 2
27 0 1 1 2 2 3 3 4 4 5 5 6 6 7 7 8 8 9 9 10 10 11 11 12 12 13 13 14 0 15 15 16 16 17 0 18 18 19 19 20 0 21 21 22 0 23 23 24 0 25 0 26 G -1 0 -1 0 -1 0 -1 0 -1 0 -1 0 -1 0 -1 0 -1 0 -1 0 -1 0 -1 0 -1 0 -1 0 1 0 1 0 1 0 1 1 1 1 1 1 0 0 0 0 0 1 0 1 -1 0 -1 0
27 0 1 1 2 2 3 3 4 4 5 5 6 6 7 7 8 8 9 9 10 10 11 11 12 12 13 13 14 0 15 15 16 16 17 0 18 18 19 19 20 0 21 21 22 0 23 0 24 0 25 0 26 G -1 0 -1 0 -1 0 -1 0 -1 0 -1 0 -1 0 -1 0 -1 0 -1 0 -1 0 -1 0 -1 0 -1 0 0 0 0 0 0 0 0 1 0 1 0 1 -1 0 -1 0 -1 0 -1 0 -1 0 -1 0
27 0 1 1 2 2 3 3 4 4 5 5 6 6 7 7 8 8 9 9 10 10 11 11 12 12 13 13 14 0 15 15 16 16 17 0 18 18 19 19 20 0 21 0 22 0 23 0 24 0 25 0 26 G -1 0 -1 0 -1 0 -1 0 -1 0 -1 0 -1 0 -1 0 -1 0 -1 0 -1 0 -1 0 -1 0 -1 0 0 0 0 0 0 0 0 1 0 1 0 1 -1 0 -1 0 -1 0 -1 0 -1 0 -1 0
27 0 1 1 2 2 3 3 4 4 5 5 6 6 7 7 8 8 9 9 10 10 11 11 12 12 13 13 14 0 15 15 16 16 17 0 18 18 19 0 20 20 21 0 22 22 23 0 24 24 25 0 26 G -1 0 -1 0 -1 0 -1 0 -1 0 -1 0 -1 0 -1 0 -1 0 -1 0 -1 0 -1 0 -1 0 -1 0 -1 0 -1 0 -1 0 0 0 0 0 0 1 0 1 0 2 0 2 0 3 0 3 -1 0
27 0 1 1 2 2 3 3 4 4 5 5 6 6 7 7 8 8 9 9 10 10 11 11 12 12 13 13 14 0 15 15 16 16 17 0 18 18 19 0 20 20 21 0 22 22 23 0 24 0 25 0 26 G -1 0 -1 0 -1 0 -1 0 -1 0 -1 0 -1 0 -1 0 -1 0 -1 0 -1 0 -1 0 -1 0 -1 0 -1 0 -1 0 -1 0 0 0 0 0 0 1 0 1 0 2 0 2 -1 0 -1 0 -1 0
27 0 1 1 2 2 3 3 4 4 5 5 6 6 7 7 8 8 9 9 10 10 11 11 12 12 13 13 14 0 15 15 16 16 17 0 18 18 19 0 20 20 21 0 22 0 23 0 24 0 25 0 26 G -1 0 -1 0 -1 0 -1 0 -1 0 -1 0 -1 0 -1 0 -1 0 -1 0 -1 0 -1 0 -1 0 -1 0 -1 0 -1 0 -1 0 0 0 0 0 0 1 0 1 -1 0 -1 0 -1 0 -1 0 -1 0
27 0 1 1 2 2 3 3 4 4 5 5 6 6 7 7 8 8 9 9 10 10 11 11 12 12 13 13 14 0 15 15 16 16 17 0 18 18 19 0 20 0 21 0 22 0 23 0 24 0 25 0 26 G -1 0 -1 0 -1 0 -1 0 -1 0 -1 0 -1 0 -1 0 -1 0 -1 0 -1 0 -1 0 -1 0 -1 0 -1 0 -1 0 -1 0 -1 0 -1 0 -1 0 -1 0 -1 0 -1 0 -1 0 -1 0 -1 0
27 0 1 1 2 2 3 3 4 4 5 5 6 6 7 7 8 8 9 9 10 10 11 11 12 12 13 13 14 0 15 15 16 16 17 0 18 0 19 0 20 0 21 0 22 0 23 0 24 0 25 0 26 G -1 0 -1 0 -1 0 -1 0 -1 0 -1 0 -1 0 -1 0 -1 0 -1 0 -1 0 -1 0 -1 0 -1 0 -1 0 -1 0 -1 0 -1 0 -1 0 -1 0 -1 0 -1 0 -1 0 -1 0 -1 0 -1 0
27 0 1 1 2 2 3 3 4 4 5 5 6 6 7 7 8 8 9 9 10 10 11 11 12 12 13 13 14 0 15 15 16 0 17 17 18 0 19 19 20 0 21 21 22 0 23 23 24 0 25 25 26 G -1 0 -1 0 -1 0 -1 0 -1 0 -1 0 -1 0 -1 0 -1 0 -1 0 -1 0 -1 0 -1 0 -1 0 0 0 0 0 0 1 0 1 0 2 0 2 0 3 0 3 0 4 0 4 0 5 0 5
27 0 1 1 2 2 3 3 4 4 5 5 6 6 7 7 8 8 9 9 10 10 11 11 12 12 13 13 14 0 15 15 16 0 17 17 18 0 19 19 20 0 21 21 22 0 23 23 24 0 25 0 26 G -1 0 -1 0 -1 0 -1 0 -1 0 -1 0 -1 0 -1 0 -1 0 -1 0 -1 0 -1 0 -1 0 -1 0 0 0 0 0 0 1 0 1 0 2 0 2 0 3 0 3 0 4 0 4 -1 0 -1 0
27 0 1 1 2 2 3 3 4 4 5 5 6 6 7 7 8 8 9 9 10 10 11 11 12 12 13 13 14 0 15 15 16 0 17 17 18 0 19 19 20 0 21 21 22 0 23 0 24 0 25 0 26 G -1 0 -1 0 -1 0 -1 0 -1 0 -1 0 -1 0 -1 0 -1 0 -1 0 -1 0 -1 0 -1 0 -1 0 0 0 0 0 0 1 0 1 0 2 0 2 0 3 0 3 -1 0 -1 0 -1 0 -1 0
27 0 1 1 2 2 3 3 4 4 5 5 6 6 7 7 8 8 9 9 10 10 11 11 12 12 13 13 14 0 15 15 16 0 17 17 18 0 19 19 20 0 21 0 22 0 23 0 24 0 25 0 26 G -1 0 -1 0 -1 0 -1 0 -1 0 -1 0 -1 0 -1 0 -1 0 -1 0 -1 0 -1 0 -1 0 -1 0 0 0 0 0 0 1 0 1 0 2 0 2 -1 0 -1 0 -1 0 -1 0 -1 0 -1 0
27 0 1 1 2 2 3 3 4 4 5 5 6 6 7 7 8 8 9 9 10 10 11 11 12 12 13 13 14 0 15 15 16 0 17 17 18 0 19 0 20 0 21 0 22 0 23 0 24 0 25 0 26 G -1 0 -1 0 -1 0 -1 0 -1 0 -1 0 -1 0 -1 0 -1 0 -1 0 -1 0 -1 0 -1 0 -1 0 0 0 0 0 0 1 0 1 -1 0 -1 0 -1 0 -1 0 -1 0 -1 0 -1 0 -1 0
27 0 1 1 2 2 3 3 4 4 5 5 6 6 7 7 8 8 9 9 10 10 11 11 12 12 13 13 14 0 15 15 16 0 17 0 18 0 19 0 20 0 21 0 22 0 23 0 24 0 25 0 26 G -1 0 -1 0 -1 0 -1 0 -1 0 -1 0 -1 0 -1 0 -1 0 -1 0 -1 0 -1 0 -1 0 -1 0 -1 0 -1 0 -1 0 -1 0 -1 0 -1 0 -1 0 -1 0 -1 0 -1 0 -1 0 -1 0
27 0 1 1 2 2 3 3 4 4 5 5 6 6 7 7 8 8 9 9 10 10 11 11 12 12 13 13 14 0 15 0 16 0 17 0 18 0 19 0 20 0 21 0 22 0 23 0 24 0 25 0 26 G -1 0 -1 0 -1 0 -1 0 -1 0 -1 0 -1 0 -1 0 -1 0 -1 0 -1 0 -1 0 -1 0 -1 0 -1 0 -1 0 -1 0 -1 0 -1 0 -1 0 -1 0 -1 0 -1 0 -1 0 -1 0 -1 0
27 0 1 1 2 2 3 3 4 4 5 5 6 6 7 7 8 8 9 9 10 10 11 11 12 12 13 0 14 14 15 15 16 16 17 17 18 18 19 19 20 20 21 21 22 22 23 23 24 24 25 0 26 G -1 0 -1 0 -1 0 -1 0 -1 0 -1 0 -1 0 -1 0 -1 0 -1 0 -1 0 -1 0 -1 0 -1 0 -1 0 -1 0 -1 0 -1 0 -1 0 -1 0 -1 0 -1 0 -1 0 -1 0 -1 0 -1 0
27 0 1 1 2 2 3 3 4 4 5 5 6 6 7 7 8 8 9 9 10 10 11 11 12 12 13 0 14 14 15 15 16 16 17 17 18 18 19 19 20 20 21 21 22 22 23 23 24 0 25 25 26 G -1 0 -1 0 -1 0 -1 0 -1 0 -1 0 -1 0 -1 0 -1 0 -1 0 -1 0 -1 0 -1 0 -1 0 -1 0 -1 0 -1 0 -1 0 -1 0 -1 0 -1 0 -1 0 -1 0 -1 0 -1 0 -1 0
27 0 1 1 2 2 3 3 4 4 5 5 6 6 7 7 8 8 9 9 10 10 11 11 12 12 13 0 14 14 15 15 16 16 17 17 18 18 19 19 20 20 21 21 22 22 23 23 24 0 25 0 26 G -1 0 -1 0 -1 0 -1 0 -1 0 -1 0 -1 0 -1 0 -1 0 -1 0 -1 0 -1 0 -1 0 -1 0 -1 0 -1 0 -1 0 -1 0 -1 0 -1 0 -1 0 -1 0 -1 0 -1 0 -1 0 -1 0
27 0 1 1 2 2 3 3 4 4 5 5 6 6 7 7 8 8 9 9 10 10 11 11 12 12 13 0 14 14 15 15 16 16 17 17 18 18 19 19 20 20 21 21 22 22 23 0 24 24 25 25 26 G -1 0 -1 0 -1 0 -1 0 -1 0 -1 0 -1 0 -1 0 -1 0 -1 0 -1 0 -1 0 -1 0 -1 0 -1 0 -1 0 -1 0 -1 0 -1 0 -1 0 -1 0 -1 0 -1 0 -1 0 -1 0 -1 0
27 0 1 1 2 2 3 3 4 4 5 5 6 6 7 7 8 8 9 9 10 10 11 11 12 12 13 0 14 14 15 15 16 16 17 17 18 18 19 19 20 20 21 21 22 22 23 0 24 24 25 0 26 G -1 0 -1 0 -1 0 -1 0 -1 0 -1 0 -1 0 -1 0 -1 0 -1 0 -1 0 -1 0 -1 0 -1 0 -1 0 -1 0 -1 0 -1 0 -1 0 -1 0 -1 0 -1 0 -1 0 -1 0 -1 0 -1 0
27 0 1 1 2 2 3 3 4 4 5 5 6 6 7 7 8 8 9 9 10 10 11 11 12 12 13 0 14 14 15 15 16 16 17 17 18 18 19 19 20 20 21 21 22 22 23 0 24 0 25 0 26 G -1 0 -1 0 -1 0 -1 0 -1 0 -1 0 -1 0 -1 0 -1 0 -1 0 -1 0 -1 0 -1 0 -1 0 -1 0 -1 0 -1 0 -1 0 -1 0 -1 0 -1 0 -1 0 -1 0 -1 0 -1 0 -1 0
27 0 1 1 2 2 3 3 4 4 5 5 6 6 7 7 8 8 9 9 10 10 11 11 12 12 13 0 14 14 15 15 16 16 17 17 18 18 19 19 20 20 21 21 22 0 23 23 24 24 25 25 26 G -1 0 -1 0 -1 0 -1 0 -1 0 -1 0 -1 0 -1 0 -1 0 -1 0 -1 0 -1 0 -1 0 -1 0 -1 0 -1 0 -1 0 -1 0 -1 0 -1 0 -1 0 -1 0 -1 0 -1 0 -1 0 -1 0
27 0 1 1 2 2 3 3 4 4 5 5 6 6 7 7 8 8 9 9 10 10 11 11 12 12 13 0 14 14 15 15 16 16 17 17 18 18 19 19 20 20 21 21 22 0 23 23 24 24 25 0 26 G -1 0 -1 0 -1 0 -1 0 -1 0 -1 0 -1 0 -1 0 -1 0 -1 0 -1 0 -1 0 -1 0 -1 0 -1 0 -1 0 -1 0 -1 0 -1 0 -1 0 -1 0 -1 0 -1 0 -1 0 -1 0 -1 0
27 0 1 1 2 2 3 3 4 4 5 5 6 6 7 7 8 8 9 9 10 10 11 11 12 12 13 0 14 14 15 15 16 16 17 17 18 18 19 19 20 20 21 21 22 0 23 23 24 0 25 25 26 G -1 0 -1 0 -1 0 -1 0 -1 0 -1 0 -1 0 -1 0 -1 0 -1 0 -1 0 -1 0 -1 0 -1 0 -1 0 -1 0 -1 0 -1 0 -1 0 -1 0 -1 0 -1 0 0 0 0 0 0 1 0 1
27 0 1 1 2 2 3 3 4 4 5 5 6 6 7 7 8 8 9 9 10 10 11 11 12 12 13 0 14 14 15 15 16 16 17 17 18 18 19 19 20 20 21 21 22 0 23 23 24 0 25 0 26 G -1 0 -1 0 -1 0 -1 0 -1 0 -1 0 -1 0 -1 0 -1 0 -1 0 -1 0 -1 0 -1 0 -1 0 -1 0 -1 0 -1 0 -1 0 -1 0 -1 0 -1 0 -1 0 -1 0 -1 0 -1 0 -1 0
27 0 1 1 2 2 3 3 4 4 5 5 6 6 7 7 8 8 9 9 10 10 11 11 12 12 13 0 14 14 15 15 16 16 17 17 18 18 19 19 20 20 21 21 22 0 23 0 24 0 25 0 26 G -1 0 -1 0 -1 0 -1 0 -1 0 -1 0 -1 0 -1 0 -1 0 -1 0 -1 0 -1 0 -1 0 -1 0 -1 0 -1 0 -1 0 -1 0 -1 0 -1 0 -1 0 -1 0 -1 0 -1 0 -1 0 -1 0
27 0 1 1 2 2 3 3 4 4 5 5 6 6 7 7 8 8 9 9 10 10 11 11 12 12 13 0 14 14 15 15 16 16 17 17 18 18 19 19 20 20 21 0 22 22 23 23 24 24 25 25 26 G -1 0 -1 0 -1 0 -1 0 -1 0 -1 0 -1 0 -1 0 -1 0 -1 0 -1 0 -1 0 -1 0 -1 0 -1 0 -1 0 -1 0 -1 0 -1 0 -1 0 -1 0 -1 0 -1 0 -1 0 -1 0 -1 0
27 0 1 1 2 2 3 3 4 4 5 5 6 6 7 7 8 8 9 9 10 10 11 11 12 12 13 0 14 14 15 15 16 16 17 17 18 18 19 19 20 20 21 0 22 22 23 23 24 24 25 0 26 G -1 0 -1 0 -1 0 -1 0 -1 0 -1 0 -1 0 -1 0 -1 0 -1 0 -1 0 -1 0 -1 0 -1 0 -1 0 -1 0 -1 0 -1 0 -1 0 -1 0 -1 0 -1 0 -1 0 -1 0 -1 0 -1 0
27 0 1 1 2 2 3 3 4 4 5 5 6 6 7 7 8 8 9 9 10 10 11 11 12 12 13 0 14 14 15 15 16 16 17 17 18 18 19 19 20 20 21 0 22 22 23 23 24 0 25 25 26 G -1 0 -1 0 -1 0 -1 0 -1 0 -1 0 -1 0 -1 0 -1 0 -1 0 -1 0 -1 0 -1 0 -1 0 -1 0 -1 0 -1 0 -1 0 -1 0 -1 0 -1 0 -1 0 -1 0 -1 0 -1 0 -1 0
27 0 1 1 2 2 3 3 4 4 5 5 6 6 7 7 8 8 9 9 10 10 11 11 12 12 13 0 14 14 15 15 16 16 17 17 18 18 19 19 20 20 21 0 22 22 23 23 24 0 25 0 26 G -1 0 -1 0 -1 0 -1 0 -1 0 -1 0 -1 0 -1 0 -1 0 -1 0 -1 0 -1 0 -1 0 -1 0 -1 0 -1 0 -1 0 -1 0 -1 0 -1 0 -1 0 -1 0 -1 0 -1 0 -1 0 -1 0
27 0 1 1 2 2 3 3 4 4 5 5 6 6 7 7 8 8 9 9 10 10 11 11 12 12 13 0 14 14 15 15 16 16 17 17 18 18 19 19 20 20 21 0 22 22 23 0 24 24 25 0 26 G -1 0 -1 0 -1 0 -1 0 -1 0 -1 0 -1 0 -1 0 -1 0 -1 0 -1 0 -1 0 -1 0 -1 0 -1 0 -1 0 -1 0 -1 0 -1 0 -1 0 -1 0 0 0 0 0 0 1 0 1 -1 0
27 0 1 1 2 2 3 3 4 4 5 5 6 6 7 7 8 8 9 9 10 10 11 11 12 12 13 0 14 14 15 15 16 16 17 17 18 18 19 19 20 20 21 0 22 22 23 0 24 0 25 0 26 G -1 0 -1 0 -1 0 -1 0 -1 0 -1 0 -1 0 -1 0 -1 0 -1 0 -1 0 -1 0 -1 0 -1 0 -1 0 -1 0 -1 0 -1 0 -1 0 -1 0 -1 0 -1 0 -1 0 -1 0 -1 0 -1 0
27 0 1 1 2 2 3 3 4 4 5 5 6 6 7 7 8 8 9 9 10 10 11 11 12 12 13 0 14 14 15 15 16 16 17 17 18 18 19 19 20 20 21 0 22 0 23 0 24 0 25 0 26 G -1 0 -1 0 -1 0 -1 0 -1 0 -1 0 -1 0 -1 0 -1 0 -1 0 -1 0 -1 0 -1 0 -1 0 -1 0 -1 0 -1 0 -1 0 -1 0 -1 0 -1 0 -1 0 -1 0 -1 0 -1 0 -1 0
27 0 1 1 2 2 3 3 4 4 5 5 6 6 7 7 8 8 9 9 10 10 11 11 12 12 13 0 14 14 15 15 16 16 17 17 18 18 19 19 20 0 21 21 22 22 23 23 24 24 25 25 26 G -1 0 -1 0 -1 0 -1 0 -1 0 -1 0 -1 0 -1 0 -1 0 -1 0 -1 0 -1 0 -1 0 -1 0 -1 0 -1 0 -1 0 -1 0 -1 0 -1 0 -1 0 -1 0 -1 0 -1 0 -1 0 -1 0
27 0 1 1 2 2 3 3 4 4 5 5 6 6 7 7 8 8 9 9 10 10 11 11 12 12 13 0 14 14 15 15 16 16 17 17 18 18 19 19 20 0 21 21 22 22 23 23 24 24 25 0 26 G -1 0 -1 0 -1 0 -1 0 -1 0 -1 0 -1 0 -1 0 -1 0 -1 0 -1 0 -1 0 -1 0 -1 0 -1 0 -1 0 -1 0 -1 0 -1 0 -1 0 -1 0 -1 0 -1 0 -1 0 -1 0 -1 0
27 0 1 1 2 2 3 3 4 4 5 5 6 6 7 7 8 8 9 9 10 10 11 11 12 12 13 0 14 14 15 15 16 16 17 17 18 18 19 19 20 0 21 21 22 22 23 23 24 0 25 25 26 G -1 0 -1 0 -1 0 -1 0 -1 0 -1 0 -1 0 -1 0 -1 0 -1 0 -1 0 -1 0 -1 0 -1 0 -1 0 -1 0 -1 0 -1 0 -1 0 -1 0 -1 0 -1 0 -1 0 -1 0 -1 0 -1 0
27 0 1 1 2 2 3 3 4 4 5 5 6 6 7 7 8 8 9 9 10 10 11 11 12 12 13 0 14 14 15 15 16 16 17 17 18 18 19 19 20 0 21 21 22 22 23 23 24 0 25 0 26 G -1 0 -1 0 -1 0 -1 0 -1 0 -1 0 -1 0 -1 0 -1 0 -1 0 -1 0 -1 0 -1 0 -1 0 -1 0 -1 0 -1 0 -1 0 -1 0 -1 0 -1 0 -1 0 -1 0 -1 0 -1 0 -1 0
27 0 1 1 2 2 3 3 4 4 5 5 6 6 7 7 8 8 9 9 10 10 11 11 12 12 13 0 14 14 15 15 16 16 17 17 18 18 19 19 20 0 21 21 22 22 23 0 24 24 25 25 26 G -1 0 -1 0 -1 0 -1 0 -1 0 -1 0 -1 0 -1 0 -1 0 -1 0 -1 0 -1 0 -1 0 -1 0 -1 0 -1 0 -1 0 -1 0 -1 0 -1 0 0 0 0 0 0 0 0 1 0 1 0 1
27 0 1 1 2 2 3 3 4 4 5 5 6 6 7 7 8 8 9 9 10 10 11 11 12 12 13 0 14 14 15 15 16 16 17 17 18 18 19 19 20 0 21 21 22 22 23 0 24 24 25 0 26 G -1 0 -1 0 -1 0 -1 0 -1 0 -1 0 -1 0 -1 0 -1 0 -1 0 -1 0 -1 0 -1 0 -1 0 -1 0 -1 0 -1 0 -1 0 -1 0 -1 0 -1 0 -1 0 -1 0 -1 0 -1 0 -1 0
27 0 1 1 2 2 3 3 4 4 5 5 6 6 7 7 8 8 9 9 10 10 11 11 12 12 13 0 14 14 15 15 16 16 17 17 18 18 19 19 20 0 21 21 22 22 23 0 24 0 25 0 26 G -1 0 -1 0 -1 0 -1 0 -1 0 -1 0 -1 0 -1 0 -1 0 -1 0 -1 0 -1 0 -1 0 -1 0 -1 0 -1 0 -1 0 -1 0 -1 0 -1 0 -1 0 -1 0 -1 0 -1 0 -1 0 -1 0
27 0 1 1 2 2 3 3 4 4 5 5 6 6 7 7 8 8 9 9 10 10 11 11 12 12 13 0 14 14 15 15 16 16 17 17 18 18 19 19 20 0 21 21 22 0 23 23 24 0 25 25 26 G -1 0 -1 0 -1 0 -1 0 -1 0 -1 0 -1 0 -1 0 -1 0 -1 0 -1 0 -1 0 -1 0 -1 0 -1 0 -1 0 -1 0 -1 0 -1 0 -1 0 0 0 0 0 0 1 0 1 0 2 0 2
27 0 1 1 2 2 3 3 4 4 5 5 6 6 7 7 8 8 9 9 10 10 11 11 12 12 13 0 14 14 15 15 16 16 17 17 18 18 19 19 20 0 21 21 22 0 23 23 24 0 25 0 26 G -1 0 -1 0 -1 0 -1 0 -1 0 -1 0 -1 0 -1 0 -1 0 -1 0 -1 0 -1 0 -1 0 -1 0 -1 0 -1 0 -1 0 -1 0 -1 0 -1 0 0 0 0 0 0 1 0 1 -1 0 -1 0
27 0 1 1 2 2 3 3 4 4 5 5 6 6 7 7 8 8 9 9 10 10 11 11 12 12 13 0 14 14 15 15 16 16 17 17 18 18 19 19 20 0 21 21 22 0 23 0 24 0 25 0 26 G -1 0 -1 0 -1 0 -1 0 -1 0 -1 0 -1 0 -1 0 -1 0 -1 0 -1 0 -1 0 -1 0 -1 0 -1 0 -1 0 -1 0 -1 0 -1 0 -1 0 -1 0 -1 0 -1 0 -1 0 -1 0 -1 0
27 0 1 1 2 2 3 3 4 4 5 5 6 6 7 7 8 8 9 9 10 10 11 11 12 12 13 0 14 14 15 15 16 16 17 17 18 18 19 19 20 0 21 0 22 0 23 0 24 0 25 0 26 G -1 0 -1 0 -1 0 -1 0 -1 0 -1 0 -1 0 -1 0 -1 0 -1 0 -1 0 -1 0 -1 0 -1 0 -1 0 -1 0 -1 0 -1 0 -1 0 -1 0 -1 0 -1 0 -1 0 -1 0 -1 0 -1 0
27 0 1 1 2 2 3 3 4 4 5 5 6 6 7 7 8 8 9 9 10 10 11 11 12 12 13 0 14 14 15 15 16 16 17 17 18 18 19 0 20 20 21 21 22 22 23 23 24 24 25 0 26 G -1 0 -1 0 -1 0 -1 0 -1 0 -1 0 -1 0 -1 0 -1 0 -1 0 -1 0 -1 0 -1 0 0 0 0 0 0 0 0 0 0 0 0 0 0 1 0 1 0 1 0 1 0 1 0 1 -1 0
27 0 1 1 2 2 3 3 4 4 5 5 6 6 7 7 8 8 9 9 10 10 11 11 12 12 13 0 14 14 15 15 16 16 17 17 18 18 19 0 20 20 21 21 22 22 23 23 24 0 25 25 26 G -1 0 -1 0 -1 0 -1 0 -1 0 -1 0 -1 0 -1 0 -1 0 -1 0 -1 0 -1 0 -1 0 -1 0 -1 0 -1 0 -1 0 -1 0 -1 0 -1 0 -1 0 -1 0 -1 0 -1 0 -1 0 -1 0
27 0 1 1 2 2 3 3 4 4 5 5 6 6 7 7 8 8 9 9 10 10 11 11 12 12 13 0 14 14 15 15 16 16 17 17 18 18 19 0 20 20 21 21 22 22 23 23 24 0 25 0 26 G -1 0 -1 0 -1 0 -1 0 -1 0 -1 0 -1 0 -1 0 -1 0 -1 0 -1 0 -1 0 -1 0 -1 0 -1 0 -1 0 -1 0 -1 0 -1 0 -1 0 -1 0 -1 0 -1 0 -1 0 -1 0 -1 0
27 0 1 1 2 2 3 3 4 4 5 5 6 6 7 7 8 8 9 9 10 10 11 11 12 12 13 0 14 14 15 15 16 16 17 17 18 18 19 0 20 20 21 21 22 22 23 0 24 24 25 25 26 G -1 0 -1 0 -1 0 -1 0 -1 0 -1 0 -1 0 -1 0 -1 0 -1 0 -1 0 -1 0 -1 0 -1 0 -1 0 -1 0 -1 0 -1 0 -1 0 -1 0 -1 0 -1 0 -1 0 -1 0 -1 0 -1 0
27 0 1 1 2 2 3 3 4 4 5 5 6 6 7 7 8 8 9 9 10 10 11 11 12 12 13 0 14 14 15 15 16 16 17 17 18 18 19 0 20 20 21 21 22 22 23 0 24 24 25 0 26 G -1 0 -1 0 -1 0 -1 0 -1 0 -1 0 -1 0 -1 0 -1 0 -1 0 -1 0 -1 0 -1 0 -1 0 -1 0 -1 0 -1 0 -1 0 -1 0 -1 0 -1 0 -1 0 -1 0 -1 0 -1 0 -1 0
27 0 1 1 2 2 3 3 4 4 5 5 6 6 7 7 8 8 9 9 10 10 11 11 12 12 13 0 14 14 15 15 16 16 17 17 18 18 19 0 20 20 21 21 22 22 23 0 24 0 25 0 26 G -1 0 -1 0 -1 0 -1 0 -1 0 -1 0 -1 0 -1 0 -1 0 -1 0 -1 0 -1 0 -1 0 -1 0 -1 0 -1 0 -1 0 -1 0 -1 0 -1 0 -1 0 -1 0 -1 0 -1 0 -1 0 -1 0
27 0 1 1 2 2 3 3 4 4 5 5 6 6 7 7 8 8 9 9 10 10 11 11 12 12 13 0 14 14 15 15 16 16 17 17 18 18 19 0 20 20 21 21 22 0 23 23 24 24 25 0 26 G -1 0 -1 0 -1 0 -1 0 -1 0 -1 0 -1 0 -1 0 -1 0 -1 0 -1 0 -1 0 -1 0 -1 0 -1 0 -1 0 -1 0 -1 0 -1 0 0 0 0 0 0 0 0 1 0 1 0 1 -1 0
27 0 1 1 2 2 3 3 4 4 5 5 6 6 7 7 8 8 9 9 10 10 11 11 12 12 13 0 14 14 15 15 16 16 17 17 18 18 19 0 20 20 21 21 22 0 23 23 24 0 25 25 26 G -1 0 -1 0 -1 0 -1 0 -1 0 -1 0 -1 0 -1 0 -1 0 -1 0 -1 0 -1 0 -1 0 -1 0 -1 0 -1 0 -1 0 -1 0 -1 0 -1 0 -1 0 -1 0 0 0 0 0 0 1 0 1
27 0 1 1 2 2 3 3 4 4 5 5 6 6 7 7 8 8 9 9 10 10 11 11 12 12 13 0 14 14 15 15 16 16 17 17 18 18 19 0 20 20 21 21 22 0 23 23 24 0 25 0 26 G -1 0 -1 0 -1 0 -1 0 -1 0 -1 0 -1 0 -1 0 -1 0 -1 0 -1 0 -1 0 -1 0 -1 0 -1 0 -1 0 -1 0 -1 0 -1 0 -1 0 -1 0 -1 0 -1 0 -1 0 -1 0 -1 0
27 0 1 1 2 2 3 3 4 4 5 5 6 6 7 7 8 8 9 9 10 10 11 11 12 12 13 0 14 14 15 15 16 16 17 17 18 18 19 0 20 20 21 21 22 0 23 0 24 0 25 0 26 G -1 0 -1 0 -1 0 -1 0 -1 0 -1 0 -1 0 -1 0 -1 0 -1 0 -1 0 -1 0 -1 0 -1 0 -1 0 -1 0 -1 0 -1 0 -1 0 -1 0 -1 0 -1 0 -1 0 -1 0 -1 0 -1 0
27 0 1 1 2 2 3 3 4 4 5 5 6 6 7 7 8 8 9 9 10 10 11 11 12 12 13 0 14 14 15 15 16 16 17 17 18 18 19 0 20 20 21 0 22 22 23 0 24 24 25 0 26 G -1 0 -1 0 -1 0 -1 0 -1 0 -1 0 -1 0 -1 0 -1 0 -1 0 -1 0 -1 0 -1 0 -1 0 -1 0 -1 0 -1 0 -1 0 -1 0 0 0 0 0 0 1 0 1 0 2 0 2 -1 0
27 0 1 1 2 2 3 3 4 4 5 5 6 6 7 7 8 8 9 9 10 10 11 11 12 12 13 0 14 14 15 15 16 16 17 17 18 18 19 0 20 20 21 0 22 22 23 0 24 0 25 0 26 G -1 0 -1 0 -1 0 -1 0 -1 0 -1 0 -1 0 -1 0 -1 0 -1 0 -1 0 -1 0 -1 0 -1 0 -1 0 -1 0 -1 0 -1 0 -1 0 0 0 0 0 0 1 0 1 -1 0 -1 0 -1 0
27 0 1 1 2 2 3 3 4 4 5 5 6 6 7 7 8 8 9 9 10 10 11 11 12 12 13 0 14 14 15 15 16 16 17 17 18 18 19 0 20 20 21 0 22 0 23 0 24 0 25 0 26 G -1 0 -1 0 -1 0 -1 0 -1 0 -1 0 -1 0 -1 0 -1 0 -1 0 -1 0 -1 0 -1 0 -1 0 -1 0 -1 0 -1 0 -1 0 -1 0 -1 0 -1 0 -1 0 -1 0 -1 0 -1 0 -1 0
27 0 1 1 2 2 3 3 4 4 5 5 6 6 7 7 8 8 9 9 10 10 11 11 12 12 13 0 14 14 15 15 16 16 17 17 18 18 19 0 20 0 21 0 22 0 23 0 24 0 25 0 26 G -1 0 -1 0 -1 0 -1 0 -1 0 -1 0 -1 0 -1 0 -1 0 -1 0 -1 0 -1 0 -1 0 -1 0 -1 0 -1 0 -1 0 -1 0 -1 0 -1 0 -1 0 -1 0 -1 0 -1 0 -1 0 -1 0
27 0 1 1 2 2 3 3 4 4 5 5 6 6 7 7 8 8 9 9 10 10 11 11 12 12 13 0 14 14 15 15 16 16 17 17 18 0 19 19 20 20 21 21 22 22 23 0 24 24 25 25 26 G -1 0 -1 0 -1 0 -1 0 -1 0 -1 0 -1 0 -1 0 -1 0 -1 0 -1 0 -1 0 -1 0 0 0 0 0 0 0 0 0 0 0 0 1 0 1 0 1 0 1 0 1 -1 0 -1 0 -1 0
27 0 1 1 2 2 3 3 4 4 5 5 6 6 7 7 8 8 9 9 10 10 11 11 12 12 13 0 14 14 15 15 16 16 17 17 18 0 19 19 20 20 21 21 22 22 23 0 24 24 25 0 26 G -1 0 -1 0 -1 0 -1 0 -1 0 -1 0 -1 0 -1 0 -1 0 -1 0 -1 0 -1 0 -1 0 0 0 0 0 0 0 0 0 0 0 0 1 0 1 0 1 0 1 0 1 -1 0 -1 0 -1 0
27 0 1 1 2 2 3 3 4 4 5 5 6 6 7 7 8 8 9 9 10 10 11 11 12 12 13 0 14 14 15 15 16 16 17 17 18 0 19 19 20 20 21 21 22 22 23 0 24 0 25 0 26 G -1 0 -1 0 -1 0 -1 0 -1 0 -1 0 -1 0 -1 0 -1 0 -1 0 -1 0 -1 0 -1 0 0 0 0 0 0 0 0 0 0 0 0 1 0 1 0 1 0 1 0 1 -1 0 -1 0 -1 0
27 0 1 1 2 2 3 3 4 4 5 5 6 6 7 7 8 8 9 9 10 10 11 11 12 12 13 0 14 14 15 15 16 16 17 17 18 0 19 19 20 20 21 21 22 0 23 23 24 24 25 25 26 G -1 0 -1 0 -1 0 -1 0 -1 0 -1 0 -1 0 -1 0 -1 0 -1 0 -1 0 -1 0 -1 0 -1 0 -1 0 -1 0 -1 0 -1 0 0 0 0 0 0 0 0 0 0 1 0 1 0 1 0 1
27 0 1 1 2 2 3 3 4 4 5 5 6 6 7 7 8 8 9 9 10 10 11 11 12 12 13 0 14 14 15 15 16 16 17 17 18 0 19 19 20 20 21 21 22 0 23 23 24 24 25 0 26 G -1 0 -1 0 -1 0 -1 0 -1 0 -1 0 -1 0 -1 0 -1 0 -1 0 -1 0 -1 0 -1 0 -1 0 -1 0 -1 0 -1 0 -1 0 -1 0 -1 0 -1 0 -1 0 -1 0 -1 0 -1 0 -1 0
27 0 1 1 2 2 3 3 4 4 5 5 6 6 7 7 8 8 9 9 10 10 11 11 12 12 13 0 14 14 15 15 16 16 17 17 18 0 19 19 20 20 21 21 22 0 23 23 24 0 25 25 26 G -1 0 -1 0 -1 0 -1 0 -1 0 -1 0 -1 0 -1 0 -1 0 -1 0 -1 0 -1 0 -1 0 -1 0 -1 0 -1 0 -1 0 -1 0 -1 0 -1 0 -1 0 -1 0 0 0 0 0 0 1 0 1
27 0 1 1 2 2 3 3 4 4 5 5 6 6 7 7 8 8 9 9 10 10 11 11 12 12 13 0 14 14 15 15 16 16 17 17 18 0 19 19 20 20 21 21 22 0 23 23 24 0 25 0 26 G -1 0 -1 0 -1 0 -1 0 -1 0 -1 0 -1 0 -1 0 -1 0 -1 0 -1 0 -1 0 -1 0 -1 0 -1 0 -1 0 -1 0 -1 0 -1 0 -1 0 -1 0 -1 0 -1 0 -1 0 -1 0 -1 0
27 0 1 1 2 2 3 3 4 4 5 5 6 6 7 7 8 8 9 9 10 10 11 11 12 12 13 0 14 14 15 15 16 16 17 17 18 0 19 19 20 20 21 21 22 0 23 0 24 0 25 0 26 G -1 0 -1 0 -1 0 -1 0 -1 0 -1 0 -1 0 -1 0 -1 0 -1 0 -1 0 -1 0 -1 0 -1 0 -1 0 -1 0 -1 0 -1 0 -1 0 -1 0 -1 0 -1 0 -1 0 -1 0 -1 0 -1 0
27 0 1 1 2 2 3 3 4 4 5 5 6 6 7 7 8 8 9 9 10 10 11 11 12 12 13 0 14 14 15 15 16 16 17 17 18 0 19 19 20 20 21 0 22 22 23 23 24 0 25 25 26 G -1 0 -1 0 -1 0 -1 0 -1 0 -1 0 -1 0 -1 0 -1 0 -1 0 -1 0 -1 0 -1 0 -1 0 -1 0 -1 0 -1 0 -1 0 0 0 0 0 0 0 0 1 0 1 0 1 -1 0 -1 0
27 0 1 1 2 2 3 3 4 4 5 5 6 6 7 7 8 8 9 9 10 10 11 11 12 12 13 0 14 14 15 15 16 16 17 17 18 0 19 19 20 20 21 0 22 22 23 23 24 0 25 0 26 G -1 0 -1 0 -1 0 -1 0 -1 0 -1 0 -1 0 -1 0 -1 0 -1 0 -1 0 -1 0 -1 0 -1 0 -1 0 -1 0 -1 0 -1 0 0 0 0 0 0 0 0 1 0 1 0 1 -1 0 -1 0
27 0 1 1 2 2 3 3 4 4 5 5 6 6 7 7 8 8 9 9 10 10 11 11 12 12 13 0 14 14 15 15 16 16 17 17 18 0 19 19 20 20 21 0 22 22 23 0 24 24 25 0 26 G -1 0 -1 0 -1 0 -1 0 -1 0 -1 0 -1 0 -1 0 -1 0 -1 0 -1 0 -1 0 -1 0 -1 0 -1 0 -1 0 -1 0 -1 0 -1 0 -1 0 -1 0 0 0 0 0 0 1 0 1 -1 0
27 0 1 1 2 2 3 3 4 4 5 5 6 6 7 7 8 8 9 9 10 10 11 11 12 12 13 0 14 14 15 15 16 16 17 17 18 0 19 19 20 20 21 0 22 22 23 0 24 0 25 0 26 G -1 0 -1 0 -1 0 -1 0 -1 0 -1 0 -1 0 -1 0 -1 0 -1 0 -1 0 -1 0 -1 0 -1 0 -1 0 -1 0 -1 0 -1 0 -1 0 -1 0 -1 0 -1 0 -1 0 -1 0 -1 0 -1 0
27 0 1 1 2 2 3 3 4 4 5 5 6 6 7 7 8 8 9 9 10 10 11 11 12 12 13 0 14 14 15 15 16 16 17 17 18 0 19 19 20 20 21 0 22 0 23 0 24 0 25 0 26 G -1 0 -1 0 -1 0 -1 0 -1 0 -1 0 -1 0 -1 0 -1 0 -1 0 -1 0 -1 0 -1 0 -1 0 -1 0 -1 0 -1 0 -1 0 -1 0 -1 0 -1 0 -1 0 -1 0 -1 0 -1 0 -1 0
27 0 1 1 2 2 3 3 4 4 5 5 6 6 7 7 8 8 9 9 10 10 11 11 12 12 13 0 14 14 15 15 16 16 17 17 18 0 19 19 20 0 21 21 22 0 23 23 24 0 25 25 26 G -1 0 -1 0 -1 0 -1 0 -1 0 -1 0 -1 0 -1 0 -1 0 -1 0 -1 0 -1 0 -1 0 -1 0 -1 0 -1 0 -1 0 -1 0 0 0 0 0 0 1 0 1 0 2 0 2 0 3 0 3
27 0 1 1 2 2 3 3 4 4 5 5 6 6 7 7 8 8 9 9 10 10 11 11 12 12 13 0 14 14 15 15 16 16 17 17 18 0 19 19 20 0 21 21 22 0 23 23 24 0 25 0 26 G -1 0 -1 0 -1 0 -1 0 -1 0 -1 0 -1 0 -1 0 -1 0 -1 0 -1 0 -1 0 -1 0 -1 0 -1 0 -1 0 -1 0 -1 0 0 0 0 0 0 1 0 1 0 2 0 2 -1 0 -1 0
27 0 1 1 2 2 3 3 4 4 5 5 6 6 7 7 8 8 9 9 10 10 11 11 12 12 13 0 14 14 15 15 16 16 17 17 18 0 19 19 20 0 21 21 22 0 23 0 24 0 25 0 26 G -1 0 -1 0 -1 0 -1 0 -1 0 -1 0 -1 0 -1 0 -1 0 -1 0 -1 0 -1 0 -1 0 -1 0 -1 0 -1 0 -1 0 -1 0 0 0 0 0 0 1 0 1 -1 0 -1 0 -1 0 -1 0
27 0 1 1 2 2 3 3 4 4 5 5 6 6 7 7 8 8 9 9 10 10 11 11 12 12 13 0 14 14 15 15 16 16 17 17 18 0 19 19 20 0 21 0 22 0 23 0 24 0 25 0 26 G -1 0 -1 0 -1 0 -1 0 -1 0 -1 0 -1 0 -1 0 -1 0 -1 0 -1 0 -1 0 -1 0 -1 0 -1 0 -1 0 -1 0 -1 0 -1 0 -1 0 -1 0 -1 0 -1 0 -1 0 -1 0 -1 0
27 0 1 1 2 2 3 3 4 4 5 5 6 6 7 7 8 8 9 9 10 10 11 11 12 12 13 0 14 14 15 15 16 16 17 17 18 0 19 0 20 0 21 0 22 0 23 0 24 0 25 0 26 G -1 0 -1 0 -1 0 -1 0 -1 0 -1 0 -1 0 -1 0 -1 0 -1 0 -1 0 -1 0 -1 0 -1 0 -1 0 -1 0 -1 0 -1 0 -1 0 -1 0 -1 0 -1 0 -1 0 -1 0 -1 0 -1 0
27 0 1 1 2 2 3 3 4 4 5 5 6 6 7 7 8 8 9 9 10 10 11 11 12 12 13 0 14 14 15 15 16 16 17 0 18 18 19 19 20 20 21 0 22 22 23 23 24 24 25 0 26 G -1 0 -1 0 -1 0 -1 0 -1 0 -1 0 -1 0 -1 0 -1 0 -1 0 -1 0 -1 0 -1 0 0 0 0 0 0 0 0 0 0 1 0 1 0 1 0 1 0 2 0 2 0 2 0 2 -1 0
27 0 1 1 2 2 3 3 4 4 5 5 6 6 7 7 8 8 9 9 10 10 11 11 12 12 13 0 14 14 15 15 16 16 17 0 18 18 19 19 20 20 21 0 22 22 23 23 24 0 25 25 26 G -1 0 -1 0 -1 0 -1 0 -1 0 -1 0 -1 0 -1 0 -1 0 -1 0 -1 0 -1 0 -1 0 0 0 0 0 0 0 0 0 0 1 0 1 0 1 0 1 -1 0 -1 0 -1 0 -1 0 -1 0
27 0 1 1 2 2 3 3 4 4 5 5 6 6 7 7 8 8 9 9 10 10 11 11 12 12 13 0 14 14 15 15 16 16 17 0 18 18 19 19 20 20 21 0 22 22 23 23 24 0 25 0 26 G -1 0 -1 0 -1 0 -1 0 -1 0 -1 0 -1 0 -1 0 -1 0 -1 0 -1 0 -1 0 -1 0 0 0 0 0 0 0 0 0 0 1 0 1 0 1 0 1 -1 0 -1 0 -1 0 -1 0 -1 0
27 0 1 1 2 2 3 3 4 4 5 5 6 6 7 7 8 8 9 9 10 10 11 11 12 12 13 0 14 14 15 15 16 16 17 0 18 18 19 19 20 20 21 0 22 22 23 0 24 24 25 0 26 G -1 0 -1 0 -1 0 -1 0 -1 0 -1 0 -1 0 -1 0 -1 0 -1 0 -1 0 -1 0 -1 0 1 0 1 0 1 0 1 0 1 1 1 1 1 1 1 1 0 0 0 0 0 1 0 1 -1 0
27 0 1 1 2 2 3 3 4 4 5 5 6 6 7 7 8 8 9 9 10 10 11 11 12 12 13 0 14 14 15 15 16 16 17 0 18 18 19 19 20 20 21 0 22 22 23 0 24 0 25 0 26 G -1 0 -1 0 -1 0 -1 0 -1 0 -1 0 -1 0 -1 0 -1 0 -1 0 -1 0 -1 0 -1 0 0 0 0 0 0 0 0 0 0 1 0 1 0 1 0 1 -1 0 -1 0 -1 0 -1 0 -1 0
27 0 1 1 2 2 3 3 4 4 5 5 6 6 7 7 8 8 9 9 10 10 11 11 12 12 13 0 14 14 15 15 16 16 17 0 18 18 19 19 20 20 21 0 22 0 23 0 24 0 25 0 26 G -1 0 -1 0 -1 0 -1 0 -1 0 -1 0 -1 0 -1 0 -1 0 -1 0 -1 0 -1 0 -1 0 0 0 0 0 0 0 0 0 0 1 0 1 0 1 0 1 -1 0 -1 0 -1 0 -1 0 -1 0
27 0 1 1 2 2 3 3 4 4 5 5 6 6 7 7 8 8 9 9 10 10 11 11 12 12 13 0 14 14 15 15 16 16 17 0 18 18 19 19 20 0 21 21 22 22 23 0 24 24 25 25 26 G -1 0 -1 0 -1 0 -1 0 -1 0 -1 0 -1 0 -1 0 -1 0 -1 0 -1 0 -1 0 -1 0 -1 0 -1 0 -1 0 -1 0 0 0 0 0 0 0 0 1 0 1 0 1 0 2 0 2 0 2
27 0 1 1 2 2 3 3 4 4 5 5 6 6 7 7 8 8 9 9 10 10 11 11 12 12 13 0 14 14 15 15 16 16 17 0 18 18 19 19 20 0 21 21 22 22 23 0 24 24 25 0 26 G -1 0 -1 0 -1 0 -1 0 -1 0 -1 0 -1 0 -1 0 -1 0 -1 0 -1 0 -1 0 -1 0 -1 0 -1 0 -1 0 -1 0 0 0 0 0 0 0 0 1 0 1 0 1 -1 0 -1 0 -1 0
27 0 1 1 2 2 3 3 4 4 5 5 6 6 7 7 8 8 9 9 10 10 11 11 12 12 13 0 14 14 15 15 16 16 17 0 18 18 19 19 20 0 21 21 22 22 23 0 24 0 25 0 26 G -1 0 -1 0 -1 0 -1 0 -1 0 -1 0 -1 0 -1 0 -1 0 -1 0 -1 0 -1 0 -1 0 -1 0 -1 0 -1 0 -1 0 0 0 0 0 0 0 0 1 0 1 0 1 -1 0 -1 0 -1 0
27 0 1 1 2 2 3 3 4 4 5 5 6 6 7 7 8 8 9 9 10 10 11 11 12 12 13 0 14 14 15 15 16 16 17 0 18 18 19 19 20 0 21 21 22 0 23 23 24 0 25 25 26 G -1 0 -1 0 -1 0 -1 0 -1 0 -1 0 -1 0 -1 0 -1 0 -1 0 -1 0 -1 0 -1 0 -1 0 -1 0 -1 0 -1 0 -1 0 -1 0 -1 0 0 0 0 0 0 1 0 1 0 2 0 2
27 0 1 1 2 2 3 3 4 4 5 5 6 6 7 7 8 8 9 9 10 10 11 11 12 12 13 0 14 14 15 15 16 16 17 0 18 18 19 19 20 0 21 21 22 0 23 23 24 0 25 0 26 G -1 0 -1 0 -1 0 -1 0 -1 0 -1 0 -1 0 -1 0 -1 0 -1 0 -1 0 -1 0 -1 0 -1 0 -1 0 -1 0 -1 0 -1 0 -1 0 -1 0 0 0 0 0 0 1 0 1 -1 0 -1 0
27 0 1 1 2 2 3 3 4 4 5 5 6 6 7 7 8 8 9 9 10 10 11 11 12 12 13 0 14 14 15 15 16 16 17 0 18 18 19 19 20 0 21 21 22 0 23 0 24 0 25 0 26 G -1 0 -1 0 -1 0 -1 0 -1 0 -1 0 -1 0 -1 0 -1 0 -1 0 -1 0 -1 0 -1 0 -1 0 -1 0 -1 0 -1 0 -1 0 -1 0 -1 0 -1 0 -1 0 -1 0 -1 0 -1 0 -1 0
27 0 1 1 2 2 3 3 4 4 5 5 6 6 7 7 8 8 9 9 10 10 11 11 12 12 13 0 14 14 15 15 16 16 17 0 18 18 19 19 20 0 21 0 22 0 23 0 24 0 25 0 26 G -1 0 -1 0 -1 0 -1 0 -1 0 -1 0 -1 0 -1 0 -1 0 -1 0 -1 0 -1 0 -1 0 -1 0 -1 0 -1 0 -1 0 -1 0 -1 0 -1 0 -1 0 -1 0 -1 0 -1 0 -1 0 -1 0
27 0 1 1 2 2 3 3 4 4 5 5 6 6 7 7 8 8 9 9 10 10 11 11 12 12 13 0 14 14 15 15 16 16 17 0 18 18 19 0 20 20 21 0 22 22 23 0 24 24 25 0 26 G -1 0 -1 0 -1 0 -1 0 -1 0 -1 0 -1 0 -1 0 -1 0 -1 0 -1 0 -1 0 -1 0 -1 0 -1 0 -1 0 -1 0 0 0 0 0 0 1 0 1 0 2 0 2 0 3 0 3 -1 0
27 0 1 1 2 2 3 3 4 4 5 5 6 6 7 7 8 8 9 9 10 10 11 11 12 12 13 0 14 14 15 15 16 16 17 0 18 18 19 0 20 20 21 0 22 22 23 0 24 0 25 0 26 G -1 0 -1 0 -1 0 -1 0 -1 0 -1 0 -1 0 -1 0 -1 0 -1 0 -1 0 -1 0 -1 0 -1 0 -1 0 -1 0 -1 0 0 0 0 0 0 1 0 1 0 2 0 2 -1 0 -1 0 -1 0
27 0 1 1 2 2 3 3 4 4 5 5 6 6 7 7 8 8 9 9 10 10 11 11 12 12 13 0 14 14 15 15 16 16 17 0 18 18 19 0 20 20 21 0 22 0 23 0 24 0 25 0 26 G -1 0 -1 0 -1 0 -1 0 -1 0 -1 0 -1 0 -1 0 -1 0 -1 0 -1 0 -1 0 -1 0 -1 0 -1 0 -1 0 -1 0 0 0 0 0 0 1 0 1 -1 0 -1 0 -1 0 -1 0 -1 0
27 0 1 1 2 2 3 3 4 4 5 5 6 6 7 7 8 8 9 9 10 10 11 11 12 12 13 0 14 14 15 15 16 16 17 0 18 18 19 0 20 0 21 0 22 0 23 0 24 0 25 0 26 G -1 0 -1 0 -1 0 -1 0 -1 0 -1 0 -1 0 -1 0 -1 0 -1 0 -1 0 -1 0 -1 0 -1 0 -1 0 -1 0 -1 0 -1 0 -1 0 -1 0 -1 0 -1 0 -1 0 -1 0 -1 0 -1 0
27 0 1 1 2 2 3 3 4 4 5 5 6 6 7 7 8 8 9 9 10 10 11 11 12 12 13 0 14 14 15 15 16 16 17 0 18 0 19 0 20 0 21 0 22 0 23 0 24 0 25 0 26 G -1 0 -1 0 -1 0 -1 0 -1 0 -1 0 -1 0 -1 0 -1 0 -1 0 -1 0 -1 0 -1 0 -1 0 -1 0 -1 0 -1 0 -1 0 -1 0 -1 0 -1 0 -1 0 -1 0 -1 0 -1 0 -1 0
27 0 1 1 2 2 3 3 4 4 5 5 6 6 7 7 8 8 9 9 10 10 11 11 12 12 13 0 14 14 15 15 16 0 17 17 18 18 19 0 20 20 21 21 22 0 23 23 24 24 25 0 26 G -1 0 -1 0 -1 0 -1 0 -1 0 -1 0 -1 0 -1 0 -1 0 -1 0 -1 0 -1 0 -1 0 0 0 0 0 0 0 0 1 0 1 0 1 0 2 0 2 0 2 0 3 0 3 0 3 -1 0
27 0 1 1 2 2 3 3 4 4 5 5 6 6 7 7 8 8 9 9 10 10 11 11 12 12 13 0 14 14 15 15 16 0 17 17 18 18 19 0 20 20 21 21 22 0 23 23 24 0 25 25 26 G -1 0 -1 0 -1 0 -1 0 -1 0 -1 0 -1 0 -1 0 -1 0 -1 0 -1 0 -1 0 -1 0 1 0 1 0 1 0 1 1 1 1 1 1 1 2 1 2 1 2 0 0 0 0 0 1 0 1
27 0 1 1 2 2 3 3 4 4 5 5 6 6 7 7 8 8 9 9 10 10 11 11 12 12 13 0 14 14 15 15 16 0 17 17 18 18 19 0 20 20 21 21 22 0 23 23 24 0 25 0 26 G -1 0 -1 0 -1 0 -1 0 -1 0 -1 0 -1 0 -1 0 -1 0 -1 0 -1 0 -1 0 -1 0 0 0 0 0 0 0 0 1 0 1 0 1 0 2 0 2 0 2 -1 0 -1 0 -1 0 -1 0
27 0 1 1 2 2 3 3 4 4 5 5 6 6 7 7 8 8 9 9 10 10 11 11 12 12 13 0 14 14 15 15 16 0 17 17 18 18 19 0 20 20 21 21 22 0 23 0 24 0 25 0 26 G -1 0 -1 0 -1 0 -1 0 -1 0 -1 0 -1 0 -1 0 -1 0 -1 0 -1 0 -1 0 -1 0 0 0 0 0 0 0 0 1 0 1 0 1 0 2 0 2 0 2 -1 0 -1 0 -1 0 -1 0
27 0 1 1 2 2 3 3 4 4 5 5 6 6 7 7 8 8 9 9 10 10 11 11 12 12 13 0 14 14 15 15 16 0 17 17 18 18 19 0 20 20 21 0 22 22 23 0 24 24 25 0 26 G -1 0 -1 0 -1 0 -1 0 -1 0 -1 0 -1 0 -1 0 -1 0 -1 0 -1 0 -1 0 -1 0 1 0 1 0 1 0 1 1 1 1 1 1 0 0 0 0 0 1 0 1 0 2 0 2 -1 0
27 0 1 1 2 2 3 3 4 4 5 5 6 6 7 7 8 8 9 9 10 10 11 11 12 12 13 0 14 14 15 15 16 0 17 17 18 18 19 0 20 20 21 0 22 22 23 0 24 0 25 0 26 G -1 0 -1 0 -1 0 -1 0 -1 0 -1 0 -1 0 -1 0 -1 0 -1 0 -1 0 -1 0 -1 0 1 0 1 0 1 0 1 1 1 1 1 1 0 0 0 0 0 1 0 1 -1 0 -1 0 -1 0
27 0 1 1 2 2 3 3 4 4 5 5 6 6 7 7 8 8 9 9 10 10 11 11 12 12 13 0 14 14 15 15 16 0 17 17 18 18 19 0 20 20 21 0 22 0 23 0 24 0 25 0 26 G -1 0 -1 0 -1 0 -1 0 -1 0 -1 0 -1 0 -1 0 -1 0 -1 0 -1 0 -1 0 -1 0 0 0 0 0 0 0 0 1 0 1 0 1 -1 0 -1 0 -1 0 -1 0 -1 0 -1 0 -1 0
27 0 1 1 2 2 3 3 4 4 5 5 6 6 7 7 8 8 9 9 10 10 11 11 12 12 13 0 14 14 15 15 16 0 17 17 18 18 19 0 20 0 21 0 22 0 23 0 24 0 25 0 26 G -1 0 -1 0 -1 0 -1 0 -1 0 -1 0 -1 0 -1 0 -1 0 -1 0 -1 0 -1 0 -1 0 0 0 0 0 0 0 0 1 0 1 0 1 -1 0 -1 0 -1 0 -1 0 -1 0 -1 0 -1 0
27 0 1 1 2 2 3 3 4 4 5 5 6 6 7 7 8 8 9 9 10 10 11 11 12 12 13 0 14 14 15 15 16 0 17 17 18 0 19 19 20 0 21 21 22 0 23 23 24 0 25 25 26 G -1 0 -1 0 -1 0 -1 0 -1 0 -1 0 -1 0 -1 0 -1 0 -1 0 -1 0 -1 0 -1 0 -1 0 -1 0 -1 0 0 0 0 0 0 1 0 1 0 2 0 2 0 3 0 3 0 4 0 4
27 0 1 1 2 2 3 3 4 4 5 5 6 6 7 7 8 8 9 9 10 10 11 11 12 12 13 0 14 14 15 15 16 0 17 17 18 0 19 19 20 0 21 21 22 0 23 23 24 0 25 0 26 G -1 0 -1 0 -1 0 -1 0 -1 0 -1 0 -1 0 -1 0 -1 0 -1 0 -1 0 -1 0 -1 0 -1 0 -1 0 -1 0 0 0 0 0 0 1 0 1 0 2 0 2 0 3 0 3 -1 0 -1 0
27 0 1 1 2 2 3 3 4 4 5 5 6 6 7 7 8 8 9 9 10 10 11 11 12 12 13 0 14 14 15 15 16 0 17 17 18 0 19 19 20 0 21 21 22 0 23 0 24 0 25 0 26 G -1 0 -1 0 -1 0 -1 0 -1 0 -1 0 -1 0 -1 0 -1 0 -1 0 -1 0 -1 0 -1 0 -1 0 -1 0 -1 0 0 0 0 0 0 1 0 1 0 2 0 2 -1 0 -1 0 -1 0 -1 0
27 0 1 1 2 2 3 3 4 4 5 5 6 6 7 7 8 8 9 9 10 10 11 11 12 12 13 0 14 14 15 15 16 0 17 17 18 0 19 19 20 0 21 0 22 0 23 0 24 0 25 0 26 G -1 0 -1 0 -1 0 -1 0 -1 0 -1 0 -1 0 -1 0 -1 0 -1 0 -1 0 -1 0 -1 0 -1 0 -1 0 -1 0 0 0 0 0 0 1 0 1 -1 0 -1 0 -1 0 -1 0 -1 0 -1 0
27 0 1 1 2 2 3 3 4 4 5 5 6 6 7 7 8 8 9 9 10 10 11 11 12 12 13 0 14 14 15 15 16 0 17 17 18 0 19 0 20 0 21 0 22 0 23 0 24 0 25 0 26 G -1 0 -1 0 -1 0 -1 0 -1 0 -1 0 -1 0 -1 0 -1 0 -1 0 -1 0 -1 0 -1 0 -1 0 -1 0 -1 0 -1 0 -1 0 -1 0 -1 0 -1 0 -1 0 -1 0 -1 0 -1 0 -1 0
27 0 1 1 2 2 3 3 4 4 5 5 6 6 7 7 8 8 9 9 10 10 11 11 12 12 13 0 14 14 15 15 16 0 17 0 18 0 19 0 20 0 21 0 22 0 23 0 24 0 25 0 26 G -1 0 -1 0 -1 0 -1 0 -1 0 -1 0 -1 0 -1 0 -1 0 -1 0 -1 0 -1 0 -1 0 -1 0 -1 0 -1 0 -1 0 -1 0 -1 0 -1 0 -1 0 -1 0 -1 0 -1 0 -1 0 -1 0
27 0 1 1 2 2 3 3 4 4 5 5 6 6 7 7 8 8 9 9 10 10 11 11 12 12 13 0 14 14 15 0 16 16 17 0 18 18 19 0 20 20 21 0 22 22 23 0 24 24 25 0 26 G -1 0 -1 0 -1 0 -1 0 -1 0 -1 0 -1 0 -1 0 -1 0 -1 0 -1 0 -1 0 -1 0 0 0 0 0 0 1 0 1 0 2 0 2 0 3 0 3 0 4 0 4 0 5 0 5 -1 0
27 0 1 1 2 2 3 3 4 4 5 5 6 6 7 7 8 8 9 9 10 10 11 11 12 12 13 0 14 14 15 0 16 16 17 0 18 18 19 0 20 20 21 0 22 22 23 0 24 0 25 0 26 G -1 0 -1 0 -1 0 -1 0 -1 0 -1 0 -1 0 -1 0 -1 0 -1 0 -1 0 -1 0 -1 0 0 0 0 0 0 1 0 1 0 2 0 2 0 3 0 3 0 4 0 4 -1 0 -1 0 -1 0
27 0 1 1 2 2 3 3 4 4 5 5 6 6 7 7 8 8 9 9 10 10 11 11 12 12 13 0 14 14 15 0 16 16 17 0 18 18 19 0 20 20 21 0 22 0 23 0 24 0 25 0 26 G -1 0 -1 0 -1 0 -1 0 -1 0 -1 0 -1 0 -1 0 -1 0 -1 0 -1 0 -1 0 -1 0 0 0 0 0 0 1 0 1 0 2 0 2 0 3 0 3 -1 0 -1 0 -1 0 -1 0 -1 0
27 0 1 1 2 2 3 3 4 4 5 5 6 6 7 7 8 8 9 9 10 10 11 11 12 12 13 0 14 14 15 0 16 16 17 0 18 18 19 0 20 0 21 0 22 0 23 0 24 0 25 0 26 G -1 0 -1 0 -1 0 -1 0 -1 0 -1 0 -1 0 -1 0 -1 0 -1 0 -1 0 -1 0 -1 0 0 0 0 0 0 1 0 1 0 2 0 2 -1 0 -1 0 -1 0 -1 0 -1 0 -1 0 -1 0
27 0 1 1 2 2 3 3 4 4 5 5 6 6 7 7 8 8 9 9 10 10 11 11 12 12 13 0 14 14 15 0 16 16 17 0 18 0 19 0 20 0 21 0 22 0 23 0 24 0 25 0 26 G -1 0 -1 0 -1 0 -1 0 -1 0 -1 0 -1 0 -1 0 -1 0 -1 0 -1 0 -1 0 -1 0 0 0 0 0 0 1 0 1 -1 0 -1 0 -1 0 -1 0 -1 0 -1 0 -1 0 -1 0 -1 0
27 0 1 1 2 2 3 3 4 4 5 5 6 6 7 7 8 8 9 9 10 10 11 11 12 12 13 0 14 14 15 0 16 0 17 0 18 0 19 0 20 0 21 0 22 0 23 0 24 0 25 0 26 G -1 0 -1 0 -1 0 -1 0 -1 0 -1 0 -1 0 -1 0 -1 0 -1 0 -1 0 -1 0 -1 0 -1 0 -1 0 -1 0 -1 0 -1 0 -1 0 -1 0 -1 0 -1 0 -1 0 -1 0 -1 0 -1 0
27 0 1 1 2 2 3 3 4 4 5 5 6 6 7 7 8 8 9 9 10 10 11 11 12 12 13 0 14 0 15 0 16 0 17 0 18 0 19 0 20 0 21 0 22 0 23 0 24 0 25 0 26 G -1 0 -1 0 -1 0 -1 0 -1 0 -1 0 -1 0 -1 0 -1 0 -1 0 -1 0 -1 0 -1 0 -1 0 -1 0 -1 0 -1 0 -1 0 -1 0 -1 0 -1 0 -1 0 -1 0 -1 0 -1 0 -1 0
27 0 1 1 2 2 3 3 4 4 5 5 6 6 7 7 8 8 9 9 10 10 11 11 12 0 13 13 14 14 15 15 16 16 17 17 18 18 19 19 20 20 21 21 22 22 23 23 24 0 25 25 26 G 0 0 0 0 0 0 0 0 0 0 0 0 0 0 0 0 0 0 0 0 0 0 0 0 0 1 0 1 0 1 0 1 0 1 0 1 0 1 0 1 0 1 0 1 0 1 0 1 -1 0 -1 0
27 0 1 1 2 2 3 3 4 4 5 5 6 6 7 7 8 8 9 9 10 10 11 11 12 0 13 13 14 14 15 15 16 16 17 17 18 18 19 19 20 20 21 21 22 22 23 23 24 0 25 0 26 G 0 0 0 0 0 0 0 0 0 0 0 0 0 0 0 0 0 0 0 0 0 0 0 0 0 1 0 1 0 1 0 1 0 1 0 1 0 1 0 1 0 1 0 1 0 1 0 1 -1 0 -1 0
27 0 1 1 2 2 3 3 4 4 5 5 6 6 7 7 8 8 9 9 10 10 11 11 12 0 13 13 14 14 15 15 16 16 17 17 18 18 19 19 20 20 21 21 22 22 23 0 24 24 25 25 26 G -1 0 -1 0 -1 0 -1 0 -1 0 -1 0 -1 0 -1 0 -1 0 -1 0 -1 0 -1 0 -1 0 -1 0 -1 0 -1 0 -1 0 -1 0 -1 0 -1 0 -1 0 -1 0 -1 0 -1 0 -1 0 -1 0
27 0 1 1 2 2 3 3 4 4 5 5 6 6 7 7 8 8 9 9 10 10 11 11 12 0 13 13 14 14 15 15 16 16 17 17 18 18 19 19 20 20 21 21 22 22 23 0 24 24 25 0 26 G -1 0 -1 0 -1 0 -1 0 -1 0 -1 0 -1 0 -1 0 -1 0 -1 0 -1 0 -1 0 -1 0 -1 0 -1 0 -1 0 -1 0 -1 0 -1 0 -1 0 -1 0 -1 0 -1 0 -1 0 -1 0 -1 0
27 0 1 1 2 2 3 3 4 4 5 5 6 6 7 7 8 8 9 9 10 10 11 11 12 0 13 13 14 14 15 15 16 16 17 17 18 18 19 19 20 20 21 21 22 22 23 0 24 0 25 0 26 G -1 0 -1 0 -1 0 -1 0 -1 0 -1 0 -1 0 -1 0 -1 0 -1 0 -1 0 -1 0 -1 0 -1 0 -1 0 -1 0 -1 0 -1 0 -1 0 -1 0 -1 0 -1 0 -1 0 -1 0 -1 0 -1 0
27 0 1 1 2 2 3 3 4 4 5 5 6 6 7 7 8 8 9 9 10 10 11 11 12 0 13 13 14 14 15 15 16 16 17 17 18 18 19 19 20 20 21 21 22 0 23 23 24 24 25 25 26 G -1 0 -1 0 -1 0 -1 0 -1 0 -1 0 -1 0 -1 0 -1 0 -1 0 -1 0 -1 0 -1 0 -1 0 -1 0 -1 0 -1 0 -1 0 -1 0 -1 0 -1 0 -1 0 -1 0 -1 0 -1 0 -1 0
27 0 1 1 2 2 3 3 4 4 5 5 6 6 7 7 8 8 9 9 10 10 11 11 12 0 13 13 14 14 15 15 16 16 17 17 18 18 19 19 20 20 21 21 22 0 23 23 24 24 25 0 26 G -1 0 -1 0 -1 0 -1 0 -1 0 -1 0 -1 0 -1 0 -1 0 -1 0 -1 0 -1 0 -1 0 -1 0 -1 0 -1 0 -1 0 -1 0 -1 0 -1 0 -1 0 -1 0 -1 0 -1 0 -1 0 -1 0
27 0 1 1 2 2 3 3 4 4 5 5 6 6 7 7 8 8 9 9 10 10 11 11 12 0 13 13 14 14 15 15 16 16 17 17 18 18 19 19 20 20 21 21 22 0 23 23 24 0 25 25 26 G -1 0 -1 0 -1 0 -1 0 -1 0 -1 0 -1 0 -1 0 -1 0 -1 0 -1 0 -1 0 -1 0 -1 0 -1 0 -1 0 -1 0 -1 0 -1 0 -1 0 -1 0 -1 0 0 0 0 0 0 1 0 1
27 0 1 1 2 2 3 3 4 4 5 5 6 6 7 7 8 8 9 9 10 10 11 11 12 0 13 13 14 14 15 15 16 16 17 17 18 18 19 19 20 20 21 21 22 0 23 23 24 0 25 0 26 G -1 0 -1 0 -1 0 -1 0 -1 0 -1 0 -1 0 -1 0 -1 0 -1 0 -1 0 -1 0 -1 0 -1 0 -1 0 -1 0 -1 0 -1 0 -1 0 -1 0 -1 0 -1 0 -1 0 -1 0 -1 0 -1 0
27 0 1 1 2 2 3 3 4 4 5 5 6 6 7 7 8 8 9 9 10 10 11 11 12 0 13 13 14 14 15 15 16 16 17 17 18 18 19 19 20 20 21 21 22 0 23 0 24 0 25 0 26 G -1 0 -1 0 -1 0 -1 0 -1 0 -1 0 -1 0 -1 0 -1 0 -1 0 -1 0 -1 0 -1 0 -1 0 -1 0 -1 0 -1 0 -1 0 -1 0 -1 0 -1 0 -1 0 -1 0 -1 0 -1 0 -1 0
27 0 1 1 2 2 3 3 4 4 5 5 6 6 7 7 8 8 9 9 10 10 11 11 12 0 13 13 14 14 15 15 16 16 17 17 18 18 19 19 20 20 21 0 22 22 23 23 24 24 25 25 26 G -1 0 -1 0 -1 0 -1 0 -1 0 -1 0 -1 0 -1 0 -1 0 -1 0 -1 0 -1 0 -1 0 -1 0 -1 0 -1 0 -1 0 -1 0 -1 0 -1 0 -1 0 -1 0 -1 0 -1 0 -1 0 -1 0
27 0 1 1 2 2 3 3 4 4 5 5 6 6 7 7 8 8 9 9 10 10 11 11 12 0 13 13 14 14 15 15 16 16 17 17 18 18 19 19 20 20 21 0 22 22 23 23 24 24 25 0 26 G -1 0 -1 0 -1 0 -1 0 -1 0 -1 0 -1 0 -1 0 -1 0 -1 0 -1 0 -1 0 -1 0 -1 0 -1 0 -1 0 -1 0 -1 0 -1 0 -1 0 -1 0 -1 0 -1 0 -1 0 -1 0 -1 0
27 0 1 1 2 2 3 3 4 4 5 5 6 6 7 7 8 8 9 9 10 10 11 11 12 0 13 13 14 14 15 15 16 16 17 17 18 18 19 19 20 20 21 0 22 22 23 23 24 0 25 25 26 G -1 0 -1 0 -1 0 -1 0 -1 0 -1 0 -1 0 -1 0 -1 0 -1 0 -1 0 -1 0 -1 0 -1 0 -1 0 -1 0 -1 0 -1 0 -1 0 -1 0 -1 0 -1 0 -1 0 -1 0 -1 0 -1 0
27 0 1 1 2 2 3 3 4 4 5 5 6 6 7 7 8 8 9 9 10 10 11 11 12 0 13 13 14 14 15 15 16 16 17 17 18 18 19 19 20 20 21 0 22 22 23 23 24 0 25 0 26 G -1 0 -1 0 -1 0 -1 0 -1 0 -1 0 -1 0 -1 0 -1 0 -1 0 -1 0 -1 0 -1 0 -1 0 -1 0 -1 0 -1 0 -1 0 -1 0 -1 0 -1 0 -1 0 -1 0 -1 0 -1 0 -1 0
27 0 1 1 2 2 3 3 4 4 5 5 6 6 7 7 8 8 9 9 10 10 11 11 12 0 13 13 14 14 15 15 16 16 17 17 18 18 19 19 20 20 21 0 22 22 23 0 24 24 25 0 26 G -1 0 -1 0 -1 0 -1 0 -1 0 -1 0 -1 0 -1 0 -1 0 -1 0 -1 0 -1 0 -1 0 -1 0 -1 0 -1 0 -1 0 -1 0 -1 0 -1 0 -1 0 0 0 0 0 0 1 0 1 -1 0
27 0 1 1 2 2 3 3 4 4 5 5 6 6 7 7 8 8 9 9 10 10 11 11 12 0 13 13 14 14 15 15 16 16 17 17 18 18 19 19 20 20 21 0 22 22 23 0 24 0 25 0 26 G -1 0 -1 0 -1 0 -1 0 -1 0 -1 0 -1 0 -1 0 -1 0 -1 0 -1 0 -1 0 -1 0 -1 0 -1 0 -1 0 -1 0 -1 0 -1 0 -1 0 -1 0 -1 0 -1 0 -1 0 -1 0 -1 0
27 0 1 1 2 2 3 3 4 4 5 5 6 6 7 7 8 8 9 9 10 10 11 11 12 0 13 13 14 14 15 15 16 16 17 17 18 18 19 19 20 20 21 0 22 0 23 0 24 0 25 0 26 G -1 0 -1 0 -1 0 -1 0 -1 0 -1 0 -1 0 -1 0 -1 0 -1 0 -1 0 -1 0 -1 0 -1 0 -1 0 -1 0 -1 0 -1 0 -1 0 -1 0 -1 0 -1 0 -1 0 -1 0 -1 0 -1 0
27 0 1 1 2 2 3 3 4 4 5 5 6 6 7 7 8 8 9 9 10 10 11 11 12 0 13 13 14 14 15 15 16 16 17 17 18 18 19 19 20 0 21 21 22 22 23 23 24 24 25 25 26 G -1 0 -1 0 -1 0 -1 0 -1 0 -1 0 -1 0 -1 0 -1 0 -1 0 -1 0 -1 0 -1 0 -1 0 -1 0 -1 0 -1 0 -1 0 -1 0 -1 0 -1 0 -1 0 -1 0 -1 0 -1 0 -1 0
27 0 1 1 2 2 3 3 4 4 5 5 6 6 7 7 8 8 9 9 10 10 11 11 12 0 13 13 14 14 15 15 16 16 17 17 18 18 19 19 20 0 21 21 22 22 23 23 24 24 25 0 26 G -1 0 -1 0 -1 0 -1 0 -1 0 -1 0 -1 0 -1 0 -1 0 -1 0 -1 0 -1 0 -1 0 -1 0 -1 0 -1 0 -1 0 -1 0 -1 0 -1 0 -1 0 -1 0 -1 0 -1 0 -1 0 -1 0
27 0 1 1 2 2 3 3 4 4 5 5 6 6 7 7 8 8 9 9 10 10 11 11 12 0 13 13 14 14 15 15 16 16 17 17 18 18 19 19 20 0 21 21 22 22 23 23 24 0 25 25 26 G -1 0 -1 0 -1 0 -1 0 -1 0 -1 0 -1 0 -1 0 -1 0 -1 0 -1 0 -1 0 -1 0 -1 0 -1 0 -1 0 -1 0 -1 0 -1 0 -1 0 -1 0 -1 0 -1 0 -1 0 -1 0 -1 0
27 0 1 1 2 2 3 3 4 4 5 5 6 6 7 7 8 8 9 9 10 10 11 11 12 0 13 13 14 14 15 15 16 16 17 17 18 18 19 19 20 0 21 21 22 22 23 23 24 0 25 0 26 G -1 0 -1 0 -1 0 -1 0 -1 0 -1 0 -1 0 -1 0 -1 0 -1 0 -1 0 -1 0 -1 0 -1 0 -1 0 -1 0 -1 0 -1 0 -1 0 -1 0 -1 0 -1 0 -1 0 -1 0 -1 0 -1 0
27 0 1 1 2 2 3 3 4 4 5 5 6 6 7 7 8 8 9 9 10 10 11 11 12 0 13 13 14 14 15 15 16 16 17 17 18 18 19 19 20 0 21 21 22 22 23 0 24 24 25 25 26 G -1 0 -1 0 -1 0 -1 0 -1 0 -1 0 -1 0 -1 0 -1 0 -1 0 -1 0 -1 0 -1 0 -1 0 -1 0 -1 0 -1 0 -1 0 -1 0 -1 0 0 0 0 0 0 0 0 1 0 1 0 1
27 0 1 1 2 2 3 3 4 4 5 5 6 6 7 7 8 8 9 9 10 10 11 11 12 0 13 13 14 14 15 15 16 16 17 17 18 18 19 19 20 0 21 21 22 22 23 0 24 24 25 0 26 G -1 0 -1 0 -1 0 -1 0 -1 0 -1 0 -1 0 -1 0 -1 0 -1 0 -1 0 -1 0 -1 0 -1 0 -1 0 -1 0 -1 0 -1 0 -1 0 -1 0 -1 0 -1 0 -1 0 -1 0 -1 0 -1 0
27 0 1 1 2 2 3 3 4 4 5 5 6 6 7 7 8 8 9 9 10 10 11 11 12 0 13 13 14 14 15 15 16 16 17 17 18 18 19 19 20 0 21 21 22 22 23 0 24 0 25 0 26 G -1 0 -1 0 -1 0 -1 0 -1 0 -1 0 -1 0 -1 0 -1 0 -1 0 -1 0 -1 0 -1 0 -1 0 -1 0 -1 0 -1 0 -1 0 -1 0 -1 0 -1 0 -1 0 -1 0 -1 0 -1 0 -1 0
27 0 1 1 2 2 3 3 4 4 5 5 6 6 7 7 8 8 9 9 10 10 11 11 12 0 13 13 14 14 15 15 16 16 17 17 18 18 19 19 20 0 21 21 22 0 23 23 24 0 25 25 26 G -1 0 -1 0 -1 0 -1 0 -1 0 -1 0 -1 0 -1 0 -1 0 -1 0 -1 0 -1 0 -1 0 -1 0 -1 0 -1 0 -1 0 -1 0 -1 0 -1 0 0 0 0 0 0 1 0 1 0 2 0 2
27 0 1 1 2 2 3 3 4 4 5 5 6 6 7 7 8 8 9 9 10 10 11 11 12 0 13 13 14 14 15 15 16 16 17 17 18 18 19 19 20 0 21 21 22 0 23 23 24 0 25 0 26 G -1 0 -1 0 -1 0 -1 0 -1 0 -1 0 -1 0 -1 0 -1 0 -1 0 -1 0 -1 0 -1 0 -1 0 -1 0 -1 0 -1 0 -1 0 -1 0 -1 0 0 0 0 0 0 1 0 1 -1 0 -1 0
27 0 1 1 2 2 3 3 4 4 5 5 6 6 7 7 8 8 9 9 10 10 11 11 12 0 13 13 14 14 15 15 16 16 17 17 18 18 19 19 20 0 21 21 22 0 23 0 24 0 25 0 26 G -1 0 -1 0 -1 0 -1 0 -1 0 -1 0 -1 0 -1 0 -1 0 -1 0 -1 0 -1 0 -1 0 -1 0 -1 0 -1 0 -1 0 -1 0 -1 0 -1 0 -1 0 -1 0 -1 0 -1 0 -1 0 -1 0
27 0 1 1 2 2 3 3 4 4 5 5 6 6 7 7 8 8 9 9 10 10 11 11 12 0 13 13 14 14 15 15 16 16 17 17 18 18 19 19 20 0 21 0 22 0 23 0 24 0 25 0 26 G -1 0 -1 0 -1 0 -1 0 -1 0 -1 0 -1 0 -1 0 -1 0 -1 0 -1 0 -1 0 -1 0 -1 0 -1 0 -1 0 -1 0 -1 0 -1 0 -1 0 -1 0 -1 0 -1 0 -1 0 -1 0 -1 0
27 0 1 1 2 2 3 3 4 4 5 5 6 6 7 7 8 8 9 9 10 10 11 11 12 0 13 13 14 14 15 15 16 16 17 17 18 18 19 0 20 20 21 21 22 22 23 23 24 24 25 25 26 G -1 0 -1 0 -1 0 -1 0 -1 0 -1 0 -1 0 -1 0 -1 0 -1 0 -1 0 -1 0 0 0 0 0 0 0 0 0 0 0 0 0 0 0 0 1 0 1 0 1 0 1 0 1 0 1 0 1
27 0 1 1 2 2 3 3 4 4 5 5 6 6 7 7 8 8 9 9 10 10 11 11 12 0 13 13 14 14 15 15 16 16 17 17 18 18 19 0 20 20 21 21 22 22 23 23 24 24 25 0 26 G -1 0 -1 0 -1 0 -1 0 -1 0 -1 0 -1 0 -1 0 -1 0 -1 0 -1 0 -1 0 -1 0 -1 0 -1 0 -1 0 -1 0 -1 0 -1 0 -1 0 -1 0 -1 0 -1 0 -1 0 -1 0 -1 0
27 0 1 1 2 2 3 3 4 4 5 5 6 6 7 7 8 8 9 9 10 10 11 11 12 0 13 13 14 14 15 15 16 16 17 17 18 18 19 0 20 20 21 21 22 22 23 23 24 0 25 25 26 G -1 0 -1 0 -1 0 -1 0 -1 0 -1 0 -1 0 -1 0 -1 0 -1 0 -1 0 -1 0 -1 0 -1 0 -1 0 -1 0 -1 0 -1 0 -1 0 -1 0 -1 0 -1 0 -1 0 -1 0 -1 0 -1 0
27 0 1 1 2 2 3 3 4 4 5 5 6 6 7 7 8 8 9 9 10 10 11 11 12 0 13 13 14 14 15 15 16 16 17 17 18 18 19 0 20 20 21 21 22 22 23 23 24 0 25 0 26 G -1 0 -1 0 -1 0 -1 0 -1 0 -1 0 -1 0 -1 0 -1 0 -1 0 -1 0 -1 0 -1 0 -1 0 -1 0 -1 0 -1 0 -1 0 -1 0 -1 0 -1 0 -1 0 -1 0 -1 0 -1 0 -1 0
27 0 1 1 2 2 3 3 4 4 5 5 6 6 7 7 8 8 9 9 10 10 11 11 12 0 13 13 14 14 15 15 16 16 17 17 18 18 19 0 20 20 21 21 22 22 23 0 24 24 25 25 26 G -1 0 -1 0 -1 0 -1 0 -1 0 -1 0 -1 0 -1 0 -1 0 -1 0 -1 0 -1 0 -1 0 -1 0 -1 0 -1 0 -1 0 -1 0 -1 0 -1 0 -1 0 -1 0 -1 0 -1 0 -1 0 -1 0
27 0 1 1 2 2 3 3 4 4 5 5 6 6 7 7 8 8 9 9 10 10 11 11 12 0 13 13 14 14 15 15 16 16 17 17 18 18 19 0 20 20 21 21 22 22 23 0 24 24 25 0 26 G -1 0 -1 0 -1 0 -1 0 -1 0 -1 0 -1 0 -1 0 -1 0 -1 0 -1 0 -1 0 -1 0 -1 0 -1 0 -1 0 -1 0 -1 0 -1 0 -1 0 -1 0 -1 0 -1 0 -1 0 -1 0 -1 0
27 0 1 1 2 2 3 3 4 4 5 5 6 6 7 7 8 8 9 9 10 10 11 11 12 0 13 13 14 14 15 15 16 16 17 17 18 18 19 0 20 20 21 21 22 22 23 0 24 0 25 0 26 G -1 0 -1 0 -1 0 -1 0 -1 0 -1 0 -1 0 -1 0 -1 0 -1 0 -1 0 -1 0 -1 0 -1 0 -1 0 -1 0 -1 0 -1 0 -1 0 -1 0 -1 0 -1 0 -1 0 -1 0 -1 0 -1 0
27 0 1 1 2 2 3 3 4 4 5 5 6 6 7 7 8 8 9 9 10 10 11 11 12 0 13 13 14 14 15 15 16 16 17 17 18 18 19 0 20 20 21 21 22 0 23 23 24 24 25 0 26 G -1 0 -1 0 -1 0 -1 0 -1 0 -1 0 -1 0 -1 0 -1 0 -1 0 -1 0 -1 0 -1 0 -1 0 -1 0 -1 0 -1 0 -1 0 -1 0 0 0 0 0 0 0 0 1 0 1 0 1 -1 0
27 0 1 1 2 2 3 3 4 4 5 5 6 6 7 7 8 8 9 9 10 10 11 11 12 0 13 13 14 14 15 15 16 16 17 17 18 18 19 0 20 20 21 21 22 0 23 23 24 0 25 25 26 G -1 0 -1 0 -1 0 -1 0 -1 0 -1 0 -1 0 -1 0 -1 0 -1 0 -1 0 -1 0 -1 0 -1 0 -1 0 -1 0 -1 0 -1 0 -1 0 -1 0 -1 0 -1 0 0 0 0 0 0 1 0 1
27 0 1 1 2 2 3 3 4 4 5 5 6 6 7 7 8 8 9 9 10 10 11 11 12 0 13 13 14 14 15 15 16 16 17 17 18 18 19 0 20 20 21 21 22 0 23 23 24 0 25 0 26 G -1 0 -1 0 -1 0 -1 0 -1 0 -1 0 -1 0 -1 0 -1 0 -1 0 -1 0 -1 0 -1 0 -1 0 -1 0 -1 0 -1 0 -1 0 -1 0 -1 0 -1 0 -1 0 -1 0 -1 0 -1 0 -1 0
27 0 1 1 2 2 3 3 4 4 5 5 6 6 7 7 8 8 9 9 10 10 11 11 12 0 13 13 14 14 15 15 16 16 17 17 18 18 19 0 20 20 21 21 22 0 23 0 24 0 25 0 26 G -1 0 -1 0 -1 0 -1 0 -1 0 -1 0 -1 0 -1 0 -1 0 -1 0 -1 0 -1 0 -1 0 -1 0 -1 0 -1 0 -1 0 -1 0 -1 0 -1 0 -1 0 -1 0 -1 0 -1 0 -1 0 -1 0
27 0 1 1 2 2 3 3 4 4 5 5 6 6 7 7 8 8 9 9 10 10 11 11 12 0 13 13 14 14 15 15 16 16 17 17 18 18 19 0 20 20 21 0 22 22 23 0 24 24 25 0 26 G -1 0 -1 0 -1 0 -1 0 -1 0 -1 0 -1 0 -1 0 -1 0 -1 0 -1 0 -1 0 -1 0 -1 0 -1 0 -1 0 -1 0 -1 0 -1 0 0 0 0 0 0 1 0 1 0 2 0 2 -1 0
27 0 1 1 2 2 3 3 4 4 5 5 6 6 7 7 8 8 9 9 10 10 11 11 12 0 13 13 14 14 15 15 16 16 17 17 18 18 19 0 20 20 21 0 22 22 23 0 24 0 25 0 26 G -1 0 -1 0 -1 0 -1 0 -1 0 -1 0 -1 0 -1 0 -1 0 -1 0 -1 0 -1 0 -1 0 -1 0 -1 0 -1 0 -1 0 -1 0 -1 0 0 0 0 0 0 1 0 1 -1 0 -1 0 -1 0
27 0 1 1 2 2 3 3 4 4 5 5 6 6 7 7 8 8 9 9 10 10 11 11 12 0 13 13 14 14 15 15 16 16 17 17 18 18 19 0 20 20 21 0 22 0 23 0 24 0 25 0 26 G -1 0 -1 0 -1 0 -1 0 -1 0 -1 0 -1 0 -1 0 -1 0 -1 0 -1 0 -1 0 -1 0 -1 0 -1 0 -1 0 -1 0 -1 0 -1 0 -1 0 -1 0 -1 0 -1 0 -1 0 -1 0 -1 0
27 0 1 1 2 2 3 3 4 4 5 5 6 6 7 7 8 8 9 9 10 10 11 11 12 0 13 13 14 14 15 15 16 16 17 17 18 18 19 0 20 0 21 0 22 0 23 0 24 0 25 0 26 G -1 0 -1 0 -1 0 -1 0 -1 0 -1 0 -1 0 -1 0 -1 0 -1 0 -1 0 -1 0 -1 0 -1 0 -1 0 -1 0 -1 0 -1 0 -1 0 -1 0 -1 0 -1 0 -1 0 -1 0 -1 0 -1 0
27 0 1 1 2 2 3 3 4 4 5 5 6 6 7 7 8 8 9 9 10 10 11 11 12 0 13 13 14 14 15 15 16 16 17 17 18 0 19 19 20 20 21 21 22 22 23 23 24 0 25 25 26 G -1 0 -1 0 -1 0 -1 0 -1 0 -1 0 -1 0 -1 0 -1 0 -1 0 -1 0 -1 0 0 0 0 0 0 0 0 0 0 0 0 0 0 1 0 1 0 1 0 1 0 1 0 1 -1 0 -1 0
27 0 1 1 2 2 3 3 4 4 5 5 6 6 7 7 8 8 9 9 10 10 11 11 12 0 13 13 14 14 15 15 16 16 17 17 18 0 19 19 20 20 21 21 22 22 23 23 24 0 25 0 26 G -1 0 -1 0 -1 0 -1 0 -1 0 -1 0 -1 0 -1 0 -1 0 -1 0 -1 0 -1 0 0 0 0 0 0 0 0 0 0 0 0 0 0 1 0 1 0 1 0 1 0 1 0 1 -1 0 -1 0
27 0 1 1 2 2 3 3 4 4 5 5 6 6 7 7 8 8 9 9 10 10 11 11 12 0 13 13 14 14 15 15 16 16 17 17 18 0 19 19 20 20 21 21 22 22 23 0 24 24 25 25 26 G -1 0 -1 0 -1 0 -1 0 -1 0 -1 0 -1 0 -1 0 -1 0 -1 0 -1 0 -1 0 -1 0 -1 0 -1 0 -1 0 -1 0 -1 0 -1 0 -1 0 -1 0 -1 0 -1 0 -1 0 -1 0 -1 0
27 0 1 1 2 2 3 3 4 4 5 5 6 6 7 7 8 8 9 9 10 10 11 11 12 0 13 13 14 14 15 15 16 16 17 17 18 0 19 19 20 20 21 21 22 22 23 0 24 24 25 0 26 G -1 0 -1 0 -1 0 -1 0 -1 0 -1 0 -1 0 -1 0 -1 0 -1 0 -1 0 -1 0 -1 0 -1 0 -1 0 -1 0 -1 0 -1 0 -1 0 -1 0 -1 0 -1 0 -1 0 -1 0 -1 0 -1 0
27 0 1 1 2 2 3 3 4 4 5 5 6 6 7 7 8 8 9 9 10 10 11 11 12 0 13 13 14 14 15 15 16 16 17 17 18 0 19 19 20 20 21 21 22 22 23 0 24 0 25 0 26 G -1 0 -1 0 -1 0 -1 0 -1 0 -1 0 -1 0 -1 0 -1 0 -1 0 -1 0 -1 0 -1 0 -1 0 -1 0 -1 0 -1 0 -1 0 -1 0 -1 0 -1 0 -1 0 -1 0 -1 0 -1 0 -1 0
27 0 1 1 2 2 3 3 4 4 5 5 6 6 7 7 8 8 9 9 10 10 11 11 12 0 13 13 14 14 15 15 16 16 17 17 18 0 19 19 20 20 21 21 22 0 23 23 24 24 25 25 26 G -1 0 -1 0 -1 0 -1 0 -1 0 -1 0 -1 0 -1 0 -1 0 -1 0 -1 0 -1 0 -1 0 -1 0 -1 0 -1 0 -1 0 -1 0 0 0 0 0 0 0 0 0 0 1 0 1 0 1 0 1
27 0 1 1 2 2 3 3 4 4 5 5 6 6 7 7 8 8 9 9 10 10 11 11 12 0 13 13 14 14 15 15 16 16 17 17 18 0 19 19 20 20 21 21 22 0 23 23 24 24 25 0 26 G -1 0 -1 0 -1 0 -1 0 -1 0 -1 0 -1 0 -1 0 -1 0 -1 0 -1 0 -1 0 -1 0 -1 0 -1 0 -1 0 -1 0 -1 0 -1 0 -1 0 -1 0 -1 0 -1 0 -1 0 -1 0 -1 0
27 0 1 1 2 2 3 3 4 4 5 5 6 6 7 7 8 8 9 9 10 10 11 11 12 0 13 13 14 14 15 15 16 16 17 17 18 0 19 19 20 20 21 21 22 0 23 23 24 0 25 25 26 G -1 0 -1 0 -1 0 -1 0 -1 0 -1 0 -1 0 -1 0 -1 0 -1 0 -1 0 -1 0 -1 0 -1 0 -1 0 -1 0 -1 0 -1 0 -1 0 -1 0 -1 0 -1 0 0 0 0 0 0 1 0 1
27 0 1 1 2 2 3 3 4 4 5 5 6 6 7 7 8 8 9 9 10 10 11 11 12 0 13 13 14 14 15 15 16 16 17 17 18 0 19 19 20 20 21 21 22 0 23 23 24 0 25 0 26 G -1 0 -1 0 -1 0 -1 0 -1 0 -1 0 -1 0 -1 0 -1 0 -1 0 -1 0 -1 0 -1 0 -1 0 -1 0 -1 0 -1 0 -1 0 -1 0 -1 0 -1 0 -1 0 -1 0 -1 0 -1 0 -1 0
27 0 1 1 2 2 3 3 4 4 5 5 6 6 7 7 8 8 9 9 10 10 11 11 12 0 13 13 14 14 15 15 16 16 17 17 18 0 19 19 20 20 21 21 22 0 23 0 24 0 25 0 26 G -1 0 -1 0 -1 0 -1 0 -1 0 -1 0 -1 0 -1 0 -1 0 -1 0 -1 0 -1 0 -1 0 -1 0 -1 0 -1 0 -1 0 -1 0 -1 0 -1 0 -1 0 -1 0 -1 0 -1 0 -1 0 -1 0
27 0 1 1 2 2 3 3 4 4 5 5 6 6 7 7 8 8 9 9 10 10 11 11 12 0 13 13 14 14 15 15 16 16 17 17 18 0 19 19 20 20 21 0 22 22 23 23 24 0 25 25 26 G -1 0 -1 0 -1 0 -1 0 -1 0 -1 0 -1 0 -1 0 -1 0 -1 0 -1 0 -1 0 -1 0 -1 0 -1 0 -1 0 -1 0 -1 0 0 0 0 0 0 0 0 1 0 1 0 1 -1 0 -1 0
27 0 1 1 2 2 3 3 4 4 5 5 6 6 7 7 8 8 9 9 10 10 11 11 12 0 13 13 14 14 15 15 16 16 17 17 18 0 19 19 20 20 21 0 22 22 23 23 24 0 25 0 26 G -1 0 -1 0 -1 0 -1 0 -1 0 -1 0 -1 0 -1 0 -1 0 -1 0 -1 0 -1 0 -1 0 -1 0 -1 0 -1 0 -1 0 -1 0 0 0 0 0 0 0 0 1 0 1 0 1 -1 0 -1 0
27 0 1 1 2 2 3 3 4 4 5 5 6 6 7 7 8 8 9 9 10 10 11 11 12 0 13 13 14 14 15 15 16 16 17 17 18 0 19 19 20 20 21 0 22 22 23 0 24 24 25 0 26 G -1 0 -1 0 -1 0 -1 0 -1 0 -1 0 -1 0 -1 0 -1 0 -1 0 -1 0 -1 0 -1 0 -1 0 -1 0 -1 0 -1 0 -1 0 -1 0 -1 0 -1 0 0 0 0 0 0 1 0 1 -1 0
27 0 1 1 2 2 3 3 4 4 5 5 6 6 7 7 8 8 9 9 10 10 11 11 12 0 13 13 14 14 15 15 16 16 17 17 18 0 19 19 20 20 21 0 22 22 23 0 24 0 25 0 26 G -1 0 -1 0 -1 0 -1 0 -1 0 -1 0 -1 0 -1 0 -1 0 -1 0 -1 0 -1 0 -1 0 -1 0 -1 0 -1 0 -1 0 -1 0 -1 0 -1 0 -1 0 -1 0 -1 0 -1 0 -1 0 -1 0
27 0 1 1 2 2 3 3 4 4 5 5 6 6 7 7 8 8 9 9 10 10 11 11 12 0 13 13 14 14 15 15 16 16 17 17 18 0 19 19 20 20 21 0 22 0 23 0 24 0 25 0 26 G -1 0 -1 0 -1 0 -1 0 -1 0 -1 0 -1 0 -1 0 -1 0 -1 0 -1 0 -1 0 -1 0 -1 0 -1 0 -1 0 -1 0 -1 0 -1 0 -1 0 -1 0 -1 0 -1 0 -1 0 -1 0 -1 0
27 0 1 1 2 2 3 3 4 4 5 5 6 6 7 7 8 8 9 9 10 10 11 11 12 0 13 13 14 14 15 15 16 16 17 17 18 0 19 19 20 0 21 21 22 0 23 23 24 0 25 25 26 G -1 0 -1 0 -1 0 -1 0 -1 0 -1 0 -1 0 -1 0 -1 0 -1 0 -1 0 -1 0 -1 0 -1 0 -1 0 -1 0 -1 0 -1 0 0 0 0 0 0 1 0 1 0 2 0 2 0 3 0 3
27 0 1 1 2 2 3 3 4 4 5 5 6 6 7 7 8 8 9 9 10 10 11 11 12 0 13 13 14 14 15 15 16 16 17 17 18 0 19 19 20 0 21 21 22 0 23 23 24 0 25 0 26 G -1 0 -1 0 -1 0 -1 0 -1 0 -1 0 -1 0 -1 0 -1 0 -1 0 -1 0 -1 0 -1 0 -1 0 -1 0 -1 0 -1 0 -1 0 0 0 0 0 0 1 0 1 0 2 0 2 -1 0 -1 0
27 0 1 1 2 2 3 3 4 4 5 5 6 6 7 7 8 8 9 9 10 10 11 11 12 0 13 13 14 14 15 15 16 16 17 17 18 0 19 19 20 0 21 21 22 0 23 0 24 0 25 0 26 G -1 0 -1 0 -1 0 -1 0 -1 0 -1 0 -1 0 -1 0 -1 0 -1 0 -1 0 -1 0 -1 0 -1 0 -1 0 -1 0 -1 0 -1 0 0 0 0 0 0 1 0 1 -1 0 -1 0 -1 0 -1 0
27 0 1 1 2 2 3 3 4 4 5 5 6 6 7 7 8 8 9 9 10 10 11 11 12 0 13 13 14 14 15 15 16 16 17 17 18 0 19 19 20 0 21 0 22 0 23 0 24 0 25 0 26 G -1 0 -1 0 -1 0 -1 0 -1 0 -1 0 -1 0 -1 0 -1 0 -1 0 -1 0 -1 0 -1 0 -1 0 -1 0 -1 0 -1 0 -1 0 -1 0 -1 0 -1 0 -1 0 -1 0 -1 0 -1 0 -1 0
27 0 1 1 2 2 3 3 4 4 5 5 6 6 7 7 8 8 9 9 10 10 11 11 12 0 13 13 14 14 15 15 16 16 17 17 18 0 19 0 20 0 21 0 22 0 23 0 24 0 25 0 26 G -1 0 -1 0 -1 0 -1 0 -1 0 -1 0 -1 0 -1 0 -1 0 -1 0 -1 0 -1 0 -1 0 -1 0 -1 0 -1 0 -1 0 -1 0 -1 0 -1 0 -1 0 -1 0 -1 0 -1 0 -1 0 -1 0
27 0 1 1 2 2 3 3 4 4 5 5 6 6 7 7 8 8 9 9 10 10 11 11 12 0 13 13 14 14 15 15 16 16 17 0 18 18 19 19 20 20 21 21 22 0 23 23 24 24 25 25 26 G -1 0 -1 0 -1 0 -1 0 -1 0 -1 0 -1 0 -1 0 -1 0 -1 0 -1 0 -1 0 0 0 0 0 0 0 0 0 0 0 0 1 0 1 0 1 0 1 0 1 -1 0 -1 0 -1 0 -1 0
27 0 1 1 2 2 3 3 4 4 5 5 6 6 7 7 8 8 9 9 10 10 11 11 12 0 13 13 14 14 15 15 16 16 17 0 18 18 19 19 20 20 21 21 22 0 23 23 24 24 25 0 26 G -1 0 -1 0 -1 0 -1 0 -1 0 -1 0 -1 0 -1 0 -1 0 -1 0 -1 0 -1 0 0 0 0 0 0 0 0 0 0 0 0 1 0 1 0 1 0 1 0 1 -1 0 -1 0 -1 0 -1 0
27 0 1 1 2 2 3 3 4 4 5 5 6 6 7 7 8 8 9 9 10 10 11 11 12 0 13 13 14 14 15 15 16 16 17 0 18 18 19 19 20 20 21 21 22 0 23 23 24 0 25 25 26 G -1 0 -1 0 -1 0 -1 0 -1 0 -1 0 -1 0 -1 0 -1 0 -1 0 -1 0 -1 0 1 0 1 0 1 0 1 0 1 0 1 1 1 1 1 1 1 1 1 1 0 0 0 0 0 1 0 1
27 0 1 1 2 2 3 3 4 4 5 5 6 6 7 7 8 8 9 9 10 10 11 11 12 0 13 13 14 14 15 15 16 16 17 0 18 18 19 19 20 20 21 21 22 0 23 23 24 0 25 0 26 G -1 0 -1 0 -1 0 -1 0 -1 0 -1 0 -1 0 -1 0 -1 0 -1 0 -1 0 -1 0 0 0 0 0 0 0 0 0 0 0 0 1 0 1 0 1 0 1 0 1 -1 0 -1 0 -1 0 -1 0
27 0 1 1 2 2 3 3 4 4 5 5 6 6 7 7 8 8 9 9 10 10 11 11 12 0 13 13 14 14 15 15 16 16 17 0 18 18 19 19 20 20 21 21 22 0 23 0 24 0 25 0 26 G -1 0 -1 0 -1 0 -1 0 -1 0 -1 0 -1 0 -1 0 -1 0 -1 0 -1 0 -1 0 0 0 0 0 0 0 0 0 0 0 0 1 0 1 0 1 0 1 0 1 -1 0 -1 0 -1 0 -1 0
27 0 1 1 2 2 3 3 4 4 5 5 6 6 7 7 8 8 9 9 10 10 11 11 12 0 13 13 14 14 15 15 16 16 17 0 18 18 19 19 20 20 21 0 22 22 23 23 24 24 25 0 26 G -1 0 -1 0 -1 0 -1 0 -1 0 -1 0 -1 0 -1 0 -1 0 -1 0 -1 0 -1 0 -1 0 -1 0 -1 0 -1 0 -1 0 0 0 0 0 0 0 0 0 0 1 0 1 0 1 0 1 -1 0
27 0 1 1 2 2 3 3 4 4 5 5 6 6 7 7 8 8 9 9 10 10 11 11 12 0 13 13 14 14 15 15 16 16 17 0 18 18 19 19 20 20 21 0 22 22 23 23 24 0 25 25 26 G -1 0 -1 0 -1 0 -1 0 -1 0 -1 0 -1 0 -1 0 -1 0 -1 0 -1 0 -1 0 -1 0 -1 0 -1 0 -1 0 -1 0 -1 0 -1 0 -1 0 -1 0 -1 0 -1 0 -1 0 -1 0 -1 0
27 0 1 1 2 2 3 3 4 4 5 5 6 6 7 7 8 8 9 9 10 10 11 11 12 0 13 13 14 14 15 15 16 16 17 0 18 18 19 19 20 20 21 0 22 22 23 23 24 0 25 0 26 G -1 0 -1 0 -1 0 -1 0 -1 0 -1 0 -1 0 -1 0 -1 0 -1 0 -1 0 -1 0 -1 0 -1 0 -1 0 -1 0 -1 0 -1 0 -1 0 -1 0 -1 0 -1 0 -1 0 -1 0 -1 0 -1 0
27 0 1 1 2 2 3 3 4 4 5 5 6 6 7 7 8 8 9 9 10 10 11 11 12 0 13 13 14 14 15 15 16 16 17 0 18 18 19 19 20 20 21 0 22 22 23 0 24 24 25 0 26 G -1 0 -1 0 -1 0 -1 0 -1 0 -1 0 -1 0 -1 0 -1 0 -1 0 -1 0 -1 0 -1 0 -1 0 -1 0 -1 0 -1 0 -1 0 -1 0 -1 0 -1 0 0 0 0 0 0 1 0 1 -1 0
27 0 1 1 2 2 3 3 4 4 5 5 6 6 7 7 8 8 9 9 10 10 11 11 12 0 13 13 14 14 15 15 16 16 17 0 18 18 19 19 20 20 21 0 22 22 23 0 24 0 25 0 26 G -1 0 -1 0 -1 0 -1 0 -1 0 -1 0 -1 0 -1 0 -1 0 -1 0 -1 0 -1 0 -1 0 -1 0 -1 0 -1 0 -1 0 -1 0 -1 0 -1 0 -1 0 -1 0 -1 0 -1 0 -1 0 -1 0
27 0 1 1 2 2 3 3 4 4 5 5 6 6 7 7 8 8 9 9 10 10 11 11 12 0 13 13 14 14 15 15 16 16 17 0 18 18 19 19 20 20 21 0 22 0 23 0 24 0 25 0 26 G -1 0 -1 0 -1 0 -1 0 -1 0 -1 0 -1 0 -1 0 -1 0 -1 0 -1 0 -1 0 -1 0 -1 0 -1 0 -1 0 -1 0 -1 0 -1 0 -1 0 -1 0 -1 0 -1 0 -1 0 -1 0 -1 0
27 0 1 1 2 2 3 3 4 4 5 5 6 6 7 7 8 8 9 9 10 10 11 11 12 0 13 13 14 14 15 15 16 16 17 0 18 18 19 19 20 0 21 21 22 22 23 0 24 24 25 25 26 G -1 0 -1 0 -1 0 -1 0 -1 0 -1 0 -1 0 -1 0 -1 0 -1 0 -1 0 -1 0 -1 0 -1 0 -1 0 -1 0 -1 0 0 0 0 0 0 0 0 1 0 1 0 1 0 2 0 2 0 2
27 0 1 1 2 2 3 3 4 4 5 5 6 6 7 7 8 8 9 9 10 10 11 11 12 0 13 13 14 14 15 15 16 16 17 0 18 18 19 19 20 0 21 21 22 22 23 0 24 24 25 0 26 G -1 0 -1 0 -1 0 -1 0 -1 0 -1 0 -1 0 -1 0 -1 0 -1 0 -1 0 -1 0 -1 0 -1 0 -1 0 -1 0 -1 0 0 0 0 0 0 0 0 1 0 1 0 1 -1 0 -1 0 -1 0
27 0 1 1 2 2 3 3 4 4 5 5 6 6 7 7 8 8 9 9 10 10 11 11 12 0 13 13 14 14 15 15 16 16 17 0 18 18 19 19 20 0 21 21 22 22 23 0 24 0 25 0 26 G -1 0 -1 0 -1 0 -1 0 -1 0 -1 0 -1 0 -1 0 -1 0 -1 0 -1 0 -1 0 -1 0 -1 0 -1 0 -1 0 -1 0 0 0 0 0 0 0 0 1 0 1 0 1 -1 0 -1 0 -1 0
27 0 1 1 2 2 3 3 4 4 5 5 6 6 7 7 8 8 9 9 10 10 11 11 12 0 13 13 14 14 15 15 16 16 17 0 18 18 19 19 20 0 21 21 22 0 23 23 24 0 25 25 26 G -1 0 -1 0 -1 0 -1 0 -1 0 -1 0 -1 0 -1 0 -1 0 -1 0 -1 0 -1 0 -1 0 -1 0 -1 0 -1 0 -1 0 -1 0 -1 0 -1 0 0 0 0 0 0 1 0 1 0 2 0 2
27 0 1 1 2 2 3 3 4 4 5 5 6 6 7 7 8 8 9 9 10 10 11 11 12 0 13 13 14 14 15 15 16 16 17 0 18 18 19 19 20 0 21 21 22 0 23 23 24 0 25 0 26 G -1 0 -1 0 -1 0 -1 0 -1 0 -1 0 -1 0 -1 0 -1 0 -1 0 -1 0 -1 0 -1 0 -1 0 -1 0 -1 0 -1 0 -1 0 -1 0 -1 0 0 0 0 0 0 1 0 1 -1 0 -1 0
27 0 1 1 2 2 3 3 4 4 5 5 6 6 7 7 8 8 9 9 10 10 11 11 12 0 13 13 14 14 15 15 16 16 17 0 18 18 19 19 20 0 21 21 22 0 23 0 24 0 25 0 26 G -1 0 -1 0 -1 0 -1 0 -1 0 -1 0 -1 0 -1 0 -1 0 -1 0 -1 0 -1 0 -1 0 -1 0 -1 0 -1 0 -1 0 -1 0 -1 0 -1 0 -1 0 -1 0 -1 0 -1 0 -1 0 -1 0
27 0 1 1 2 2 3 3 4 4 5 5 6 6 7 7 8 8 9 9 10 10 11 11 12 0 13 13 14 14 15 15 16 16 17 0 18 18 19 19 20 0 21 0 22 0 23 0 24 0 25 0 26 G -1 0 -1 0 -1 0 -1 0 -1 0 -1 0 -1 0 -1 0 -1 0 -1 0 -1 0 -1 0 -1 0 -1 0 -1 0 -1 0 -1 0 -1 0 -1 0 -1 0 -1 0 -1 0 -1 0 -1 0 -1 0 -1 0
27 0 1 1 2 2 3 3 4 4 5 5 6 6 7 7 8 8 9 9 10 10 11 11 12 0 13 13 14 14 15 15 16 16 17 0 18 18 19 0 20 20 21 0 22 22 23 0 24 24 25 0 26 G -1 0 -1 0 -1 0 -1 0 -1 0 -1 0 -1 0 -1 0 -1 0 -1 0 -1 0 -1 0 -1 0 -1 0 -1 0 -1 0 -1 0 0 0 0 0 0 1 0 1 0 2 0 2 0 3 0 3 -1 0
27 0 1 1 2 2 3 3 4 4 5 5 6 6 7 7 8 8 9 9 10 10 11 11 12 0 13 13 14 14 15 15 16 16 17 0 18 18 19 0 20 20 21 0 22 22 23 0 24 0 25 0 26 G -1 0 -1 0 -1 0 -1 0 -1 0 -1 0 -1 0 -1 0 -1 0 -1 0 -1 0 -1 0 -1 0 -1 0 -1 0 -1 0 -1 0 0 0 0 0 0 1 0 1 0 2 0 2 -1 0 -1 0 -1 0
27 0 1 1 2 2 3 3 4 4 5 5 6 6 7 7 8 8 9 9 10 10 11 11 12 0 13 13 14 14 15 15 16 16 17 0 18 18 19 0 20 20 21 0 22 0 23 0 24 0 25 0 26 G -1 0 -1 0 -1 0 -1 0 -1 0 -1 0 -1 0 -1 0 -1 0 -1 0 -1 0 -1 0 -1 0 -1 0 -1 0 -1 0 -1 0 0 0 0 0 0 1 0 1 -1 0 -1 0 -1 0 -1 0 -1 0
27 0 1 1 2 2 3 3 4 4 5 5 6 6 7 7 8 8 9 9 10 10 11 11 12 0 13 13 14 14 15 15 16 16 17 0 18 18 19 0 20 0 21 0 22 0 23 0 24 0 25 0 26 G -1 0 -1 0 -1 0 -1 0 -1 0 -1 0 -1 0 -1 0 -1 0 -1 0 -1 0 -1 0 -1 0 -1 0 -1 0 -1 0 -1 0 -1 0 -1 0 -1 0 -1 0 -1 0 -1 0 -1 0 -1 0 -1 0
27 0 1 1 2 2 3 3 4 4 5 5 6 6 7 7 8 8 9 9 10 10 11 11 12 0 13 13 14 14 15 15 16 16 17 0 18 0 19 0 20 0 21 0 22 0 23 0 24 0 25 0 26 G -1 0 -1 0 -1 0 -1 0 -1 0 -1 0 -1 0 -1 0 -1 0 -1 0 -1 0 -1 0 -1 0 -1 0 -1 0 -1 0 -1 0 -1 0 -1 0 -1 0 -1 0 -1 0 -1 0 -1 0 -1 0 -1 0
27 0 1 1 2 2 3 3 4 4 5 5 6 6 7 7 8 8 9 9 10 10 11 11 12 0 13 13 14 14 15 15 16 0 17 17 18 18 19 19 20 0 21 21 22 22 23 23 24 0 25 25 26 G -1 0 -1 0 -1 0 -1 0 -1 0 -1 0 -1 0 -1 0 -1 0 -1 0 -1 0 -1 0 0 0 0 0 0 0 0 0 0 1 0 1 0 1 0 1 0 2 0 2 0 2 0 2 -1 0 -1 0
27 0 1 1 2 2 3 3 4 4 5 5 6 6 7 7 8 8 9 9 10 10 11 11 12 0 13 13 14 14 15 15 16 0 17 17 18 18 19 19 20 0 21 21 22 22 23 23 24 0 25 0 26 G -1 0 -1 0 -1 0 -1 0 -1 0 -1 0 -1 0 -1 0 -1 0 -1 0 -1 0 -1 0 0 0 0 0 0 0 0 0 0 1 0 1 0 1 0 1 0 2 0 2 0 2 0 2 -1 0 -1 0
27 0 1 1 2 2 3 3 4 4 5 5 6 6 7 7 8 8 9 9 10 10 11 11 12 0 13 13 14 14 15 15 16 0 17 17 18 18 19 19 20 0 21 21 22 22 23 0 24 24 25 25 26 G -1 0 -1 0 -1 0 -1 0 -1 0 -1 0 -1 0 -1 0 -1 0 -1 0 -1 0 -1 0 1 0 1 0 1 0 1 0 1 1 1 1 1 1 1 1 0 0 0 0 0 0 0 1 0 1 0 1
27 0 1 1 2 2 3 3 4 4 5 5 6 6 7 7 8 8 9 9 10 10 11 11 12 0 13 13 14 14 15 15 16 0 17 17 18 18 19 19 20 0 21 21 22 22 23 0 24 24 25 0 26 G -1 0 -1 0 -1 0 -1 0 -1 0 -1 0 -1 0 -1 0 -1 0 -1 0 -1 0 -1 0 0 0 0 0 0 0 0 0 0 1 0 1 0 1 0 1 -1 0 -1 0 -1 0 -1 0 -1 0 -1 0
27 0 1 1 2 2 3 3 4 4 5 5 6 6 7 7 8 8 9 9 10 10 11 11 12 0 13 13 14 14 15 15 16 0 17 17 18 18 19 19 20 0 21 21 22 22 23 0 24 0 25 0 26 G -1 0 -1 0 -1 0 -1 0 -1 0 -1 0 -1 0 -1 0 -1 0 -1 0 -1 0 -1 0 0 0 0 0 0 0 0 0 0 1 0 1 0 1 0 1 -1 0 -1 0 -1 0 -1 0 -1 0 -1 0
27 0 1 1 2 2 3 3 4 4 5 5 6 6 7 7 8 8 9 9 10 10 11 11 12 0 13 13 14 14 15 15 16 0 17 17 18 18 19 19 20 0 21 21 22 0 23 23 24 0 25 25 26 G -1 0 -1 0 -1 0 -1 0 -1 0 -1 0 -1 0 -1 0 -1 0 -1 0 -1 0 -1 0 1 0 1 0 1 0 1 0 1 1 1 1 1 1 1 1 0 0 0 0 0 1 0 1 0 2 0 2
27 0 1 1 2 2 3 3 4 4 5 5 6 6 7 7 8 8 9 9 10 10 11 11 12 0 13 13 14 14 15 15 16 0 17 17 18 18 19 19 20 0 21 21 22 0 23 23 24 0 25 0 26 G -1 0 -1 0 -1 0 -1 0 -1 0 -1 0 -1 0 -1 0 -1 0 -1 0 -1 0 -1 0 1 0 1 0 1 0 1 0 1 1 1 1 1 1 1 1 0 0 0 0 0 1 0 1 -1 0 -1 0
27 0 1 1 2 2 3 3 4 4 5 5 6 6 7 7 8 8 9 9 10 10 11 11 12 0 13 13 14 14 15 15 16 0 17 17 18 18 19 19 20 0 21 21 22 0 23 0 24 0 25 0 26 G -1 0 -1 0 -1 0 -1 0 -1 0 -1 0 -1 0 -1 0 -1 0 -1 0 -1 0 -1 0 0 0 0 0 0 0 0 0 0 1 0 1 0 1 0 1 -1 0 -1 0 -1 0 -1 0 -1 0 -1 0
27 0 1 1 2 2 3 3 4 4 5 5 6 6 7 7 8 8 9 9 10 10 11 11 12 0 13 13 14 14 15 15 16 0 17 17 18 18 19 19 20 0 21 0 22 0 23 0 24 0 25 0 26 G -1 0 -1 0 -1 0 -1 0 -1 0 -1 0 -1 0 -1 0 -1 0 -1 0 -1 0 -1 0 0 0 0 0 0 0 0 0 0 1 0 1 0 1 0 1 -1 0 -1 0 -1 0 -1 0 -1 0 -1 0
27 0 1 1 2 2 3 3 4 4 5 5 6 6 7 7 8 8 9 9 10 10 11 11 12 0 13 13 14 14 15 15 16 0 17 17 18 18 19 0 20 20 21 21 22 0 23 23 24 24 25 0 26 G -1 0 -1 0 -1 0 -1 0 -1 0 -1 0 -1 0 -1 0 -1 0 -1 0 -1 0 -1 0 -1 0 -1 0 -1 0 -1 0 0 0 0 0 0 0 0 1 0 1 0 1 0 2 0 2 0 2 -1 0
27 0 1 1 2 2 3 3 4 4 5 5 6 6 7 7 8 8 9 9 10 10 11 11 12 0 13 13 14 14 15 15 16 0 17 17 18 18 19 0 20 20 21 21 22 0 23 23 24 0 25 25 26 G -1 0 -1 0 -1 0 -1 0 -1 0 -1 0 -1 0 -1 0 -1 0 -1 0 -1 0 -1 0 -1 0 -1 0 -1 0 -1 0 1 0 1 0 1 0 1 1 1 1 1 1 0 0 0 0 0 1 0 1
27 0 1 1 2 2 3 3 4 4 5 5 6 6 7 7 8 8 9 9 10 10 11 11 12 0 13 13 14 14 15 15 16 0 17 17 18 18 19 0 20 20 21 21 22 0 23 23 24 0 25 0 26 G -1 0 -1 0 -1 0 -1 0 -1 0 -1 0 -1 0 -1 0 -1 0 -1 0 -1 0 -1 0 -1 0 -1 0 -1 0 -1 0 0 0 0 0 0 0 0 1 0 1 0 1 -1 0 -1 0 -1 0 -1 0
27 0 1 1 2 2 3 3 4 4 5 5 6 6 7 7 8 8 9 9 10 10 11 11 12 0 13 13 14 14 15 15 16 0 17 17 18 18 19 0 20 20 21 21 22 0 23 0 24 0 25 0 26 G -1 0 -1 0 -1 0 -1 0 -1 0 -1 0 -1 0 -1 0 -1 0 -1 0 -1 0 -1 0 -1 0 -1 0 -1 0 -1 0 0 0 0 0 0 0 0 1 0 1 0 1 -1 0 -1 0 -1 0 -1 0
27 0 1 1 2 2 3 3 4 4 5 5 6 6 7 7 8 8 9 9 10 10 11 11 12 0 13 13 14 14 15 15 16 0 17 17 18 18 19 0 20 20 21 0 22 22 23 0 24 24 25 0 26 G -1 0 -1 0 -1 0 -1 0 -1 0 -1 0 -1 0 -1 0 -1 0 -1 0 -1 0 -1 0 -1 0 -1 0 -1 0 -1 0 -1 0 -1 0 -1 0 0 0 0 0 0 1 0 1 0 2 0 2 -1 0
27 0 1 1 2 2 3 3 4 4 5 5 6 6 7 7 8 8 9 9 10 10 11 11 12 0 13 13 14 14 15 15 16 0 17 17 18 18 19 0 20 20 21 0 22 22 23 0 24 0 25 0 26 G -1 0 -1 0 -1 0 -1 0 -1 0 -1 0 -1 0 -1 0 -1 0 -1 0 -1 0 -1 0 -1 0 -1 0 -1 0 -1 0 -1 0 -1 0 -1 0 0 0 0 0 0 1 0 1 -1 0 -1 0 -1 0
27 0 1 1 2 2 3 3 4 4 5 5 6 6 7 7 8 8 9 9 10 10 11 11 12 0 13 13 14 14 15 15 16 0 17 17 18 18 19 0 20 20 21 0 22 0 23 0 24 0 25 0 26 G -1 0 -1 0 -1 0 -1 0 -1 0 -1 0 -1 0 -1 0 -1 0 -1 0 -1 0 -1 0 -1 0 -1 0 -1 0 -1 0 -1 0 -1 0 -1 0 -1 0 -1 0 -1 0 -1 0 -1 0 -1 0 -1 0
27 0 1 1 2 2 3 3 4 4 5 5 6 6 7 7 8 8 9 9 10 10 11 11 12 0 13 13 14 14 15 15 16 0 17 17 18 18 19 0 20 0 21 0 22 0 23 0 24 0 25 0 26 G -1 0 -1 0 -1 0 -1 0 -1 0 -1 0 -1 0 -1 0 -1 0 -1 0 -1 0 -1 0 -1 0 -1 0 -1 0 -1 0 -1 0 -1 0 -1 0 -1 0 -1 0 -1 0 -1 0 -1 0 -1 0 -1 0
27 0 1 1 2 2 3 3 4 4 5 5 6 6 7 7 8 8 9 9 10 10 11 11 12 0 13 13 14 14 15 15 16 0 17 17 18 0 19 19 20 0 21 21 22 0 23 23 24 0 25 25 26 G -1 0 -1 0 -1 0 -1 0 -1 0 -1 0 -1 0 -1 0 -1 0 -1 0 -1 0 -1 0 -1 0 -1 0 -1 0 -1 0 0 0 0 0 0 1 0 1 0 2 0 2 0 3 0 3 0 4 0 4
27 0 1 1 2 2 3 3 4 4 5 5 6 6 7 7 8 8 9 9 10 10 11 11 12 0 13 13 14 14 15 15 16 0 17 17 18 0 19 19 20 0 21 21 22 0 23 23 24 0 25 0 26 G -1 0 -1 0 -1 0 -1 0 -1 0 -1 0 -1 0 -1 0 -1 0 -1 0 -1 0 -1 0 -1 0 -1 0 -1 0 -1 0 0 0 0 0 0 1 0 1 0 2 0 2 0 3 0 3 -1 0 -1 0
27 0 1 1 2 2 3 3 4 4 5 5 6 6 7 7 8 8 9 9 10 10 11 11 12 0 13 13 14 14 15 15 16 0 17 17 18 0 19 19 20 0 21 21 22 0 23 0 24 0 25 0 26 G -1 0 -1 0 -1 0 -1 0 -1 0 -1 0 -1 0 -1 0 -1 0 -1 0 -1 0 -1 0 -1 0 -1 0 -1 0 -1 0 0 0 0 0 0 1 0 1 0 2 0 2 -1 0 -1 0 -1 0 -1 0
27 0 1 1 2 2 3 3 4 4 5 5 6 6 7 7 8 8 9 9 10 10 11 11 12 0 13 13 14 14 15 15 16 0 17 17 18 0 19 19 20 0 21 0 22 0 23 0 24 0 25 0 26 G -1 0 -1 0 -1 0 -1 0 -1 0 -1 0 -1 0 -1 0 -1 0 -1 0 -1 0 -1 0 -1 0 -1 0 -1 0 -1 0 0 0 0 0 0 1 0 1 -1 0 -1 0 -1 0 -1 0 -1 0 -1 0
27 0 1 1 2 2 3 3 4 4 5 5 6 6 7 7 8 8 9 9 10 10 11 11 12 0 13 13 14 14 15 15 16 0 17 17 18 0 19 0 20 0 21 0 22 0 23 0 24 0 25 0 26 G -1 0 -1 0 -1 0 -1 0 -1 0 -1 0 -1 0 -1 0 -1 0 -1 0 -1 0 -1 0 -1 0 -1 0 -1 0 -1 0 -1 0 -1 0 -1 0 -1 0 -1 0 -1 0 -1 0 -1 0 -1 0 -1 0
27 0 1 1 2 2 3 3 4 4 5 5 6 6 7 7 8 8 9 9 10 10 11 11 12 0 13 13 14 14 15 15 16 0 17 0 18 0 19 0 20 0 21 0 22 0 23 0 24 0 25 0 26 G -1 0 -1 0 -1 0 -1 0 -1 0 -1 0 -1 0 -1 0 -1 0 -1 0 -1 0 -1 0 -1 0 -1 0 -1 0 -1 0 -1 0 -1 0 -1 0 -1 0 -1 0 -1 0 -1 0 -1 0 -1 0 -1 0
27 0 1 1 2 2 3 3 4 4 5 5 6 6 7 7 8 8 9 9 10 10 11 11 12 0 13 13 14 14 15 0 16 16 17 17 18 0 19 19 20 20 21 0 22 22 23 23 24 0 25 25 26 G -1 0 -1 0 -1 0 -1 0 -1 0 -1 0 -1 0 -1 0 -1 0 -1 0 -1 0 -1 0 0 0 0 0 0 0 0 1 0 1 0 1 0 2 0 2 0 2 0 3 0 3 0 3 -1 0 -1 0
27 0 1 1 2 2 3 3 4 4 5 5 6 6 7 7 8 8 9 9 10 10 11 11 12 0 13 13 14 14 15 0 16 16 17 17 18 0 19 19 20 20 21 0 22 22 23 23 24 0 25 0 26 G -1 0 -1 0 -1 0 -1 0 -1 0 -1 0 -1 0 -1 0 -1 0 -1 0 -1 0 -1 0 0 0 0 0 0 0 0 1 0 1 0 1 0 2 0 2 0 2 0 3 0 3 0 3 -1 0 -1 0
27 0 1 1 2 2 3 3 4 4 5 5 6 6 7 7 8 8 9 9 10 10 11 11 12 0 13 13 14 14 15 0 16 16 17 17 18 0 19 19 20 20 21 0 22 22 23 0 24 24 25 0 26 G -1 0 -1 0 -1 0 -1 0 -1 0 -1 0 -1 0 -1 0 -1 0 -1 0 -1 0 -1 0 1 0 1 0 1 0 1 1 1 1 1 1 1 2 1 2 1 2 0 0 0 0 0 1 0 1 -1 0
27 0 1 1 2 2 3 3 4 4 5 5 6 6 7 7 8 8 9 9 10 10 11 11 12 0 13 13 14 14 15 0 16 16 17 17 18 0 19 19 20 20 21 0 22 22 23 0 24 0 25 0 26 G -1 0 -1 0 -1 0 -1 0 -1 0 -1 0 -1 0 -1 0 -1 0 -1 0 -1 0 -1 0 0 0 0 0 0 0 0 1 0 1 0 1 0 2 0 2 0 2 -1 0 -1 0 -1 0 -1 0 -1 0
27 0 1 1 2 2 3 3 4 4 5 5 6 6 7 7 8 8 9 9 10 10 11 11 12 0 13 13 14 14 15 0 16 16 17 17 18 0 19 19 20 20 21 0 22 0 23 0 24 0 25 0 26 G -1 0 -1 0 -1 0 -1 0 -1 0 -1 0 -1 0 -1 0 -1 0 -1 0 -1 0 -1 0 0 0 0 0 0 0 0 1 0 1 0 1 0 2 0 2 0 2 -1 0 -1 0 -1 0 -1 0 -1 0
27 0 1 1 2 2 3 3 4 4 5 5 6 6 7 7 8 8 9 9 10 10 11 11 12 0 13 13 14 14 15 0 16 16 17 17 18 0 19 19 20 0 21 21 22 0 23 23 24 0 25 25 26 G -1 0 -1 0 -1 0 -1 0 -1 0 -1 0 -1 0 -1 0 -1 0 -1 0 -1 0 -1 0 1 0 1 0 1 0 1 1 1 1 1 1 0 0 0 0 0 1 0 1 0 2 0 2 0 3 0 3
27 0 1 1 2 2 3 3 4 4 5 5 6 6 7 7 8 8 9 9 10 10 11 11 12 0 13 13 14 14 15 0 16 16 17 17 18 0 19 19 20 0 21 21 22 0 23 23 24 0 25 0 26 G -1 0 -1 0 -1 0 -1 0 -1 0 -1 0 -1 0 -1 0 -1 0 -1 0 -1 0 -1 0 1 0 1 0 1 0 1 1 1 1 1 1 0 0 0 0 0 1 0 1 0 2 0 2 -1 0 -1 0
27 0 1 1 2 2 3 3 4 4 5 5 6 6 7 7 8 8 9 9 10 10 11 11 12 0 13 13 14 14 15 0 16 16 17 17 18 0 19 19 20 0 21 21 22 0 23 0 24 0 25 0 26 G -1 0 -1 0 -1 0 -1 0 -1 0 -1 0 -1 0 -1 0 -1 0 -1 0 -1 0 -1 0 1 0 1 0 1 0 1 1 1 1 1 1 0 0 0 0 0 1 0 1 -1 0 -1 0 -1 0 -1 0
27 0 1 1 2 2 3 3 4 4 5 5 6 6 7 7 8 8 9 9 10 10 11 11 12 0 13 13 14 14 15 0 16 16 17 17 18 0 19 19 20 0 21 0 22 0 23 0 24 0 25 0 26 G -1 0 -1 0 -1 0 -1 0 -1 0 -1 0 -1 0 -1 0 -1 0 -1 0 -1 0 -1 0 0 0 0 0 0 0 0 1 0 1 0 1 -1 0 -1 0 -1 0 -1 0 -1 0 -1 0 -1 0 -1 0
27 0 1 1 2 2 3 3 4 4 5 5 6 6 7 7 8 8 9 9 10 10 11 11 12 0 13 13 14 14 15 0 16 16 17 17 18 0 19 0 20 0 21 0 22 0 23 0 24 0 25 0 26 G -1 0 -1 0 -1 0 -1 0 -1 0 -1 0 -1 0 -1 0 -1 0 -1 0 -1 0 -1 0 0 0 0 0 0 0 0 1 0 1 0 1 -1 0 -1 0 -1 0 -1 0 -1 0 -1 0 -1 0 -1 0
27 0 1 1 2 2 3 3 4 4 5 5 6 6 7 7 8 8 9 9 10 10 11 11 12 0 13 13 14 14 15 0 16 16 17 0 18 18 19 0 20 20 21 0 22 22 23 0 24 24 25 0 26 G -1 0 -1 0 -1 0 -1 0 -1 0 -1 0 -1 0 -1 0 -1 0 -1 0 -1 0 -1 0 -1 0 -1 0 -1 0 0 0 0 0 0 1 0 1 0 2 0 2 0 3 0 3 0 4 0 4 -1 0
27 0 1 1 2 2 3 3 4 4 5 5 6 6 7 7 8 8 9 9 10 10 11 11 12 0 13 13 14 14 15 0 16 16 17 0 18 18 19 0 20 20 21 0 22 22 23 0 24 0 25 0 26 G -1 0 -1 0 -1 0 -1 0 -1 0 -1 0 -1 0 -1 0 -1 0 -1 0 -1 0 -1 0 -1 0 -1 0 -1 0 0 0 0 0 0 1 0 1 0 2 0 2 0 3 0 3 -1 0 -1 0 -1 0
27 0 1 1 2 2 3 3 4 4 5 5 6 6 7 7 8 8 9 9 10 10 11 11 12 0 13 13 14 14 15 0 16 16 17 0 18 18 19 0 20 20 21 0 22 0 23 0 24 0 25 0 26 G -1 0 -1 0 -1 0 -1 0 -1 0 -1 0 -1 0 -1 0 -1 0 -1 0 -1 0 -1 0 -1 0 -1 0 -1 0 0 0 0 0 0 1 0 1 0 2 0 2 -1 0 -1 0 -1 0 -1 0 -1 0
27 0 1 1 2 2 3 3 4 4 5 5 6 6 7 7 8 8 9 9 10 10 11 11 12 0 13 13 14 14 15 0 16 16 17 0 18 18 19 0 20 0 21 0 22 0 23 0 24 0 25 0 26 G -1 0 -1 0 -1 0 -1 0 -1 0 -1 0 -1 0 -1 0 -1 0 -1 0 -1 0 -1 0 -1 0 -1 0 -1 0 0 0 0 0 0 1 0 1 -1 0 -1 0 -1 0 -1 0 -1 0 -1 0 -1 0
27 0 1 1 2 2 3 3 4 4 5 5 6 6 7 7 8 8 9 9 10 10 11 11 12 0 13 13 14 14 15 0 16 16 17 0 18 0 19 0 20 0 21 0 22 0 23 0 24 0 25 0 26 G -1 0 -1 0 -1 0 -1 0 -1 0 -1 0 -1 0 -1 0 -1 0 -1 0 -1 0 -1 0 -1 0 -1 0 -1 0 -1 0 -1 0 -1 0 -1 0 -1 0 -1 0 -1 0 -1 0 -1 0 -1 0 -1 0
27 0 1 1 2 2 3 3 4 4 5 5 6 6 7 7 8 8 9 9 10 10 11 11 12 0 13 13 14 14 15 0 16 0 17 0 18 0 19 0 20 0 21 0 22 0 23 0 24 0 25 0 26 G -1 0 -1 0 -1 0 -1 0 -1 0 -1 0 -1 0 -1 0 -1 0 -1 0 -1 0 -1 0 -1 0 -1 0 -1 0 -1 0 -1 0 -1 0 -1 0 -1 0 -1 0 -1 0 -1 0 -1 0 -1 0 -1 0
27 0 1 1 2 2 3 3 4 4 5 5 6 6 7 7 8 8 9 9 10 10 11 11 12 0 13 13 14 0 15 15 16 0 17 17 18 0 19 19 20 0 21 21 22 0 23 23 24 0 25 25 26 G -1 0 -1 0 -1 0 -1 0 -1 0 -1 0 -1 0 -1 0 -1 0 -1 0 -1 0 -1 0 0 0 0 0 0 1 0 1 0 2 0 2 0 3 0 3 0 4 0 4 0 5 0 5 0 6 0 6
27 0 1 1 2 2 3 3 4 4 5 5 6 6 7 7 8 8 9 9 10 10 11 11 12 0 13 13 14 0 15 15 16 0 17 17 18 0 19 19 20 0 21 21 22 0 23 23 24 0 25 0 26 G -1 0 -1 0 -1 0 -1 0 -1 0 -1 0 -1 0 -1 0 -1 0 -1 0 -1 0 -1 0 0 0 0 0 0 1 0 1 0 2 0 2 0 3 0 3 0 4 0 4 0 5 0 5 -1 0 -1 0
27 0 1 1 2 2 3 3 4 4 5 5 6 6 7 7 8 8 9 9 10 10 11 11 12 0 13 13 14 0 15 15 16 0 17 17 18 0 19 19 20 0 21 21 22 0 23 0 24 0 25 0 26 G -1 0 -1 0 -1 0 -1 0 -1 0 -1 0 -1 0 -1 0 -1 0 -1 0 -1 0 -1 0 0 0 0 0 0 1 0 1 0 2 0 2 0 3 0 3 0 4 0 4 -1 0 -1 0 -1 0 -1 0
27 0 1 1 2 2 3 3 4 4 5 5 6 6 7 7 8 8 9 9 10 10 11 11 12 0 13 13 14 0 15 15 16 0 17 17 18 0 19 19 20 0 21 0 22 0 23 0 24 0 25 0 26 G -1 0 -1 0 -1 0 -1 0 -1 0 -1 0 -1 0 -1 0 -1 0 -1 0 -1 0 -1 0 0 0 0 0 0 1 0 1 0 2 0 2 0 3 0 3 -1 0 -1 0 -1 0 -1 0 -1 0 -1 0
27 0 1 1 2 2 3 3 4 4 5 5 6 6 7 7 8 8 9 9 10 10 11 11 12 0 13 13 14 0 15 15 16 0 17 17 18 0 19 0 20 0 21 0 22 0 23 0 24 0 25 0 26 G -1 0 -1 0 -1 0 -1 0 -1 0 -1 0 -1 0 -1 0 -1 0 -1 0 -1 0 -1 0 0 0 0 0 0 1 0 1 0 2 0 2 -1 0 -1 0 -1 0 -1 0 -1 0 -1 0 -1 0 -1 0
27 0 1 1 2 2 3 3 4 4 5 5 6 6 7 7 8 8 9 9 10 10 11 11 12 0 13 13 14 0 15 15 16 0 17 0 18 0 19 0 20 0 21 0 22 0 23 0 24 0 25 0 26 G -1 0 -1 0 -1 0 -1 0 -1 0 -1 0 -1 0 -1 0 -1 0 -1 0 -1 0 -1 0 0 0 0 0 0 1 0 1 -1 0 -1 0 -1 0 -1 0 -1 0 -1 0 -1 0 -1 0 -1 0 -1 0
27 0 1 1 2 2 3 3 4 4 5 5 6 6 7 7 8 8 9 9 10 10 11 11 12 0 13 13 14 0 15 0 16 0 17 0 18 0 19 0 20 0 21 0 22 0 23 0 24 0 25 0 26 G -1 0 -1 0 -1 0 -1 0 -1 0 -1 0 -1 0 -1 0 -1 0 -1 0 -1 0 -1 0 -1 0 -1 0 -1 0 -1 0 -1 0 -1 0 -1 0 -1 0 -1 0 -1 0 -1 0 -1 0 -1 0 -1 0
27 0 1 1 2 2 3 3 4 4 5 5 6 6 7 7 8 8 9 9 10 10 11 11 12 0 13 0 14 0 15 0 16 0 17 0 18 0 19 0 20 0 21 0 22 0 23 0 24 0 25 0 26 G -1 0 -1 0 -1 0 -1 0 -1 0 -1 0 -1 0 -1 0 -1 0 -1 0 -1 0 -1 0 -1 0 -1 0 -1 0 -1 0 -1 0 -1 0 -1 0 -1 0 -1 0 -1 0 -1 0 -1 0 -1 0 -1 0
27 0 1 1 2 2 3 3 4 4 5 5 6 6 7 7 8 8 9 9 10 10 11 0 12 12 13 13 14 14 15 15 16 16 17 17 18 18 19 19 20 20 21 21 22 0 23 23 24 24 25 25 26 G 0 0 0 0 0 0 0 0 0 0 0 0 0 0 0 0 0 0 0 0 0 0 0 1 0 1 0 1 0 1 0 1 0 1 0 1 0 1 0 1 0 1 0 1 -1 0 -1 0 -1 0 -1 0
27 0 1 1 2 2 3 3 4 4 5 5 6 6 7 7 8 8 9 9 10 10 11 0 12 12 13 13 14 14 15 15 16 16 17 17 18 18 19 19 20 20 21 21 22 0 23 23 24 24 25 0 26 G 0 0 0 0 0 0 0 0 0 0 0 0 0 0 0 0 0 0 0 0 0 0 0 1 0 1 0 1 0 1 0 1 0 1 0 1 0 1 0 1 0 1 0 1 -1 0 -1 0 -1 0 -1 0
27 0 1 1 2 2 3 3 4 4 5 5 6 6 7 7 8 8 9 9 10 10 11 0 12 12 13 13 14 14 15 15 16 16 17 17 18 18 19 19 20 20 21 21 22 0 23 23 24 0 25 25 26 G 1 0 1 0 1 0 1 0 1 0 1 0 1 0 1 0 1 0 1 0 1 0 1 1 1 1 1 1 1 1 1 1 1 1 1 1 1 1 1 1 1 1 1 1 0 0 0 0 0 1 0 1
27 0 1 1 2 2 3 3 4 4 5 5 6 6 7 7 8 8 9 9 10 10 11 0 12 12 13 13 14 14 15 15 16 16 17 17 18 18 19 19 20 20 21 21 22 0 23 23 24 0 25 0 26 G 0 0 0 0 0 0 0 0 0 0 0 0 0 0 0 0 0 0 0 0 0 0 0 1 0 1 0 1 0 1 0 1 0 1 0 1 0 1 0 1 0 1 0 1 -1 0 -1 0 -1 0 -1 0
27 0 1 1 2 2 3 3 4 4 5 5 6 6 7 7 8 8 9 9 10 10 11 0 12 12 13 13 14 14 15 15 16 16 17 17 18 18 19 19 20 20 21 21 22 0 23 0 24 0 25 0 26 G 0 0 0 0 0 0 0 0 0 0 0 0 0 0 0 0 0 0 0 0 0 0 0 1 0 1 0 1 0 1 0 1 0 1 0 1 0 1 0 1 0 1 0 1 -1 0 -1 0 -1 0 -1 0
27 0 1 1 2 2 3 3 4 4 5 5 6 6 7 7 8 8 9 9 10 10 11 0 12 12 13 13 14 14 15 15 16 16 17 17 18 18 19 19 20 20 21 0 22 22 23 23 24 24 25 25 26 G -1 0 -1 0 -1 0 -1 0 -1 0 -1 0 -1 0 -1 0 -1 0 -1 0 -1 0 -1 0 -1 0 -1 0 -1 0 -1 0 -1 0 -1 0 -1 0 -1 0 -1 0 -1 0 -1 0 -1 0 -1 0 -1 0
27 0 1 1 2 2 3 3 4 4 5 5 6 6 7 7 8 8 9 9 10 10 11 0 12 12 13 13 14 14 15 15 16 16 17 17 18 18 19 19 20 20 21 0 22 22 23 23 24 24 25 0 26 G -1 0 -1 0 -1 0 -1 0 -1 0 -1 0 -1 0 -1 0 -1 0 -1 0 -1 0 -1 0 -1 0 -1 0 -1 0 -1 0 -1 0 -1 0 -1 0 -1 0 -1 0 -1 0 -1 0 -1 0 -1 0 -1 0
27 0 1 1 2 2 3 3 4 4 5 5 6 6 7 7 8 8 9 9 10 10 11 0 12 12 13 13 14 14 15 15 16 16 17 17 18 18 19 19 20 20 21 0 22 22 23 23 24 0 25 25 26 G -1 0 -1 0 -1 0 -1 0 -1 0 -1 0 -1 0 -1 0 -1 0 -1 0 -1 0 -1 0 -1 0 -1 0 -1 0 -1 0 -1 0 -1 0 -1 0 -1 0 -1 0 -1 0 -1 0 -1 0 -1 0 -1 0
27 0 1 1 2 2 3 3 4 4 5 5 6 6 7 7 8 8 9 9 10 10 11 0 12 12 13 13 14 14 15 15 16 16 17 17 18 18 19 19 20 20 21 0 22 22 23 23 24 0 25 0 26 G -1 0 -1 0 -1 0 -1 0 -1 0 -1 0 -1 0 -1 0 -1 0 -1 0 -1 0 -1 0 -1 0 -1 0 -1 0 -1 0 -1 0 -1 0 -1 0 -1 0 -1 0 -1 0 -1 0 -1 0 -1 0 -1 0
27 0 1 1 2 2 3 3 4 4 5 5 6 6 7 7 8 8 9 9 10 10 11 0 12 12 13 13 14 14 15 15 16 16 17 17 18 18 19 19 20 20 21 0 22 22 23 0 24 24 25 0 26 G -1 0 -1 0 -1 0 -1 0 -1 0 -1 0 -1 0 -1 0 -1 0 -1 0 -1 0 -1 0 -1 0 -1 0 -1 0 -1 0 -1 0 -1 0 -1 0 -1 0 -1 0 0 0 0 0 0 1 0 1 -1 0
27 0 1 1 2 2 3 3 4 4 5 5 6 6 7 7 8 8 9 9 10 10 11 0 12 12 13 13 14 14 15 15 16 16 17 17 18 18 19 19 20 20 21 0 22 22 23 0 24 0 25 0 26 G -1 0 -1 0 -1 0 -1 0 -1 0 -1 0 -1 0 -1 0 -1 0 -1 0 -1 0 -1 0 -1 0 -1 0 -1 0 -1 0 -1 0 -1 0 -1 0 -1 0 -1 0 -1 0 -1 0 -1 0 -1 0 -1 0
27 0 1 1 2 2 3 3 4 4 5 5 6 6 7 7 8 8 9 9 10 10 11 0 12 12 13 13 14 14 15 15 16 16 17 17 18 18 19 19 20 20 21 0 22 0 23 0 24 0 25 0 26 G -1 0 -1 0 -1 0 -1 0 -1 0 -1 0 -1 0 -1 0 -1 0 -1 0 -1 0 -1 0 -1 0 -1 0 -1 0 -1 0 -1 0 -1 0 -1 0 -1 0 -1 0 -1 0 -1 0 -1 0 -1 0 -1 0
27 0 1 1 2 2 3 3 4 4 5 5 6 6 7 7 8 8 9 9 10 10 11 0 12 12 13 13 14 14 15 15 16 16 17 17 18 18 19 19 20 0 21 21 22 22 23 23 24 24 25 25 26 G -1 0 -1 0 -1 0 -1 0 -1 0 -1 0 -1 0 -1 0 -1 0 -1 0 -1 0 -1 0 -1 0 -1 0 -1 0 -1 0 -1 0 -1 0 -1 0 -1 0 -1 0 -1 0 -1 0 -1 0 -1 0 -1 0
27 0 1 1 2 2 3 3 4 4 5 5 6 6 7 7 8 8 9 9 10 10 11 0 12 12 13 13 14 14 15 15 16 16 17 17 18 18 19 19 20 0 21 21 22 22 23 23 24 24 25 0 26 G -1 0 -1 0 -1 0 -1 0 -1 0 -1 0 -1 0 -1 0 -1 0 -1 0 -1 0 -1 0 -1 0 -1 0 -1 0 -1 0 -1 0 -1 0 -1 0 -1 0 -1 0 -1 0 -1 0 -1 0 -1 0 -1 0
27 0 1 1 2 2 3 3 4 4 5 5 6 6 7 7 8 8 9 9 10 10 11 0 12 12 13 13 14 14 15 15 16 16 17 17 18 18 19 19 20 0 21 21 22 22 23 23 24 0 25 25 26 G -1 0 -1 0 -1 0 -1 0 -1 0 -1 0 -1 0 -1 0 -1 0 -1 0 -1 0 -1 0 -1 0 -1 0 -1 0 -1 0 -1 0 -1 0 -1 0 -1 0 -1 0 -1 0 -1 0 -1 0 -1 0 -1 0
27 0 1 1 2 2 3 3 4 4 5 5 6 6 7 7 8 8 9 9 10 10 11 0 12 12 13 13 14 14 15 15 16 16 17 17 18 18 19 19 20 0 21 21 22 22 23 23 24 0 25 0 26 G -1 0 -1 0 -1 0 -1 0 -1 0 -1 0 -1 0 -1 0 -1 0 -1 0 -1 0 -1 0 -1 0 -1 0 -1 0 -1 0 -1 0 -1 0 -1 0 -1 0 -1 0 -1 0 -1 0 -1 0 -1 0 -1 0
27 0 1 1 2 2 3 3 4 4 5 5 6 6 7 7 8 8 9 9 10 10 11 0 12 12 13 13 14 14 15 15 16 16 17 17 18 18 19 19 20 0 21 21 22 22 23 0 24 24 25 25 26 G -1 0 -1 0 -1 0 -1 0 -1 0 -1 0 -1 0 -1 0 -1 0 -1 0 -1 0 -1 0 -1 0 -1 0 -1 0 -1 0 -1 0 -1 0 -1 0 -1 0 0 0 0 0 0 0 0 1 0 1 0 1
27 0 1 1 2 2 3 3 4 4 5 5 6 6 7 7 8 8 9 9 10 10 11 0 12 12 13 13 14 14 15 15 16 16 17 17 18 18 19 19 20 0 21 21 22 22 23 0 24 24 25 0 26 G -1 0 -1 0 -1 0 -1 0 -1 0 -1 0 -1 0 -1 0 -1 0 -1 0 -1 0 -1 0 -1 0 -1 0 -1 0 -1 0 -1 0 -1 0 -1 0 -1 0 -1 0 -1 0 -1 0 -1 0 -1 0 -1 0
27 0 1 1 2 2 3 3 4 4 5 5 6 6 7 7 8 8 9 9 10 10 11 0 12 12 13 13 14 14 15 15 16 16 17 17 18 18 19 19 20 0 21 21 22 22 23 0 24 0 25 0 26 G -1 0 -1 0 -1 0 -1 0 -1 0 -1 0 -1 0 -1 0 -1 0 -1 0 -1 0 -1 0 -1 0 -1 0 -1 0 -1 0 -1 0 -1 0 -1 0 -1 0 -1 0 -1 0 -1 0 -1 0 -1 0 -1 0
27 0 1 1 2 2 3 3 4 4 5 5 6 6 7 7 8 8 9 9 10 10 11 0 12 12 13 13 14 14 15 15 16 16 17 17 18 18 19 19 20 0 21 21 22 0 23 23 24 0 25 25 26 G -1 0 -1 0 -1 0 -1 0 -1 0 -1 0 -1 0 -1 0 -1 0 -1 0 -1 0 -1 0 -1 0 -1 0 -1 0 -1 0 -1 0 -1 0 -1 0 -1 0 0 0 0 0 0 1 0 1 0 2 0 2
27 0 1 1 2 2 3 3 4 4 5 5 6 6 7 7 8 8 9 9 10 10 11 0 12 12 13 13 14 14 15 15 16 16 17 17 18 18 19 19 20 0 21 21 22 0 23 23 24 0 25 0 26 G -1 0 -1 0 -1 0 -1 0 -1 0 -1 0 -1 0 -1 0 -1 0 -1 0 -1 0 -1 0 -1 0 -1 0 -1 0 -1 0 -1 0 -1 0 -1 0 -1 0 0 0 0 0 0 1 0 1 -1 0 -1 0
27 0 1 1 2 2 3 3 4 4 5 5 6 6 7 7 8 8 9 9 10 10 11 0 12 12 13 13 14 14 15 15 16 16 17 17 18 18 19 19 20 0 21 21 22 0 23 0 24 0 25 0 26 G -1 0 -1 0 -1 0 -1 0 -1 0 -1 0 -1 0 -1 0 -1 0 -1 0 -1 0 -1 0 -1 0 -1 0 -1 0 -1 0 -1 0 -1 0 -1 0 -1 0 -1 0 -1 0 -1 0 -1 0 -1 0 -1 0
27 0 1 1 2 2 3 3 4 4 5 5 6 6 7 7 8 8 9 9 10 10 11 0 12 12 13 13 14 14 15 15 16 16 17 17 18 18 19 19 20 0 21 0 22 0 23 0 24 0 25 0 26 G -1 0 -1 0 -1 0 -1 0 -1 0 -1 0 -1 0 -1 0 -1 0 -1 0 -1 0 -1 0 -1 0 -1 0 -1 0 -1 0 -1 0 -1 0 -1 0 -1 0 -1 0 -1 0 -1 0 -1 0 -1 0 -1 0
27 0 1 1 2 2 3 3 4 4 5 5 6 6 7 7 8 8 9 9 10 10 11 0 12 12 13 13 14 14 15 15 16 16 17 17 18 18 19 0 20 20 21 21 22 22 23 23 24 24 25 25 26 G -1 0 -1 0 -1 0 -1 0 -1 0 -1 0 -1 0 -1 0 -1 0 -1 0 -1 0 -1 0 -1 0 -1 0 -1 0 -1 0 -1 0 -1 0 -1 0 -1 0 -1 0 -1 0 -1 0 -1 0 -1 0 -1 0
27 0 1 1 2 2 3 3 4 4 5 5 6 6 7 7 8 8 9 9 10 10 11 0 12 12 13 13 14 14 15 15 16 16 17 17 18 18 19 0 20 20 21 21 22 22 23 23 24 24 25 0 26 G -1 0 -1 0 -1 0 -1 0 -1 0 -1 0 -1 0 -1 0 -1 0 -1 0 -1 0 -1 0 -1 0 -1 0 -1 0 -1 0 -1 0 -1 0 -1 0 -1 0 -1 0 -1 0 -1 0 -1 0 -1 0 -1 0
27 0 1 1 2 2 3 3 4 4 5 5 6 6 7 7 8 8 9 9 10 10 11 0 12 12 13 13 14 14 15 15 16 16 17 17 18 18 19 0 20 20 21 21 22 22 23 23 24 0 25 25 26 G -1 0 -1 0 -1 0 -1 0 -1 0 -1 0 -1 0 -1 0 -1 0 -1 0 -1 0 -1 0 -1 0 -1 0 -1 0 -1 0 -1 0 -1 0 -1 0 -1 0 -1 0 -1 0 -1 0 -1 0 -1 0 -1 0
27 0 1 1 2 2 3 3 4 4 5 5 6 6 7 7 8 8 9 9 10 10 11 0 12 12 13 13 14 14 15 15 16 16 17 17 18 18 19 0 20 20 21 21 22 22 23 23 24 0 25 0 26 G -1 0 -1 0 -1 0 -1 0 -1 0 -1 0 -1 0 -1 0 -1 0 -1 0 -1 0 -1 0 -1 0 -1 0 -1 0 -1 0 -1 0 -1 0 -1 0 -1 0 -1 0 -1 0 -1 0 -1 0 -1 0 -1 0
27 0 1 1 2 2 3 3 4 4 5 5 6 6 7 7 8 8 9 9 10 10 11 0 12 12 13 13 14 14 15 15 16 16 17 17 18 18 19 0 20 20 21 21 22 22 23 0 24 24 25 25 26 G -1 0 -1 0 -1 0 -1 0 -1 0 -1 0 -1 0 -1 0 -1 0 -1 0 -1 0 -1 0 -1 0 -1 0 -1 0 -1 0 -1 0 -1 0 -1 0 -1 0 -1 0 -1 0 -1 0 -1 0 -1 0 -1 0
27 0 1 1 2 2 3 3 4 4 5 5 6 6 7 7 8 8 9 9 10 10 11 0 12 12 13 13 14 14 15 15 16 16 17 17 18 18 19 0 20 20 21 21 22 22 23 0 24 24 25 0 26 G -1 0 -1 0 -1 0 -1 0 -1 0 -1 0 -1 0 -1 0 -1 0 -1 0 -1 0 -1 0 -1 0 -1 0 -1 0 -1 0 -1 0 -1 0 -1 0 -1 0 -1 0 -1 0 -1 0 -1 0 -1 0 -1 0
27 0 1 1 2 2 3 3 4 4 5 5 6 6 7 7 8 8 9 9 10 10 11 0 12 12 13 13 14 14 15 15 16 16 17 17 18 18 19 0 20 20 21 21 22 22 23 0 24 0 25 0 26 G -1 0 -1 0 -1 0 -1 0 -1 0 -1 0 -1 0 -1 0 -1 0 -1 0 -1 0 -1 0 -1 0 -1 0 -1 0 -1 0 -1 0 -1 0 -1 0 -1 0 -1 0 -1 0 -1 0 -1 0 -1 0 -1 0
27 0 1 1 2 2 3 3 4 4 5 5 6 6 7 7 8 8 9 9 10 10 11 0 12 12 13 13 14 14 15 15 16 16 17 17 18 18 19 0 20 20 21 21 22 0 23 23 24 24 25 0 26 G -1 0 -1 0 -1 0 -1 0 -1 0 -1 0 -1 0 -1 0 -1 0 -1 0 -1 0 -1 0 -1 0 -1 0 -1 0 -1 0 -1 0 -1 0 -1 0 0 0 0 0 0 0 0 1 0 1 0 1 -1 0
27 0 1 1 2 2 3 3 4 4 5 5 6 6 7 7 8 8 9 9 10 10 11 0 12 12 13 13 14 14 15 15 16 16 17 17 18 18 19 0 20 20 21 21 22 0 23 23 24 0 25 25 26 G -1 0 -1 0 -1 0 -1 0 -1 0 -1 0 -1 0 -1 0 -1 0 -1 0 -1 0 -1 0 -1 0 -1 0 -1 0 -1 0 -1 0 -1 0 -1 0 -1 0 -1 0 -1 0 0 0 0 0 0 1 0 1
27 0 1 1 2 2 3 3 4 4 5 5 6 6 7 7 8 8 9 9 10 10 11 0 12 12 13 13 14 14 15 15 16 16 17 17 18 18 19 0 20 20 21 21 22 0 23 23 24 0 25 0 26 G -1 0 -1 0 -1 0 -1 0 -1 0 -1 0 -1 0 -1 0 -1 0 -1 0 -1 0 -1 0 -1 0 -1 0 -1 0 -1 0 -1 0 -1 0 -1 0 -1 0 -1 0 -1 0 -1 0 -1 0 -1 0 -1 0
27 0 1 1 2 2 3 3 4 4 5 5 6 6 7 7 8 8 9 9 10 10 11 0 12 12 13 13 14 14 15 15 16 16 17 17 18 18 19 0 20 20 21 21 22 0 23 0 24 0 25 0 26 G -1 0 -1 0 -1 0 -1 0 -1 0 -1 0 -1 0 -1 0 -1 0 -1 0 -1 0 -1 0 -1 0 -1 0 -1 0 -1 0 -1 0 -1 0 -1 0 -1 0 -1 0 -1 0 -1 0 -1 0 -1 0 -1 0
27 0 1 1 2 2 3 3 4 4 5 5 6 6 7 7 8 8 9 9 10 10 11 0 12 12 13 13 14 14 15 15 16 16 17 17 18 18 19 0 20 20 21 0 22 22 23 0 24 24 25 0 26 G -1 0 -1 0 -1 0 -1 0 -1 0 -1 0 -1 0 -1 0 -1 0 -1 0 -1 0 -1 0 -1 0 -1 0 -1 0 -1 0 -1 0 -1 0 -1 0 0 0 0 0 0 1 0 1 0 2 0 2 -1 0
27 0 1 1 2 2 3 3 4 4 5 5 6 6 7 7 8 8 9 9 10 10 11 0 12 12 13 13 14 14 15 15 16 16 17 17 18 18 19 0 20 20 21 0 22 22 23 0 24 0 25 0 26 G -1 0 -1 0 -1 0 -1 0 -1 0 -1 0 -1 0 -1 0 -1 0 -1 0 -1 0 -1 0 -1 0 -1 0 -1 0 -1 0 -1 0 -1 0 -1 0 0 0 0 0 0 1 0 1 -1 0 -1 0 -1 0
27 0 1 1 2 2 3 3 4 4 5 5 6 6 7 7 8 8 9 9 10 10 11 0 12 12 13 13 14 14 15 15 16 16 17 17 18 18 19 0 20 20 21 0 22 0 23 0 24 0 25 0 26 G -1 0 -1 0 -1 0 -1 0 -1 0 -1 0 -1 0 -1 0 -1 0 -1 0 -1 0 -1 0 -1 0 -1 0 -1 0 -1 0 -1 0 -1 0 -1 0 -1 0 -1 0 -1 0 -1 0 -1 0 -1 0 -1 0
27 0 1 1 2 2 3 3 4 4 5 5 6 6 7 7 8 8 9 9 10 10 11 0 12 12 13 13 14 14 15 15 16 16 17 17 18 18 19 0 20 0 21 0 22 0 23 0 24 0 25 0 26 G -1 0 -1 0 -1 0 -1 0 -1 0 -1 0 -1 0 -1 0 -1 0 -1 0 -1 0 -1 0 -1 0 -1 0 -1 0 -1 0 -1 0 -1 0 -1 0 -1 0 -1 0 -1 0 -1 0 -1 0 -1 0 -1 0
27 0 1 1 2 2 3 3 4 4 5 5 6 6 7 7 8 8 9 9 10 10 11 0 12 12 13 13 14 14 15 15 16 16 17 17 18 0 19 19 20 20 21 21 22 22 23 23 24 24 25 0 26 G -1 0 -1 0 -1 0 -1 0 -1 0 -1 0 -1 0 -1 0 -1 0 -1 0 -1 0 0 0 0 0 0 0 0 0 0 0 0 0 0 0 0 1 0 1 0 1 0 1 0 1 0 1 0 1 -1 0
27 0 1 1 2 2 3 3 4 4 5 5 6 6 7 7 8 8 9 9 10 10 11 0 12 12 13 13 14 14 15 15 16 16 17 17 18 0 19 19 20 20 21 21 22 22 23 23 24 0 25 25 26 G -1 0 -1 0 -1 0 -1 0 -1 0 -1 0 -1 0 -1 0 -1 0 -1 0 -1 0 -1 0 -1 0 -1 0 -1 0 -1 0 -1 0 -1 0 -1 0 -1 0 -1 0 -1 0 -1 0 -1 0 -1 0 -1 0
27 0 1 1 2 2 3 3 4 4 5 5 6 6 7 7 8 8 9 9 10 10 11 0 12 12 13 13 14 14 15 15 16 16 17 17 18 0 19 19 20 20 21 21 22 22 23 23 24 0 25 0 26 G -1 0 -1 0 -1 0 -1 0 -1 0 -1 0 -1 0 -1 0 -1 0 -1 0 -1 0 -1 0 -1 0 -1 0 -1 0 -1 0 -1 0 -1 0 -1 0 -1 0 -1 0 -1 0 -1 0 -1 0 -1 0 -1 0
27 0 1 1 2 2 3 3 4 4 5 5 6 6 7 7 8 8 9 9 10 10 11 0 12 12 13 13 14 14 15 15 16 16 17 17 18 0 19 19 20 20 21 21 22 22 23 0 24 24 25 25 26 G -1 0 -1 0 -1 0 -1 0 -1 0 -1 0 -1 0 -1 0 -1 0 -1 0 -1 0 -1 0 -1 0 -1 0 -1 0 -1 0 -1 0 -1 0 -1 0 -1 0 -1 0 -1 0 -1 0 -1 0 -1 0 -1 0
27 0 1 1 2 2 3 3 4 4 5 5 6 6 7 7 8 8 9 9 10 10 11 0 12 12 13 13 14 14 15 15 16 16 17 17 18 0 19 19 20 20 21 21 22 22 23 0 24 24 25 0 26 G -1 0 -1 0 -1 0 -1 0 -1 0 -1 0 -1 0 -1 0 -1 0 -1 0 -1 0 -1 0 -1 0 -1 0 -1 0 -1 0 -1 0 -1 0 -1 0 -1 0 -1 0 -1 0 -1 0 -1 0 -1 0 -1 0
27 0 1 1 2 2 3 3 4 4 5 5 6 6 7 7 8 8 9 9 10 10 11 0 12 12 13 13 14 14 15 15 16 16 17 17 18 0 19 19 20 20 21 21 22 22 23 0 24 0 25 0 26 G -1 0 -1 0 -1 0 -1 0 -1 0 -1 0 -1 0 -1 0 -1 0 -1 0 -1 0 -1 0 -1 0 -1 0 -1 0 -1 0 -1 0 -1 0 -1 0 -1 0 -1 0 -1 0 -1 0 -1 0 -1 0 -1 0
27 0 1 1 2 2 3 3 4 4 5 5 6 6 7 7 8 8 9 9 10 10 11 0 12 12 13 13 14 14 15 15 16 16 17 17 18 0 19 19 20 20 21 21 22 0 23 23 24 24 25 25 26 G -1 0 -1 0 -1 0 -1 0 -1 0 -1 0 -1 0 -1 0 -1 0 -1 0 -1 0 -1 0 -1 0 -1 0 -1 0 -1 0 -1 0 -1 0 0 0 0 0 0 0 0 0 0 1 0 1 0 1 0 1
27 0 1 1 2 2 3 3 4 4 5 5 6 6 7 7 8 8 9 9 10 10 11 0 12 12 13 13 14 14 15 15 16 16 17 17 18 0 19 19 20 20 21 21 22 0 23 23 24 24 25 0 26 G -1 0 -1 0 -1 0 -1 0 -1 0 -1 0 -1 0 -1 0 -1 0 -1 0 -1 0 -1 0 -1 0 -1 0 -1 0 -1 0 -1 0 -1 0 -1 0 -1 0 -1 0 -1 0 -1 0 -1 0 -1 0 -1 0
27 0 1 1 2 2 3 3 4 4 5 5 6 6 7 7 8 8 9 9 10 10 11 0 12 12 13 13 14 14 15 15 16 16 17 17 18 0 19 19 20 20 21 21 22 0 23 23 24 0 25 25 26 G -1 0 -1 0 -1 0 -1 0 -1 0 -1 0 -1 0 -1 0 -1 0 -1 0 -1 0 -1 0 -1 0 -1 0 -1 0 -1 0 -1 0 -1 0 -1 0 -1 0 -1 0 -1 0 0 0 0 0 0 1 0 1
27 0 1 1 2 2 3 3 4 4 5 5 6 6 7 7 8 8 9 9 10 10 11 0 12 12 13 13 14 14 15 15 16 16 17 17 18 0 19 19 20 20 21 21 22 0 23 23 24 0 25 0 26 G -1 0 -1 0 -1 0 -1 0 -1 0 -1 0 -1 0 -1 0 -1 0 -1 0 -1 0 -1 0 -1 0 -1 0 -1 0 -1 0 -1 0 -1 0 -1 0 -1 0 -1 0 -1 0 -1 0 -1 0 -1 0 -1 0
27 0 1 1 2 2 3 3 4 4 5 5 6 6 7 7 8 8 9 9 10 10 11 0 12 12 13 13 14 14 15 15 16 16 17 17 18 0 19 19 20 20 21 21 22 0 23 0 24 0 25 0 26 G -1 0 -1 0 -1 0 -1 0 -1 0 -1 0 -1 0 -1 0 -1 0 -1 0 -1 0 -1 0 -1 0 -1 0 -1 0 -1 0 -1 0 -1 0 -1 0 -1 0 -1 0 -1 0 -1 0 -1 0 -1 0 -1 0
27 0 1 1 2 2 3 3 4 4 5 5 6 6 7 7 8 8 9 9 10 10 11 0 12 12 13 13 14 14 15 15 16 16 17 17 18 0 19 19 20 20 21 0 22 22 23 23 24 0 25 25 26 G -1 0 -1 0 -1 0 -1 0 -1 0 -1 0 -1 0 -1 0 -1 0 -1 0 -1 0 -1 0 -1 0 -1 0 -1 0 -1 0 -1 0 -1 0 0 0 0 0 0 0 0 1 0 1 0 1 -1 0 -1 0
27 0 1 1 2 2 3 3 4 4 5 5 6 6 7 7 8 8 9 9 10 10 11 0 12 12 13 13 14 14 15 15 16 16 17 17 18 0 19 19 20 20 21 0 22 22 23 23 24 0 25 0 26 G -1 0 -1 0 -1 0 -1 0 -1 0 -1 0 -1 0 -1 0 -1 0 -1 0 -1 0 -1 0 -1 0 -1 0 -1 0 -1 0 -1 0 -1 0 0 0 0 0 0 0 0 1 0 1 0 1 -1 0 -1 0
27 0 1 1 2 2 3 3 4 4 5 5 6 6 7 7 8 8 9 9 10 10 11 0 12 12 13 13 14 14 15 15 16 16 17 17 18 0 19 19 20 20 21 0 22 22 23 0 24 24 25 0 26 G -1 0 -1 0 -1 0 -1 0 -1 0 -1 0 -1 0 -1 0 -1 0 -1 0 -1 0 -1 0 -1 0 -1 0 -1 0 -1 0 -1 0 -1 0 -1 0 -1 0 -1 0 0 0 0 0 0 1 0 1 -1 0
27 0 1 1 2 2 3 3 4 4 5 5 6 6 7 7 8 8 9 9 10 10 11 0 12 12 13 13 14 14 15 15 16 16 17 17 18 0 19 19 20 20 21 0 22 22 23 0 24 0 25 0 26 G -1 0 -1 0 -1 0 -1 0 -1 0 -1 0 -1 0 -1 0 -1 0 -1 0 -1 0 -1 0 -1 0 -1 0 -1 0 -1 0 -1 0 -1 0 -1 0 -1 0 -1 0 -1 0 -1 0 -1 0 -1 0 -1 0
27 0 1 1 2 2 3 3 4 4 5 5 6 6 7 7 8 8 9 9 10 10 11 0 12 12 13 13 14 14 15 15 16 16 17 17 18 0 19 19 20 20 21 0 22 0 23 0 24 0 25 0 26 G -1 0 -1 0 -1 0 -1 0 -1 0 -1 0 -1 0 -1 0 -1 0 -1 0 -1 0 -1 0 -1 0 -1 0 -1 0 -1 0 -1 0 -1 0 -1 0 -1 0 -1 0 -1 0 -1 0 -1 0 -1 0 -1 0
27 0 1 1 2 2 3 3 4 4 5 5 6 6 7 7 8 8 9 9 10 10 11 0 12 12 13 13 14 14 15 15 16 16 17 17 18 0 19 19 20 0 21 21 22 0 23 23 24 0 25 25 26 G -1 0 -1 0 -1 0 -1 0 -1 0 -1 0 -1 0 -1 0 -1 0 -1 0 -1 0 -1 0 -1 0 -1 0 -1 0 -1 0 -1 0 -1 0 0 0 0 0 0 1 0 1 0 2 0 2 0 3 0 3
27 0 1 1 2 2 3 3 4 4 5 5 6 6 7 7 8 8 9 9 10 10 11 0 12 12 13 13 14 14 15 15 16 16 17 17 18 0 19 19 20 0 21 21 22 0 23 23 24 0 25 0 26 G -1 0 -1 0 -1 0 -1 0 -1 0 -1 0 -1 0 -1 0 -1 0 -1 0 -1 0 -1 0 -1 0 -1 0 -1 0 -1 0 -1 0 -1 0 0 0 0 0 0 1 0 1 0 2 0 2 -1 0 -1 0
27 0 1 1 2 2 3 3 4 4 5 5 6 6 7 7 8 8 9 9 10 10 11 0 12 12 13 13 14 14 15 15 16 16 17 17 18 0 19 19 20 0 21 21 22 0 23 0 24 0 25 0 26 G -1 0 -1 0 -1 0 -1 0 -1 0 -1 0 -1 0 -1 0 -1 0 -1 0 -1 0 -1 0 -1 0 -1 0 -1 0 -1 0 -1 0 -1 0 0 0 0 0 0 1 0 1 -1 0 -1 0 -1 0 -1 0
27 0 1 1 2 2 3 3 4 4 5 5 6 6 7 7 8 8 9 9 10 10 11 0 12 12 13 13 14 14 15 15 16 16 17 17 18 0 19 19 20 0 21 0 22 0 23 0 24 0 25 0 26 G -1 0 -1 0 -1 0 -1 0 -1 0 -1 0 -1 0 -1 0 -1 0 -1 0 -1 0 -1 0 -1 0 -1 0 -1 0 -1 0 -1 0 -1 0 -1 0 -1 0 -1 0 -1 0 -1 0 -1 0 -1 0 -1 0
27 0 1 1 2 2 3 3 4 4 5 5 6 6 7 7 8 8 9 9 10 10 11 0 12 12 13 13 14 14 15 15 16 16 17 17 18 0 19 0 20 0 21 0 22 0 23 0 24 0 25 0 26 G -1 0 -1 0 -1 0 -1 0 -1 0 -1 0 -1 0 -1 0 -1 0 -1 0 -1 0 -1 0 -1 0 -1 0 -1 0 -1 0 -1 0 -1 0 -1 0 -1 0 -1 0 -1 0 -1 0 -1 0 -1 0 -1 0
27 0 1 1 2 2 3 3 4 4 5 5 6 6 7 7 8 8 9 9 10 10 11 0 12 12 13 13 14 14 15 15 16 16 17 0 18 18 19 19 20 20 21 21 22 22 23 0 24 24 25 25 26 G -1 0 -1 0 -1 0 -1 0 -1 0 -1 0 -1 0 -1 0 -1 0 -1 0 -1 0 0 0 0 0 0 0 0 0 0 0 0 0 0 1 0 1 0 1 0 1 0 1 0 1 -1 0 -1 0 -1 0
27 0 1 1 2 2 3 3 4 4 5 5 6 6 7 7 8 8 9 9 10 10 11 0 12 12 13 13 14 14 15 15 16 16 17 0 18 18 19 19 20 20 21 21 22 22 23 0 24 24 25 0 26 G -1 0 -1 0 -1 0 -1 0 -1 0 -1 0 -1 0 -1 0 -1 0 -1 0 -1 0 0 0 0 0 0 0 0 0 0 0 0 0 0 1 0 1 0 1 0 1 0 1 0 1 -1 0 -1 0 -1 0
27 0 1 1 2 2 3 3 4 4 5 5 6 6 7 7 8 8 9 9 10 10 11 0 12 12 13 13 14 14 15 15 16 16 17 0 18 18 19 19 20 20 21 21 22 22 23 0 24 0 25 0 26 G -1 0 -1 0 -1 0 -1 0 -1 0 -1 0 -1 0 -1 0 -1 0 -1 0 -1 0 0 0 0 0 0 0 0 0 0 0 0 0 0 1 0 1 0 1 0 1 0 1 0 1 -1 0 -1 0 -1 0
27 0 1 1 2 2 3 3 4 4 5 5 6 6 7 7 8 8 9 9 10 10 11 0 12 12 13 13 14 14 15 15 16 16 17 0 18 18 19 19 20 20 21 21 22 0 23 23 24 24 25 25 26 G -1 0 -1 0 -1 0 -1 0 -1 0 -1 0 -1 0 -1 0 -1 0 -1 0 -1 0 -1 0 -1 0 -1 0 -1 0 -1 0 -1 0 -1 0 -1 0 -1 0 -1 0 -1 0 -1 0 -1 0 -1 0 -1 0
27 0 1 1 2 2 3 3 4 4 5 5 6 6 7 7 8 8 9 9 10 10 11 0 12 12 13 13 14 14 15 15 16 16 17 0 18 18 19 19 20 20 21 21 22 0 23 23 24 24 25 0 26 G -1 0 -1 0 -1 0 -1 0 -1 0 -1 0 -1 0 -1 0 -1 0 -1 0 -1 0 -1 0 -1 0 -1 0 -1 0 -1 0 -1 0 -1 0 -1 0 -1 0 -1 0 -1 0 -1 0 -1 0 -1 0 -1 0
27 0 1 1 2 2 3 3 4 4 5 5 6 6 7 7 8 8 9 9 10 10 11 0 12 12 13 13 14 14 15 15 16 16 17 0 18 18 19 19 20 20 21 21 22 0 23 23 24 0 25 25 26 G -1 0 -1 0 -1 0 -1 0 -1 0 -1 0 -1 0 -1 0 -1 0 -1 0 -1 0 -1 0 -1 0 -1 0 -1 0 -1 0 -1 0 -1 0 -1 0 -1 0 -1 0 -1 0 0 0 0 0 0 1 0 1
27 0 1 1 2 2 3 3 4 4 5 5 6 6 7 7 8 8 9 9 10 10 11 0 12 12 13 13 14 14 15 15 16 16 17 0 18 18 19 19 20 20 21 21 22 0 23 23 24 0 25 0 26 G -1 0 -1 0 -1 0 -1 0 -1 0 -1 0 -1 0 -1 0 -1 0 -1 0 -1 0 -1 0 -1 0 -1 0 -1 0 -1 0 -1 0 -1 0 -1 0 -1 0 -1 0 -1 0 -1 0 -1 0 -1 0 -1 0
27 0 1 1 2 2 3 3 4 4 5 5 6 6 7 7 8 8 9 9 10 10 11 0 12 12 13 13 14 14 15 15 16 16 17 0 18 18 19 19 20 20 21 21 22 0 23 0 24 0 25 0 26 G -1 0 -1 0 -1 0 -1 0 -1 0 -1 0 -1 0 -1 0 -1 0 -1 0 -1 0 -1 0 -1 0 -1 0 -1 0 -1 0 -1 0 -1 0 -1 0 -1 0 -1 0 -1 0 -1 0 -1 0 -1 0 -1 0
27 0 1 1 2 2 3 3 4 4 5 5 6 6 7 7 8 8 9 9 10 10 11 0 12 12 13 13 14 14 15 15 16 16 17 0 18 18 19 19 20 20 21 0 22 22 23 23 24 24 25 0 26 G -1 0 -1 0 -1 0 -1 0 -1 0 -1 0 -1 0 -1 0 -1 0 -1 0 -1 0 -1 0 -1 0 -1 0 -1 0 -1 0 -1 0 0 0 0 0 0 0 0 0 0 1 0 1 0 1 0 1 -1 0
27 0 1 1 2 2 3 3 4 4 5 5 6 6 7 7 8 8 9 9 10 10 11 0 12 12 13 13 14 14 15 15 16 16 17 0 18 18 19 19 20 20 21 0 22 22 23 23 24 0 25 25 26 G -1 0 -1 0 -1 0 -1 0 -1 0 -1 0 -1 0 -1 0 -1 0 -1 0 -1 0 -1 0 -1 0 -1 0 -1 0 -1 0 -1 0 -1 0 -1 0 -1 0 -1 0 -1 0 -1 0 -1 0 -1 0 -1 0
27 0 1 1 2 2 3 3 4 4 5 5 6 6 7 7 8 8 9 9 10 10 11 0 12 12 13 13 14 14 15 15 16 16 17 0 18 18 19 19 20 20 21 0 22 22 23 23 24 0 25 0 26 G -1 0 -1 0 -1 0 -1 0 -1 0 -1 0 -1 0 -1 0 -1 0 -1 0 -1 0 -1 0 -1 0 -1 0 -1 0 -1 0 -1 0 -1 0 -1 0 -1 0 -1 0 -1 0 -1 0 -1 0 -1 0 -1 0
27 0 1 1 2 2 3 3 4 4 5 5 6 6 7 7 8 8 9 9 10 10 11 0 12 12 13 13 14 14 15 15 16 16 17 0 18 18 19 19 20 20 21 0 22 22 23 0 24 24 25 0 26 G -1 0 -1 0 -1 0 -1 0 -1 0 -1 0 -1 0 -1 0 -1 0 -1 0 -1 0 -1 0 -1 0 -1 0 -1 0 -1 0 -1 0 -1 0 -1 0 -1 0 -1 0 0 0 0 0 0 1 0 1 -1 0
27 0 1 1 2 2 3 3 4 4 5 5 6 6 7 7 8 8 9 9 10 10 11 0 12 12 13 13 14 14 15 15 16 16 17 0 18 18 19 19 20 20 21 0 22 22 23 0 24 0 25 0 26 G -1 0 -1 0 -1 0 -1 0 -1 0 -1 0 -1 0 -1 0 -1 0 -1 0 -1 0 -1 0 -1 0 -1 0 -1 0 -1 0 -1 0 -1 0 -1 0 -1 0 -1 0 -1 0 -1 0 -1 0 -1 0 -1 0
27 0 1 1 2 2 3 3 4 4 5 5 6 6 7 7 8 8 9 9 10 10 11 0 12 12 13 13 14 14 15 15 16 16 17 0 18 18 19 19 20 20 21 0 22 0 23 0 24 0 25 0 26 G -1 0 -1 0 -1 0 -1 0 -1 0 -1 0 -1 0 -1 0 -1 0 -1 0 -1 0 -1 0 -1 0 -1 0 -1 0 -1 0 -1 0 -1 0 -1 0 -1 0 -1 0 -1 0 -1 0 -1 0 -1 0 -1 0
27 0 1 1 2 2 3 3 4 4 5 5 6 6 7 7 8 8 9 9 10 10 11 0 12 12 13 13 14 14 15 15 16 16 17 0 18 18 19 19 20 0 21 21 22 22 23 0 24 24 25 25 26 G -1 0 -1 0 -1 0 -1 0 -1 0 -1 0 -1 0 -1 0 -1 0 -1 0 -1 0 -1 0 -1 0 -1 0 -1 0 -1 0 -1 0 0 0 0 0 0 0 0 1 0 1 0 1 0 2 0 2 0 2
27 0 1 1 2 2 3 3 4 4 5 5 6 6 7 7 8 8 9 9 10 10 11 0 12 12 13 13 14 14 15 15 16 16 17 0 18 18 19 19 20 0 21 21 22 22 23 0 24 24 25 0 26 G -1 0 -1 0 -1 0 -1 0 -1 0 -1 0 -1 0 -1 0 -1 0 -1 0 -1 0 -1 0 -1 0 -1 0 -1 0 -1 0 -1 0 0 0 0 0 0 0 0 1 0 1 0 1 -1 0 -1 0 -1 0
27 0 1 1 2 2 3 3 4 4 5 5 6 6 7 7 8 8 9 9 10 10 11 0 12 12 13 13 14 14 15 15 16 16 17 0 18 18 19 19 20 0 21 21 22 22 23 0 24 0 25 0 26 G -1 0 -1 0 -1 0 -1 0 -1 0 -1 0 -1 0 -1 0 -1 0 -1 0 -1 0 -1 0 -1 0 -1 0 -1 0 -1 0 -1 0 0 0 0 0 0 0 0 1 0 1 0 1 -1 0 -1 0 -1 0
27 0 1 1 2 2 3 3 4 4 5 5 6 6 7 7 8 8 9 9 10 10 11 0 12 12 13 13 14 14 15 15 16 16 17 0 18 18 19 19 20 0 21 21 22 0 23 23 24 0 25 25 26 G -1 0 -1 0 -1 0 -1 0 -1 0 -1 0 -1 0 -1 0 -1 0 -1 0 -1 0 -1 0 -1 0 -1 0 -1 0 -1 0 -1 0 -1 0 -1 0 -1 0 0 0 0 0 0 1 0 1 0 2 0 2
27 0 1 1 2 2 3 3 4 4 5 5 6 6 7 7 8 8 9 9 10 10 11 0 12 12 13 13 14 14 15 15 16 16 17 0 18 18 19 19 20 0 21 21 22 0 23 23 24 0 25 0 26 G -1 0 -1 0 -1 0 -1 0 -1 0 -1 0 -1 0 -1 0 -1 0 -1 0 -1 0 -1 0 -1 0 -1 0 -1 0 -1 0 -1 0 -1 0 -1 0 -1 0 0 0 0 0 0 1 0 1 -1 0 -1 0
27 0 1 1 2 2 3 3 4 4 5 5 6 6 7 7 8 8 9 9 10 10 11 0 12 12 13 13 14 14 15 15 16 16 17 0 18 18 19 19 20 0 21 21 22 0 23 0 24 0 25 0 26 G -1 0 -1 0 -1 0 -1 0 -1 0 -1 0 -1 0 -1 0 -1 0 -1 0 -1 0 -1 0 -1 0 -1 0 -1 0 -1 0 -1 0 -1 0 -1 0 -1 0 -1 0 -1 0 -1 0 -1 0 -1 0 -1 0
27 0 1 1 2 2 3 3 4 4 5 5 6 6 7 7 8 8 9 9 10 10 11 0 12 12 13 13 14 14 15 15 16 16 17 0 18 18 19 19 20 0 21 0 22 0 23 0 24 0 25 0 26 G -1 0 -1 0 -1 0 -1 0 -1 0 -1 0 -1 0 -1 0 -1 0 -1 0 -1 0 -1 0 -1 0 -1 0 -1 0 -1 0 -1 0 -1 0 -1 0 -1 0 -1 0 -1 0 -1 0 -1 0 -1 0 -1 0
27 0 1 1 2 2 3 3 4 4 5 5 6 6 7 7 8 8 9 9 10 10 11 0 12 12 13 13 14 14 15 15 16 16 17 0 18 18 19 0 20 20 21 0 22 22 23 0 24 24 25 0 26 G -1 0 -1 0 -1 0 -1 0 -1 0 -1 0 -1 0 -1 0 -1 0 -1 0 -1 0 -1 0 -1 0 -1 0 -1 0 -1 0 -1 0 0 0 0 0 0 1 0 1 0 2 0 2 0 3 0 3 -1 0
27 0 1 1 2 2 3 3 4 4 5 5 6 6 7 7 8 8 9 9 10 10 11 0 12 12 13 13 14 14 15 15 16 16 17 0 18 18 19 0 20 20 21 0 22 22 23 0 24 0 25 0 26 G -1 0 -1 0 -1 0 -1 0 -1 0 -1 0 -1 0 -1 0 -1 0 -1 0 -1 0 -1 0 -1 0 -1 0 -1 0 -1 0 -1 0 0 0 0 0 0 1 0 1 0 2 0 2 -1 0 -1 0 -1 0
27 0 1 1 2 2 3 3 4 4 5 5 6 6 7 7 8 8 9 9 10 10 11 0 12 12 13 13 14 14 15 15 16 16 17 0 18 18 19 0 20 20 21 0 22 0 23 0 24 0 25 0 26 G -1 0 -1 0 -1 0 -1 0 -1 0 -1 0 -1 0 -1 0 -1 0 -1 0 -1 0 -1 0 -1 0 -1 0 -1 0 -1 0 -1 0 0 0 0 0 0 1 0 1 -1 0 -1 0 -1 0 -1 0 -1 0
27 0 1 1 2 2 3 3 4 4 5 5 6 6 7 7 8 8 9 9 10 10 11 0 12 12 13 13 14 14 15 15 16 16 17 0 18 18 19 0 20 0 21 0 22 0 23 0 24 0 25 0 26 G -1 0 -1 0 -1 0 -1 0 -1 0 -1 0 -1 0 -1 0 -1 0 -1 0 -1 0 -1 0 -1 0 -1 0 -1 0 -1 0 -1 0 -1 0 -1 0 -1 0 -1 0 -1 0 -1 0 -1 0 -1 0 -1 0
27 0 1 1 2 2 3 3 4 4 5 5 6 6 7 7 8 8 9 9 10 10 11 0 12 12 13 13 14 14 15 15 16 16 17 0 18 0 19 0 20 0 21 0 22 0 23 0 24 0 25 0 26 G -1 0 -1 0 -1 0 -1 0 -1 0 -1 0 -1 0 -1 0 -1 0 -1 0 -1 0 -1 0 -1 0 -1 0 -1 0 -1 0 -1 0 -1 0 -1 0 -1 0 -1 0 -1 0 -1 0 -1 0 -1 0 -1 0
27 0 1 1 2 2 3 3 4 4 5 5 6 6 7 7 8 8 9 9 10 10 11 0 12 12 13 13 14 14 15 15 16 0 17 17 18 18 19 19 20 20 21 0 22 22 23 23 24 24 25 25 26 G -1 0 -1 0 -1 0 -1 0 -1 0 -1 0 -1 0 -1 0 -1 0 -1 0 -1 0 0 0 0 0 0 0 0 0 0 0 0 1 0 1 0 1 0 1 0 1 0 2 0 2 0 2 0 2 0 2
27 0 1 1 2 2 3 3 4 4 5 5 6 6 7 7 8 8 9 9 10 10 11 0 12 12 13 13 14 14 15 15 16 0 17 17 18 18 19 19 20 20 21 0 22 22 23 23 24 24 25 0 26 G -1 0 -1 0 -1 0 -1 0 -1 0 -1 0 -1 0 -1 0 -1 0 -1 0 -1 0 0 0 0 0 0 0 0 0 0 0 0 1 0 1 0 1 0 1 0 1 -1 0 -1 0 -1 0 -1 0 -1 0
27 0 1 1 2 2 3 3 4 4 5 5 6 6 7 7 8 8 9 9 10 10 11 0 12 12 13 13 14 14 15 15 16 0 17 17 18 18 19 19 20 20 21 0 22 22 23 23 24 0 25 25 26 G -1 0 -1 0 -1 0 -1 0 -1 0 -1 0 -1 0 -1 0 -1 0 -1 0 -1 0 0 0 0 0 0 0 0 0 0 0 0 1 0 1 0 1 0 1 0 1 -1 0 -1 0 -1 0 -1 0 -1 0
27 0 1 1 2 2 3 3 4 4 5 5 6 6 7 7 8 8 9 9 10 10 11 0 12 12 13 13 14 14 15 15 16 0 17 17 18 18 19 19 20 20 21 0 22 22 23 23 24 0 25 0 26 G -1 0 -1 0 -1 0 -1 0 -1 0 -1 0 -1 0 -1 0 -1 0 -1 0 -1 0 0 0 0 0 0 0 0 0 0 0 0 1 0 1 0 1 0 1 0 1 -1 0 -1 0 -1 0 -1 0 -1 0
27 0 1 1 2 2 3 3 4 4 5 5 6 6 7 7 8 8 9 9 10 10 11 0 12 12 13 13 14 14 15 15 16 0 17 17 18 18 19 19 20 20 21 0 22 22 23 0 24 24 25 0 26 G -1 0 -1 0 -1 0 -1 0 -1 0 -1 0 -1 0 -1 0 -1 0 -1 0 -1 0 1 0 1 0 1 0 1 0 1 0 1 1 1 1 1 1 1 1 1 1 0 0 0 0 0 1 0 1 -1 0
27 0 1 1 2 2 3 3 4 4 5 5 6 6 7 7 8 8 9 9 10 10 11 0 12 12 13 13 14 14 15 15 16 0 17 17 18 18 19 19 20 20 21 0 22 22 23 0 24 0 25 0 26 G -1 0 -1 0 -1 0 -1 0 -1 0 -1 0 -1 0 -1 0 -1 0 -1 0 -1 0 0 0 0 0 0 0 0 0 0 0 0 1 0 1 0 1 0 1 0 1 -1 0 -1 0 -1 0 -1 0 -1 0
27 0 1 1 2 2 3 3 4 4 5 5 6 6 7 7 8 8 9 9 10 10 11 0 12 12 13 13 14 14 15 15 16 0 17 17 18 18 19 19 20 20 21 0 22 0 23 0 24 0 25 0 26 G -1 0 -1 0 -1 0 -1 0 -1 0 -1 0 -1 0 -1 0 -1 0 -1 0 -1 0 0 0 0 0 0 0 0 0 0 0 0 1 0 1 0 1 0 1 0 1 -1 0 -1 0 -1 0 -1 0 -1 0
27 0 1 1 2 2 3 3 4 4 5 5 6 6 7 7 8 8 9 9 10 10 11 0 12 12 13 13 14 14 15 15 16 0 17 17 18 18 19 19 20 0 21 21 22 22 23 23 24 0 25 25 26 G -1 0 -1 0 -1 0 -1 0 -1 0 -1 0 -1 0 -1 0 -1 0 -1 0 -1 0 -1 0 -1 0 -1 0 -1 0 -1 0 0 0 0 0 0 0 0 0 0 1 0 1 0 1 0 1 -1 0 -1 0
27 0 1 1 2 2 3 3 4 4 5 5 6 6 7 7 8 8 9 9 10 10 11 0 12 12 13 13 14 14 15 15 16 0 17 17 18 18 19 19 20 0 21 21 22 22 23 23 24 0 25 0 26 G -1 0 -1 0 -1 0 -1 0 -1 0 -1 0 -1 0 -1 0 -1 0 -1 0 -1 0 -1 0 -1 0 -1 0 -1 0 -1 0 0 0 0 0 0 0 0 0 0 1 0 1 0 1 0 1 -1 0 -1 0
27 0 1 1 2 2 3 3 4 4 5 5 6 6 7 7 8 8 9 9 10 10 11 0 12 12 13 13 14 14 15 15 16 0 17 17 18 18 19 19 20 0 21 21 22 22 23 0 24 24 25 25 26 G -1 0 -1 0 -1 0 -1 0 -1 0 -1 0 -1 0 -1 0 -1 0 -1 0 -1 0 -1 0 -1 0 -1 0 -1 0 -1 0 -1 0 -1 0 -1 0 -1 0 0 0 0 0 0 0 0 1 0 1 0 1
27 0 1 1 2 2 3 3 4 4 5 5 6 6 7 7 8 8 9 9 10 10 11 0 12 12 13 13 14 14 15 15 16 0 17 17 18 18 19 19 20 0 21 21 22 22 23 0 24 24 25 0 26 G -1 0 -1 0 -1 0 -1 0 -1 0 -1 0 -1 0 -1 0 -1 0 -1 0 -1 0 -1 0 -1 0 -1 0 -1 0 -1 0 -1 0 -1 0 -1 0 -1 0 -1 0 -1 0 -1 0 -1 0 -1 0 -1 0
27 0 1 1 2 2 3 3 4 4 5 5 6 6 7 7 8 8 9 9 10 10 11 0 12 12 13 13 14 14 15 15 16 0 17 17 18 18 19 19 20 0 21 21 22 22 23 0 24 0 25 0 26 G -1 0 -1 0 -1 0 -1 0 -1 0 -1 0 -1 0 -1 0 -1 0 -1 0 -1 0 -1 0 -1 0 -1 0 -1 0 -1 0 -1 0 -1 0 -1 0 -1 0 -1 0 -1 0 -1 0 -1 0 -1 0 -1 0
27 0 1 1 2 2 3 3 4 4 5 5 6 6 7 7 8 8 9 9 10 10 11 0 12 12 13 13 14 14 15 15 16 0 17 17 18 18 19 19 20 0 21 21 22 0 23 23 24 0 25 25 26 G -1 0 -1 0 -1 0 -1 0 -1 0 -1 0 -1 0 -1 0 -1 0 -1 0 -1 0 -1 0 -1 0 -1 0 -1 0 -1 0 -1 0 -1 0 -1 0 -1 0 0 0 0 0 0 1 0 1 0 2 0 2
27 0 1 1 2 2 3 3 4 4 5 5 6 6 7 7 8 8 9 9 10 10 11 0 12 12 13 13 14 14 15 15 16 0 17 17 18 18 19 19 20 0 21 21 22 0 23 23 24 0 25 0 26 G -1 0 -1 0 -1 0 -1 0 -1 0 -1 0 -1 0 -1 0 -1 0 -1 0 -1 0 -1 0 -1 0 -1 0 -1 0 -1 0 -1 0 -1 0 -1 0 -1 0 0 0 0 0 0 1 0 1 -1 0 -1 0
27 0 1 1 2 2 3 3 4 4 5 5 6 6 7 7 8 8 9 9 10 10 11 0 12 12 13 13 14 14 15 15 16 0 17 17 18 18 19 19 20 0 21 21 22 0 23 0 24 0 25 0 26 G -1 0 -1 0 -1 0 -1 0 -1 0 -1 0 -1 0 -1 0 -1 0 -1 0 -1 0 -1 0 -1 0 -1 0 -1 0 -1 0 -1 0 -1 0 -1 0 -1 0 -1 0 -1 0 -1 0 -1 0 -1 0 -1 0
27 0 1 1 2 2 3 3 4 4 5 5 6 6 7 7 8 8 9 9 10 10 11 0 12 12 13 13 14 14 15 15 16 0 17 17 18 18 19 19 20 0 21 0 22 0 23 0 24 0 25 0 26 G -1 0 -1 0 -1 0 -1 0 -1 0 -1 0 -1 0 -1 0 -1 0 -1 0 -1 0 -1 0 -1 0 -1 0 -1 0 -1 0 -1 0 -1 0 -1 0 -1 0 -1 0 -1 0 -1 0 -1 0 -1 0 -1 0
27 0 1 1 2 2 3 3 4 4 5 5 6 6 7 7 8 8 9 9 10 10 11 0 12 12 13 13 14 14 15 15 16 0 17 17 18 18 19 0 20 20 21 21 22 0 23 23 24 24 25 0 26 G -1 0 -1 0 -1 0 -1 0 -1 0 -1 0 -1 0 -1 0 -1 0 -1 0 -1 0 -1 0 -1 0 -1 0 -1 0 -1 0 0 0 0 0 0 0 0 1 0 1 0 1 0 2 0 2 0 2 -1 0
27 0 1 1 2 2 3 3 4 4 5 5 6 6 7 7 8 8 9 9 10 10 11 0 12 12 13 13 14 14 15 15 16 0 17 17 18 18 19 0 20 20 21 21 22 0 23 23 24 0 25 25 26 G -1 0 -1 0 -1 0 -1 0 -1 0 -1 0 -1 0 -1 0 -1 0 -1 0 -1 0 -1 0 -1 0 -1 0 -1 0 -1 0 1 0 1 0 1 0 1 1 1 1 1 1 0 0 0 0 0 1 0 1
27 0 1 1 2 2 3 3 4 4 5 5 6 6 7 7 8 8 9 9 10 10 11 0 12 12 13 13 14 14 15 15 16 0 17 17 18 18 19 0 20 20 21 21 22 0 23 23 24 0 25 0 26 G -1 0 -1 0 -1 0 -1 0 -1 0 -1 0 -1 0 -1 0 -1 0 -1 0 -1 0 -1 0 -1 0 -1 0 -1 0 -1 0 0 0 0 0 0 0 0 1 0 1 0 1 -1 0 -1 0 -1 0 -1 0
27 0 1 1 2 2 3 3 4 4 5 5 6 6 7 7 8 8 9 9 10 10 11 0 12 12 13 13 14 14 15 15 16 0 17 17 18 18 19 0 20 20 21 21 22 0 23 0 24 0 25 0 26 G -1 0 -1 0 -1 0 -1 0 -1 0 -1 0 -1 0 -1 0 -1 0 -1 0 -1 0 -1 0 -1 0 -1 0 -1 0 -1 0 0 0 0 0 0 0 0 1 0 1 0 1 -1 0 -1 0 -1 0 -1 0
27 0 1 1 2 2 3 3 4 4 5 5 6 6 7 7 8 8 9 9 10 10 11 0 12 12 13 13 14 14 15 15 16 0 17 17 18 18 19 0 20 20 21 0 22 22 23 0 24 24 25 0 26 G -1 0 -1 0 -1 0 -1 0 -1 0 -1 0 -1 0 -1 0 -1 0 -1 0 -1 0 -1 0 -1 0 -1 0 -1 0 -1 0 -1 0 -1 0 -1 0 0 0 0 0 0 1 0 1 0 2 0 2 -1 0
27 0 1 1 2 2 3 3 4 4 5 5 6 6 7 7 8 8 9 9 10 10 11 0 12 12 13 13 14 14 15 15 16 0 17 17 18 18 19 0 20 20 21 0 22 22 23 0 24 0 25 0 26 G -1 0 -1 0 -1 0 -1 0 -1 0 -1 0 -1 0 -1 0 -1 0 -1 0 -1 0 -1 0 -1 0 -1 0 -1 0 -1 0 -1 0 -1 0 -1 0 0 0 0 0 0 1 0 1 -1 0 -1 0 -1 0
27 0 1 1 2 2 3 3 4 4 5 5 6 6 7 7 8 8 9 9 10 10 11 0 12 12 13 13 14 14 15 15 16 0 17 17 18 18 19 0 20 20 21 0 22 0 23 0 24 0 25 0 26 G -1 0 -1 0 -1 0 -1 0 -1 0 -1 0 -1 0 -1 0 -1 0 -1 0 -1 0 -1 0 -1 0 -1 0 -1 0 -1 0 -1 0 -1 0 -1 0 -1 0 -1 0 -1 0 -1 0 -1 0 -1 0 -1 0
27 0 1 1 2 2 3 3 4 4 5 5 6 6 7 7 8 8 9 9 10 10 11 0 12 12 13 13 14 14 15 15 16 0 17 17 18 18 19 0 20 0 21 0 22 0 23 0 24 0 25 0 26 G -1 0 -1 0 -1 0 -1 0 -1 0 -1 0 -1 0 -1 0 -1 0 -1 0 -1 0 -1 0 -1 0 -1 0 -1 0 -1 0 -1 0 -1 0 -1 0 -1 0 -1 0 -1 0 -1 0 -1 0 -1 0 -1 0
27 0 1 1 2 2 3 3 4 4 5 5 6 6 7 7 8 8 9 9 10 10 11 0 12 12 13 13 14 14 15 15 16 0 17 17 18 0 19 19 20 0 21 21 22 0 23 23 24 0 25 25 26 G -1 0 -1 0 -1 0 -1 0 -1 0 -1 0 -1 0 -1 0 -1 0 -1 0 -1 0 -1 0 -1 0 -1 0 -1 0 -1 0 0 0 0 0 0 1 0 1 0 2 0 2 0 3 0 3 0 4 0 4
27 0 1 1 2 2 3 3 4 4 5 5 6 6 7 7 8 8 9 9 10 10 11 0 12 12 13 13 14 14 15 15 16 0 17 17 18 0 19 19 20 0 21 21 22 0 23 23 24 0 25 0 26 G -1 0 -1 0 -1 0 -1 0 -1 0 -1 0 -1 0 -1 0 -1 0 -1 0 -1 0 -1 0 -1 0 -1 0 -1 0 -1 0 0 0 0 0 0 1 0 1 0 2 0 2 0 3 0 3 -1 0 -1 0
27 0 1 1 2 2 3 3 4 4 5 5 6 6 7 7 8 8 9 9 10 10 11 0 12 12 13 13 14 14 15 15 16 0 17 17 18 0 19 19 20 0 21 21 22 0 23 0 24 0 25 0 26 G -1 0 -1 0 -1 0 -1 0 -1 0 -1 0 -1 0 -1 0 -1 0 -1 0 -1 0 -1 0 -1 0 -1 0 -1 0 -1 0 0 0 0 0 0 1 0 1 0 2 0 2 -1 0 -1 0 -1 0 -1 0
27 0 1 1 2 2 3 3 4 4 5 5 6 6 7 7 8 8 9 9 10 10 11 0 12 12 13 13 14 14 15 15 16 0 17 17 18 0 19 19 20 0 21 0 22 0 23 0 24 0 25 0 26 G -1 0 -1 0 -1 0 -1 0 -1 0 -1 0 -1 0 -1 0 -1 0 -1 0 -1 0 -1 0 -1 0 -1 0 -1 0 -1 0 0 0 0 0 0 1 0 1 -1 0 -1 0 -1 0 -1 0 -1 0 -1 0
27 0 1 1 2 2 3 3 4 4 5 5 6 6 7 7 8 8 9 9 10 10 11 0 12 12 13 13 14 14 15 15 16 0 17 17 18 0 19 0 20 0 21 0 22 0 23 0 24 0 25 0 26 G -1 0 -1 0 -1 0 -1 0 -1 0 -1 0 -1 0 -1 0 -1 0 -1 0 -1 0 -1 0 -1 0 -1 0 -1 0 -1 0 -1 0 -1 0 -1 0 -1 0 -1 0 -1 0 -1 0 -1 0 -1 0 -1 0
27 0 1 1 2 2 3 3 4 4 5 5 6 6 7 7 8 8 9 9 10 10 11 0 12 12 13 13 14 14 15 15 16 0 17 0 18 0 19 0 20 0 21 0 22 0 23 0 24 0 25 0 26 G -1 0 -1 0 -1 0 -1 0 -1 0 -1 0 -1 0 -1 0 -1 0 -1 0 -1 0 -1 0 -1 0 -1 0 -1 0 -1 0 -1 0 -1 0 -1 0 -1 0 -1 0 -1 0 -1 0 -1 0 -1 0 -1 0
27 0 1 1 2 2 3 3 4 4 5 5 6 6 7 7 8 8 9 9 10 10 11 0 12 12 13 13 14 14 15 0 16 16 17 17 18 18 19 0 20 20 21 21 22 22 23 0 24 24 25 25 26 G -1 0 -1 0 -1 0 -1 0 -1 0 -1 0 -1 0 -1 0 -1 0 -1 0 -1 0 0 0 0 0 0 0 0 0 0 1 0 1 0 1 0 1 0 2 0 2 0 2 0 2 -1 0 -1 0 -1 0
27 0 1 1 2 2 3 3 4 4 5 5 6 6 7 7 8 8 9 9 10 10 11 0 12 12 13 13 14 14 15 0 16 16 17 17 18 18 19 0 20 20 21 21 22 22 23 0 24 24 25 0 26 G -1 0 -1 0 -1 0 -1 0 -1 0 -1 0 -1 0 -1 0 -1 0 -1 0 -1 0 0 0 0 0 0 0 0 0 0 1 0 1 0 1 0 1 0 2 0 2 0 2 0 2 -1 0 -1 0 -1 0
27 0 1 1 2 2 3 3 4 4 5 5 6 6 7 7 8 8 9 9 10 10 11 0 12 12 13 13 14 14 15 0 16 16 17 17 18 18 19 0 20 20 21 21 22 22 23 0 24 0 25 0 26 G -1 0 -1 0 -1 0 -1 0 -1 0 -1 0 -1 0 -1 0 -1 0 -1 0 -1 0 0 0 0 0 0 0 0 0 0 1 0 1 0 1 0 1 0 2 0 2 0 2 0 2 -1 0 -1 0 -1 0
27 0 1 1 2 2 3 3 4 4 5 5 6 6 7 7 8 8 9 9 10 10 11 0 12 12 13 13 14 14 15 0 16 16 17 17 18 18 19 0 20 20 21 21 22 0 23 23 24 24 25 0 26 G -1 0 -1 0 -1 0 -1 0 -1 0 -1 0 -1 0 -1 0 -1 0 -1 0 -1 0 1 0 1 0 1 0 1 0 1 1 1 1 1 1 1 1 0 0 0 0 0 0 0 1 0 1 0 1 -1 0
27 0 1 1 2 2 3 3 4 4 5 5 6 6 7 7 8 8 9 9 10 10 11 0 12 12 13 13 14 14 15 0 16 16 17 17 18 18 19 0 20 20 21 21 22 0 23 23 24 0 25 25 26 G -1 0 -1 0 -1 0 -1 0 -1 0 -1 0 -1 0 -1 0 -1 0 -1 0 -1 0 1 0 1 0 1 0 1 0 1 1 1 1 1 1 1 1 -1 0 -1 0 -1 0 0 0 0 0 0 1 0 1
27 0 1 1 2 2 3 3 4 4 5 5 6 6 7 7 8 8 9 9 10 10 11 0 12 12 13 13 14 14 15 0 16 16 17 17 18 18 19 0 20 20 21 21 22 0 23 23 24 0 25 0 26 G -1 0 -1 0 -1 0 -1 0 -1 0 -1 0 -1 0 -1 0 -1 0 -1 0 -1 0 0 0 0 0 0 0 0 0 0 1 0 1 0 1 0 1 -1 0 -1 0 -1 0 -1 0 -1 0 -1 0 -1 0
27 0 1 1 2 2 3 3 4 4 5 5 6 6 7 7 8 8 9 9 10 10 11 0 12 12 13 13 14 14 15 0 16 16 17 17 18 18 19 0 20 20 21 21 22 0 23 0 24 0 25 0 26 G -1 0 -1 0 -1 0 -1 0 -1 0 -1 0 -1 0 -1 0 -1 0 -1 0 -1 0 0 0 0 0 0 0 0 0 0 1 0 1 0 1 0 1 -1 0 -1 0 -1 0 -1 0 -1 0 -1 0 -1 0
27 0 1 1 2 2 3 3 4 4 5 5 6 6 7 7 8 8 9 9 10 10 11 0 12 12 13 13 14 14 15 0 16 16 17 17 18 18 19 0 20 20 21 0 22 22 23 0 24 24 25 0 26 G -1 0 -1 0 -1 0 -1 0 -1 0 -1 0 -1 0 -1 0 -1 0 -1 0 -1 0 1 0 1 0 1 0 1 0 1 1 1 1 1 1 1 1 0 0 0 0 0 1 0 1 0 2 0 2 -1 0
27 0 1 1 2 2 3 3 4 4 5 5 6 6 7 7 8 8 9 9 10 10 11 0 12 12 13 13 14 14 15 0 16 16 17 17 18 18 19 0 20 20 21 0 22 22 23 0 24 0 25 0 26 G -1 0 -1 0 -1 0 -1 0 -1 0 -1 0 -1 0 -1 0 -1 0 -1 0 -1 0 1 0 1 0 1 0 1 0 1 1 1 1 1 1 1 1 0 0 0 0 0 1 0 1 -1 0 -1 0 -1 0
27 0 1 1 2 2 3 3 4 4 5 5 6 6 7 7 8 8 9 9 10 10 11 0 12 12 13 13 14 14 15 0 16 16 17 17 18 18 19 0 20 20 21 0 22 0 23 0 24 0 25 0 26 G -1 0 -1 0 -1 0 -1 0 -1 0 -1 0 -1 0 -1 0 -1 0 -1 0 -1 0 0 0 0 0 0 0 0 0 0 1 0 1 0 1 0 1 -1 0 -1 0 -1 0 -1 0 -1 0 -1 0 -1 0
27 0 1 1 2 2 3 3 4 4 5 5 6 6 7 7 8 8 9 9 10 10 11 0 12 12 13 13 14 14 15 0 16 16 17 17 18 18 19 0 20 0 21 0 22 0 23 0 24 0 25 0 26 G -1 0 -1 0 -1 0 -1 0 -1 0 -1 0 -1 0 -1 0 -1 0 -1 0 -1 0 0 0 0 0 0 0 0 0 0 1 0 1 0 1 0 1 -1 0 -1 0 -1 0 -1 0 -1 0 -1 0 -1 0
27 0 1 1 2 2 3 3 4 4 5 5 6 6 7 7 8 8 9 9 10 10 11 0 12 12 13 13 14 14 15 0 16 16 17 17 18 0 19 19 20 20 21 0 22 22 23 23 24 0 25 25 26 G -1 0 -1 0 -1 0 -1 0 -1 0 -1 0 -1 0 -1 0 -1 0 -1 0 -1 0 -1 0 -1 0 -1 0 -1 0 0 0 0 0 0 0 0 1 0 1 0 1 0 2 0 2 0 2 -1 0 -1 0
27 0 1 1 2 2 3 3 4 4 5 5 6 6 7 7 8 8 9 9 10 10 11 0 12 12 13 13 14 14 15 0 16 16 17 17 18 0 19 19 20 20 21 0 22 22 23 23 24 0 25 0 26 G -1 0 -1 0 -1 0 -1 0 -1 0 -1 0 -1 0 -1 0 -1 0 -1 0 -1 0 -1 0 -1 0 -1 0 -1 0 0 0 0 0 0 0 0 1 0 1 0 1 0 2 0 2 0 2 -1 0 -1 0
27 0 1 1 2 2 3 3 4 4 5 5 6 6 7 7 8 8 9 9 10 10 11 0 12 12 13 13 14 14 15 0 16 16 17 17 18 0 19 19 20 20 21 0 22 22 23 0 24 24 25 0 26 G -1 0 -1 0 -1 0 -1 0 -1 0 -1 0 -1 0 -1 0 -1 0 -1 0 -1 0 -1 0 -1 0 -1 0 -1 0 1 0 1 0 1 0 1 1 1 1 1 1 0 0 0 0 0 1 0 1 -1 0
27 0 1 1 2 2 3 3 4 4 5 5 6 6 7 7 8 8 9 9 10 10 11 0 12 12 13 13 14 14 15 0 16 16 17 17 18 0 19 19 20 20 21 0 22 22 23 0 24 0 25 0 26 G -1 0 -1 0 -1 0 -1 0 -1 0 -1 0 -1 0 -1 0 -1 0 -1 0 -1 0 -1 0 -1 0 -1 0 -1 0 0 0 0 0 0 0 0 1 0 1 0 1 -1 0 -1 0 -1 0 -1 0 -1 0
27 0 1 1 2 2 3 3 4 4 5 5 6 6 7 7 8 8 9 9 10 10 11 0 12 12 13 13 14 14 15 0 16 16 17 17 18 0 19 19 20 20 21 0 22 0 23 0 24 0 25 0 26 G -1 0 -1 0 -1 0 -1 0 -1 0 -1 0 -1 0 -1 0 -1 0 -1 0 -1 0 -1 0 -1 0 -1 0 -1 0 0 0 0 0 0 0 0 1 0 1 0 1 -1 0 -1 0 -1 0 -1 0 -1 0
27 0 1 1 2 2 3 3 4 4 5 5 6 6 7 7 8 8 9 9 10 10 11 0 12 12 13 13 14 14 15 0 16 16 17 17 18 0 19 19 20 0 21 21 22 0 23 23 24 0 25 25 26 G -1 0 -1 0 -1 0 -1 0 -1 0 -1 0 -1 0 -1 0 -1 0 -1 0 -1 0 -1 0 -1 0 -1 0 -1 0 -1 0 -1 0 -1 0 0 0 0 0 0 1 0 1 0 2 0 2 0 3 0 3
27 0 1 1 2 2 3 3 4 4 5 5 6 6 7 7 8 8 9 9 10 10 11 0 12 12 13 13 14 14 15 0 16 16 17 17 18 0 19 19 20 0 21 21 22 0 23 23 24 0 25 0 26 G -1 0 -1 0 -1 0 -1 0 -1 0 -1 0 -1 0 -1 0 -1 0 -1 0 -1 0 -1 0 -1 0 -1 0 -1 0 -1 0 -1 0 -1 0 0 0 0 0 0 1 0 1 0 2 0 2 -1 0 -1 0
27 0 1 1 2 2 3 3 4 4 5 5 6 6 7 7 8 8 9 9 10 10 11 0 12 12 13 13 14 14 15 0 16 16 17 17 18 0 19 19 20 0 21 21 22 0 23 0 24 0 25 0 26 G -1 0 -1 0 -1 0 -1 0 -1 0 -1 0 -1 0 -1 0 -1 0 -1 0 -1 0 -1 0 -1 0 -1 0 -1 0 -1 0 -1 0 -1 0 0 0 0 0 0 1 0 1 -1 0 -1 0 -1 0 -1 0
27 0 1 1 2 2 3 3 4 4 5 5 6 6 7 7 8 8 9 9 10 10 11 0 12 12 13 13 14 14 15 0 16 16 17 17 18 0 19 19 20 0 21 0 22 0 23 0 24 0 25 0 26 G -1 0 -1 0 -1 0 -1 0 -1 0 -1 0 -1 0 -1 0 -1 0 -1 0 -1 0 -1 0 -1 0 -1 0 -1 0 -1 0 -1 0 -1 0 -1 0 -1 0 -1 0 -1 0 -1 0 -1 0 -1 0 -1 0
27 0 1 1 2 2 3 3 4 4 5 5 6 6 7 7 8 8 9 9 10 10 11 0 12 12 13 13 14 14 15 0 16 16 17 17 18 0 19 0 20 0 21 0 22 0 23 0 24 0 25 0 26 G -1 0 -1 0 -1 0 -1 0 -1 0 -1 0 -1 0 -1 0 -1 0 -1 0 -1 0 -1 0 -1 0 -1 0 -1 0 -1 0 -1 0 -1 0 -1 0 -1 0 -1 0 -1 0 -1 0 -1 0 -1 0 -1 0
27 0 1 1 2 2 3 3 4 4 5 5 6 6 7 7 8 8 9 9 10 10 11 0 12 12 13 13 14 14 15 0 16 16 17 0 18 18 19 0 20 20 21 0 22 22 23 0 24 24 25 0 26 G -1 0 -1 0 -1 0 -1 0 -1 0 -1 0 -1 0 -1 0 -1 0 -1 0 -1 0 -1 0 -1 0 -1 0 -1 0 0 0 0 0 0 1 0 1 0 2 0 2 0 3 0 3 0 4 0 4 -1 0
27 0 1 1 2 2 3 3 4 4 5 5 6 6 7 7 8 8 9 9 10 10 11 0 12 12 13 13 14 14 15 0 16 16 17 0 18 18 19 0 20 20 21 0 22 22 23 0 24 0 25 0 26 G -1 0 -1 0 -1 0 -1 0 -1 0 -1 0 -1 0 -1 0 -1 0 -1 0 -1 0 -1 0 -1 0 -1 0 -1 0 0 0 0 0 0 1 0 1 0 2 0 2 0 3 0 3 -1 0 -1 0 -1 0
27 0 1 1 2 2 3 3 4 4 5 5 6 6 7 7 8 8 9 9 10 10 11 0 12 12 13 13 14 14 15 0 16 16 17 0 18 18 19 0 20 20 21 0 22 0 23 0 24 0 25 0 26 G -1 0 -1 0 -1 0 -1 0 -1 0 -1 0 -1 0 -1 0 -1 0 -1 0 -1 0 -1 0 -1 0 -1 0 -1 0 0 0 0 0 0 1 0 1 0 2 0 2 -1 0 -1 0 -1 0 -1 0 -1 0
27 0 1 1 2 2 3 3 4 4 5 5 6 6 7 7 8 8 9 9 10 10 11 0 12 12 13 13 14 14 15 0 16 16 17 0 18 18 19 0 20 0 21 0 22 0 23 0 24 0 25 0 26 G -1 0 -1 0 -1 0 -1 0 -1 0 -1 0 -1 0 -1 0 -1 0 -1 0 -1 0 -1 0 -1 0 -1 0 -1 0 0 0 0 0 0 1 0 1 -1 0 -1 0 -1 0 -1 0 -1 0 -1 0 -1 0
27 0 1 1 2 2 3 3 4 4 5 5 6 6 7 7 8 8 9 9 10 10 11 0 12 12 13 13 14 14 15 0 16 16 17 0 18 0 19 0 20 0 21 0 22 0 23 0 24 0 25 0 26 G -1 0 -1 0 -1 0 -1 0 -1 0 -1 0 -1 0 -1 0 -1 0 -1 0 -1 0 -1 0 -1 0 -1 0 -1 0 -1 0 -1 0 -1 0 -1 0 -1 0 -1 0 -1 0 -1 0 -1 0 -1 0 -1 0
27 0 1 1 2 2 3 3 4 4 5 5 6 6 7 7 8 8 9 9 10 10 11 0 12 12 13 13 14 14 15 0 16 0 17 0 18 0 19 0 20 0 21 0 22 0 23 0 24 0 25 0 26 G -1 0 -1 0 -1 0 -1 0 -1 0 -1 0 -1 0 -1 0 -1 0 -1 0 -1 0 -1 0 -1 0 -1 0 -1 0 -1 0 -1 0 -1 0 -1 0 -1 0 -1 0 -1 0 -1 0 -1 0 -1 0 -1 0
27 0 1 1 2 2 3 3 4 4 5 5 6 6 7 7 8 8 9 9 10 10 11 0 12 12 13 13 14 0 15 15 16 16 17 0 18 18 19 19 20 0 21 21 22 22 23 0 24 24 25 25 26 G -1 0 -1 0 -1 0 -1 0 -1 0 -1 0 -1 0 -1 0 -1 0 -1 0 -1 0 0 0 0 0 0 0 0 1 0 1 0 1 0 2 0 2 0 2 0 3 0 3 0 3 0 4 0 4 0 4
27 0 1 1 2 2 3 3 4 4 5 5 6 6 7 7 8 8 9 9 10 10 11 0 12 12 13 13 14 0 15 15 16 16 17 0 18 18 19 19 20 0 21 21 22 22 23 0 24 24 25 0 26 G -1 0 -1 0 -1 0 -1 0 -1 0 -1 0 -1 0 -1 0 -1 0 -1 0 -1 0 0 0 0 0 0 0 0 1 0 1 0 1 0 2 0 2 0 2 0 3 0 3 0 3 -1 0 -1 0 -1 0
27 0 1 1 2 2 3 3 4 4 5 5 6 6 7 7 8 8 9 9 10 10 11 0 12 12 13 13 14 0 15 15 16 16 17 0 18 18 19 19 20 0 21 21 22 22 23 0 24 0 25 0 26 G -1 0 -1 0 -1 0 -1 0 -1 0 -1 0 -1 0 -1 0 -1 0 -1 0 -1 0 0 0 0 0 0 0 0 1 0 1 0 1 0 2 0 2 0 2 0 3 0 3 0 3 -1 0 -1 0 -1 0
27 0 1 1 2 2 3 3 4 4 5 5 6 6 7 7 8 8 9 9 10 10 11 0 12 12 13 13 14 0 15 15 16 16 17 0 18 18 19 19 20 0 21 21 22 0 23 23 24 0 25 25 26 G -1 0 -1 0 -1 0 -1 0 -1 0 -1 0 -1 0 -1 0 -1 0 -1 0 -1 0 1 0 1 0 1 0 1 1 1 1 1 1 1 2 1 2 1 2 0 0 0 0 0 1 0 1 0 2 0 2
27 0 1 1 2 2 3 3 4 4 5 5 6 6 7 7 8 8 9 9 10 10 11 0 12 12 13 13 14 0 15 15 16 16 17 0 18 18 19 19 20 0 21 21 22 0 23 23 24 0 25 0 26 G -1 0 -1 0 -1 0 -1 0 -1 0 -1 0 -1 0 -1 0 -1 0 -1 0 -1 0 1 0 1 0 1 0 1 1 1 1 1 1 1 2 1 2 1 2 0 0 0 0 0 1 0 1 -1 0 -1 0
27 0 1 1 2 2 3 3 4 4 5 5 6 6 7 7 8 8 9 9 10 10 11 0 12 12 13 13 14 0 15 15 16 16 17 0 18 18 19 19 20 0 21 21 22 0 23 0 24 0 25 0 26 G -1 0 -1 0 -1 0 -1 0 -1 0 -1 0 -1 0 -1 0 -1 0 -1 0 -1 0 0 0 0 0 0 0 0 1 0 1 0 1 0 2 0 2 0 2 -1 0 -1 0 -1 0 -1 0 -1 0 -1 0
27 0 1 1 2 2 3 3 4 4 5 5 6 6 7 7 8 8 9 9 10 10 11 0 12 12 13 13 14 0 15 15 16 16 17 0 18 18 19 19 20 0 21 0 22 0 23 0 24 0 25 0 26 G -1 0 -1 0 -1 0 -1 0 -1 0 -1 0 -1 0 -1 0 -1 0 -1 0 -1 0 0 0 0 0 0 0 0 1 0 1 0 1 0 2 0 2 0 2 -1 0 -1 0 -1 0 -1 0 -1 0 -1 0
27 0 1 1 2 2 3 3 4 4 5 5 6 6 7 7 8 8 9 9 10 10 11 0 12 12 13 13 14 0 15 15 16 16 17 0 18 18 19 0 20 20 21 0 22 22 23 0 24 24 25 0 26 G -1 0 -1 0 -1 0 -1 0 -1 0 -1 0 -1 0 -1 0 -1 0 -1 0 -1 0 1 0 1 0 1 0 1 1 1 1 1 1 0 0 0 0 0 1 0 1 0 2 0 2 0 3 0 3 -1 0
27 0 1 1 2 2 3 3 4 4 5 5 6 6 7 7 8 8 9 9 10 10 11 0 12 12 13 13 14 0 15 15 16 16 17 0 18 18 19 0 20 20 21 0 22 22 23 0 24 0 25 0 26 G -1 0 -1 0 -1 0 -1 0 -1 0 -1 0 -1 0 -1 0 -1 0 -1 0 -1 0 1 0 1 0 1 0 1 1 1 1 1 1 0 0 0 0 0 1 0 1 0 2 0 2 -1 0 -1 0 -1 0
27 0 1 1 2 2 3 3 4 4 5 5 6 6 7 7 8 8 9 9 10 10 11 0 12 12 13 13 14 0 15 15 16 16 17 0 18 18 19 0 20 20 21 0 22 0 23 0 24 0 25 0 26 G -1 0 -1 0 -1 0 -1 0 -1 0 -1 0 -1 0 -1 0 -1 0 -1 0 -1 0 1 0 1 0 1 0 1 1 1 1 1 1 0 0 0 0 0 1 0 1 -1 0 -1 0 -1 0 -1 0 -1 0
27 0 1 1 2 2 3 3 4 4 5 5 6 6 7 7 8 8 9 9 10 10 11 0 12 12 13 13 14 0 15 15 16 16 17 0 18 18 19 0 20 0 21 0 22 0 23 0 24 0 25 0 26 G -1 0 -1 0 -1 0 -1 0 -1 0 -1 0 -1 0 -1 0 -1 0 -1 0 -1 0 0 0 0 0 0 0 0 1 0 1 0 1 -1 0 -1 0 -1 0 -1 0 -1 0 -1 0 -1 0 -1 0 -1 0
27 0 1 1 2 2 3 3 4 4 5 5 6 6 7 7 8 8 9 9 10 10 11 0 12 12 13 13 14 0 15 15 16 16 17 0 18 0 19 0 20 0 21 0 22 0 23 0 24 0 25 0 26 G -1 0 -1 0 -1 0 -1 0 -1 0 -1 0 -1 0 -1 0 -1 0 -1 0 -1 0 0 0 0 0 0 0 0 1 0 1 0 1 -1 0 -1 0 -1 0 -1 0 -1 0 -1 0 -1 0 -1 0 -1 0
27 0 1 1 2 2 3 3 4 4 5 5 6 6 7 7 8 8 9 9 10 10 11 0 12 12 13 13 14 0 15 15 16 0 17 17 18 0 19 19 20 0 21 21 22 0 23 23 24 0 25 25 26 G -1 0 -1 0 -1 0 -1 0 -1 0 -1 0 -1 0 -1 0 -1 0 -1 0 -1 0 -1 0 -1 0 -1 0 0 0 0 0 0 1 0 1 0 2 0 2 0 3 0 3 0 4 0 4 0 5 0 5
27 0 1 1 2 2 3 3 4 4 5 5 6 6 7 7 8 8 9 9 10 10 11 0 12 12 13 13 14 0 15 15 16 0 17 17 18 0 19 19 20 0 21 21 22 0 23 23 24 0 25 0 26 G -1 0 -1 0 -1 0 -1 0 -1 0 -1 0 -1 0 -1 0 -1 0 -1 0 -1 0 -1 0 -1 0 -1 0 0 0 0 0 0 1 0 1 0 2 0 2 0 3 0 3 0 4 0 4 -1 0 -1 0
27 0 1 1 2 2 3 3 4 4 5 5 6 6 7 7 8 8 9 9 10 10 11 0 12 12 13 13 14 0 15 15 16 0 17 17 18 0 19 19 20 0 21 21 22 0 23 0 24 0 25 0 26 G -1 0 -1 0 -1 0 -1 0 -1 0 -1 0 -1 0 -1 0 -1 0 -1 0 -1 0 -1 0 -1 0 -1 0 0 0 0 0 0 1 0 1 0 2 0 2 0 3 0 3 -1 0 -1 0 -1 0 -1 0
27 0 1 1 2 2 3 3 4 4 5 5 6 6 7 7 8 8 9 9 10 10 11 0 12 12 13 13 14 0 15 15 16 0 17 17 18 0 19 19 20 0 21 0 22 0 23 0 24 0 25 0 26 G -1 0 -1 0 -1 0 -1 0 -1 0 -1 0 -1 0 -1 0 -1 0 -1 0 -1 0 -1 0 -1 0 -1 0 0 0 0 0 0 1 0 1 0 2 0 2 -1 0 -1 0 -1 0 -1 0 -1 0 -1 0
27 0 1 1 2 2 3 3 4 4 5 5 6 6 7 7 8 8 9 9 10 10 11 0 12 12 13 13 14 0 15 15 16 0 17 17 18 0 19 0 20 0 21 0 22 0 23 0 24 0 25 0 26 G -1 0 -1 0 -1 0 -1 0 -1 0 -1 0 -1 0 -1 0 -1 0 -1 0 -1 0 -1 0 -1 0 -1 0 0 0 0 0 0 1 0 1 -1 0 -1 0 -1 0 -1 0 -1 0 -1 0 -1 0 -1 0
27 0 1 1 2 2 3 3 4 4 5 5 6 6 7 7 8 8 9 9 10 10 11 0 12 12 13 13 14 0 15 15 16 0 17 0 18 0 19 0 20 0 21 0 22 0 23 0 24 0 25 0 26 G -1 0 -1 0 -1 0 -1 0 -1 0 -1 0 -1 0 -1 0 -1 0 -1 0 -1 0 -1 0 -1 0 -1 0 -1 0 -1 0 -1 0 -1 0 -1 0 -1 0 -1 0 -1 0 -1 0 -1 0 -1 0 -1 0
27 0 1 1 2 2 3 3 4 4 5 5 6 6 7 7 8 8 9 9 10 10 11 0 12 12 13 13 14 0 15 0 16 0 17 0 18 0 19 0 20 0 21 0 22 0 23 0 24 0 25 0 26 G -1 0 -1 0 -1 0 -1 0 -1 0 -1 0 -1 0 -1 0 -1 0 -1 0 -1 0 -1 0 -1 0 -1 0 -1 0 -1 0 -1 0 -1 0 -1 0 -1 0 -1 0 -1 0 -1 0 -1 0 -1 0 -1 0
27 0 1 1 2 2 3 3 4 4 5 5 6 6 7 7 8 8 9 9 10 10 11 0 12 12 13 0 14 14 15 0 16 16 17 0 18 18 19 0 20 20 21 0 22 22 23 0 24 24 25 0 26 G -1 0 -1 0 -1 0 -1 0 -1 0 -1 0 -1 0 -1 0 -1 0 -1 0 -1 0 0 0 0 0 0 1 0 1 0 2 0 2 0 3 0 3 0 4 0 4 0 5 0 5 0 6 0 6 -1 0
27 0 1 1 2 2 3 3 4 4 5 5 6 6 7 7 8 8 9 9 10 10 11 0 12 12 13 0 14 14 15 0 16 16 17 0 18 18 19 0 20 20 21 0 22 22 23 0 24 0 25 0 26 G -1 0 -1 0 -1 0 -1 0 -1 0 -1 0 -1 0 -1 0 -1 0 -1 0 -1 0 0 0 0 0 0 1 0 1 0 2 0 2 0 3 0 3 0 4 0 4 0 5 0 5 -1 0 -1 0 -1 0
27 0 1 1 2 2 3 3 4 4 5 5 6 6 7 7 8 8 9 9 10 10 11 0 12 12 13 0 14 14 15 0 16 16 17 0 18 18 19 0 20 20 21 0 22 0 23 0 24 0 25 0 26 G -1 0 -1 0 -1 0 -1 0 -1 0 -1 0 -1 0 -1 0 -1 0 -1 0 -1 0 0 0 0 0 0 1 0 1 0 2 0 2 0 3 0 3 0 4 0 4 -1 0 -1 0 -1 0 -1 0 -1 0
27 0 1 1 2 2 3 3 4 4 5 5 6 6 7 7 8 8 9 9 10 10 11 0 12 12 13 0 14 14 15 0 16 16 17 0 18 18 19 0 20 0 21 0 22 0 23 0 24 0 25 0 26 G -1 0 -1 0 -1 0 -1 0 -1 0 -1 0 -1 0 -1 0 -1 0 -1 0 -1 0 0 0 0 0 0 1 0 1 0 2 0 2 0 3 0 3 -1 0 -1 0 -1 0 -1 0 -1 0 -1 0 -1 0
27 0 1 1 2 2 3 3 4 4 5 5 6 6 7 7 8 8 9 9 10 10 11 0 12 12 13 0 14 14 15 0 16 16 17 0 18 0 19 0 20 0 21 0 22 0 23 0 24 0 25 0 26 G -1 0 -1 0 -1 0 -1 0 -1 0 -1 0 -1 0 -1 0 -1 0 -1 0 -1 0 0 0 0 0 0 1 0 1 0 2 0 2 -1 0 -1 0 -1 0 -1 0 -1 0 -1 0 -1 0 -1 0 -1 0
27 0 1 1 2 2 3 3 4 4 5 5 6 6 7 7 8 8 9 9 10 10 11 0 12 12 13 0 14 14 15 0 16 0 17 0 18 0 19 0 20 0 21 0 22 0 23 0 24 0 25 0 26 G -1 0 -1 0 -1 0 -1 0 -1 0 -1 0 -1 0 -1 0 -1 0 -1 0 -1 0 0 0 0 0 0 1 0 1 -1 0 -1 0 -1 0 -1 0 -1 0 -1 0 -1 0 -1 0 -1 0 -1 0 -1 0
27 0 1 1 2 2 3 3 4 4 5 5 6 6 7 7 8 8 9 9 10 10 11 0 12 12 13 0 14 0 15 0 16 0 17 0 18 0 19 0 20 0 21 0 22 0 23 0 24 0 25 0 26 G -1 0 -1 0 -1 0 -1 0 -1 0 -1 0 -1 0 -1 0 -1 0 -1 0 -1 0 -1 0 -1 0 -1 0 -1 0 -1 0 -1 0 -1 0 -1 0 -1 0 -1 0 -1 0 -1 0 -1 0 -1 0 -1 0
27 0 1 1 2 2 3 3 4 4 5 5 6 6 7 7 8 8 9 9 10 10 11 0 12 0 13 0 14 0 15 0 16 0 17 0 18 0 19 0 20 0 21 0 22 0 23 0 24 0 25 0 26 G -1 0 -1 0 -1 0 -1 0 -1 0 -1 0 -1 0 -1 0 -1 0 -1 0 -1 0 -1 0 -1 0 -1 0 -1 0 -1 0 -1 0 -1 0 -1 0 -1 0 -1 0 -1 0 -1 0 -1 0 -1 0 -1 0
27 0 1 1 2 2 3 3 4 4 5 5 6 6 7 7 8 8 9 9 10 0 11 11 12 12 13 13 14 14 15 15 16 16 17 17 18 18 19 19 20 0 21 21 22 22 23 23 24 24 25 25 26 G 0 0 0 0 0 0 0 0 0 0 0 0 0 0 0 0 0 0 0 0 0 1 0 1 0 1 0 1 0 1 0 1 0 1 0 1 0 1 0 1 -1 0 -1 0 -1 0 -1 0 -1 0 -1 0
27 0 1 1 2 2 3 3 4 4 5 5 6 6 7 7 8 8 9 9 10 0 11 11 12 12 13 13 14 14 15 15 16 16 17 17 18 18 19 19 20 0 21 21 22 22 23 23 24 24 25 0 26 G 0 0 0 0 0 0 0 0 0 0 0 0 0 0 0 0 0 0 0 0 0 1 0 1 0 1 0 1 0 1 0 1 0 1 0 1 0 1 0 1 -1 0 -1 0 -1 0 -1 0 -1 0 -1 0
27 0 1 1 2 2 3 3 4 4 5 5 6 6 7 7 8 8 9 9 10 0 11 11 12 12 13 13 14 14 15 15 16 16 17 17 18 18 19 19 20 0 21 21 22 22 23 23 24 0 25 25 26 G 0 0 0 0 0 0 0 0 0 0 0 0 0 0 0 0 0 0 0 0 0 1 0 1 0 1 0 1 0 1 0 1 0 1 0 1 0 1 0 1 -1 0 -1 0 -1 0 -1 0 -1 0 -1 0
27 0 1 1 2 2 3 3 4 4 5 5 6 6 7 7 8 8 9 9 10 0 11 11 12 12 13 13 14 14 15 15 16 16 17 17 18 18 19 19 20 0 21 21 22 22 23 23 24 0 25 0 26 G 0 0 0 0 0 0 0 0 0 0 0 0 0 0 0 0 0 0 0 0 0 1 0 1 0 1 0 1 0 1 0 1 0 1 0 1 0 1 0 1 -1 0 -1 0 -1 0 -1 0 -1 0 -1 0
27 0 1 1 2 2 3 3 4 4 5 5 6 6 7 7 8 8 9 9 10 0 11 11 12 12 13 13 14 14 15 15 16 16 17 17 18 18 19 19 20 0 21 21 22 22 23 0 24 24 25 25 26 G 1 0 1 0 1 0 1 0 1 0 1 0 1 0 1 0 1 0 1 0 1 1 1 1 1 1 1 1 1 1 1 1 1 1 1 1 1 1 1 1 0 0 0 0 0 0 0 1 0 1 0 1
27 0 1 1 2 2 3 3 4 4 5 5 6 6 7 7 8 8 9 9 10 0 11 11 12 12 13 13 14 14 15 15 16 16 17 17 18 18 19 19 20 0 21 21 22 22 23 0 24 24 25 0 26 G 0 0 0 0 0 0 0 0 0 0 0 0 0 0 0 0 0 0 0 0 0 1 0 1 0 1 0 1 0 1 0 1 0 1 0 1 0 1 0 1 -1 0 -1 0 -1 0 -1 0 -1 0 -1 0
27 0 1 1 2 2 3 3 4 4 5 5 6 6 7 7 8 8 9 9 10 0 11 11 12 12 13 13 14 14 15 15 16 16 17 17 18 18 19 19 20 0 21 21 22 22 23 0 24 0 25 0 26 G 0 0 0 0 0 0 0 0 0 0 0 0 0 0 0 0 0 0 0 0 0 1 0 1 0 1 0 1 0 1 0 1 0 1 0 1 0 1 0 1 -1 0 -1 0 -1 0 -1 0 -1 0 -1 0
27 0 1 1 2 2 3 3 4 4 5 5 6 6 7 7 8 8 9 9 10 0 11 11 12 12 13 13 14 14 15 15 16 16 17 17 18 18 19 19 20 0 21 21 22 0 23 23 24 0 25 25 26 G 1 0 1 0 1 0 1 0 1 0 1 0 1 0 1 0 1 0 1 0 1 1 1 1 1 1 1 1 1 1 1 1 1 1 1 1 1 1 1 1 0 0 0 0 0 1 0 1 0 2 0 2
27 0 1 1 2 2 3 3 4 4 5 5 6 6 7 7 8 8 9 9 10 0 11 11 12 12 13 13 14 14 15 15 16 16 17 17 18 18 19 19 20 0 21 21 22 0 23 23 24 0 25 0 26 G 1 0 1 0 1 0 1 0 1 0 1 0 1 0 1 0 1 0 1 0 1 1 1 1 1 1 1 1 1 1 1 1 1 1 1 1 1 1 1 1 0 0 0 0 0 1 0 1 -1 0 -1 0
27 0 1 1 2 2 3 3 4 4 5 5 6 6 7 7 8 8 9 9 10 0 11 11 12 12 13 13 14 14 15 15 16 16 17 17 18 18 19 19 20 0 21 21 22 0 23 0 24 0 25 0 26 G 0 0 0 0 0 0 0 0 0 0 0 0 0 0 0 0 0 0 0 0 0 1 0 1 0 1 0 1 0 1 0 1 0 1 0 1 0 1 0 1 -1 0 -1 0 -1 0 -1 0 -1 0 -1 0
27 0 1 1 2 2 3 3 4 4 5 5 6 6 7 7 8 8 9 9 10 0 11 11 12 12 13 13 14 14 15 15 16 16 17 17 18 18 19 19 20 0 21 0 22 0 23 0 24 0 25 0 26 G 0 0 0 0 0 0 0 0 0 0 0 0 0 0 0 0 0 0 0 0 0 1 0 1 0 1 0 1 0 1 0 1 0 1 0 1 0 1 0 1 -1 0 -1 0 -1 0 -1 0 -1 0 -1 0
27 0 1 1 2 2 3 3 4 4 5 5 6 6 7 7 8 8 9 9 10 0 11 11 12 12 13 13 14 14 15 15 16 16 17 17 18 18 19 0 20 20 21 21 22 22 23 23 24 24 25 25 26 G -1 0 -1 0 -1 0 -1 0 -1 0 -1 0 -1 0 -1 0 -1 0 -1 0 -1 0 -1 0 -1 0 -1 0 -1 0 -1 0 -1 0 -1 0 -1 0 -1 0 -1 0 -1 0 -1 0 -1 0 -1 0 -1 0
27 0 1 1 2 2 3 3 4 4 5 5 6 6 7 7 8 8 9 9 10 0 11 11 12 12 13 13 14 14 15 15 16 16 17 17 18 18 19 0 20 20 21 21 22 22 23 23 24 24 25 0 26 G -1 0 -1 0 -1 0 -1 0 -1 0 -1 0 -1 0 -1 0 -1 0 -1 0 -1 0 -1 0 -1 0 -1 0 -1 0 -1 0 -1 0 -1 0 -1 0 -1 0 -1 0 -1 0 -1 0 -1 0 -1 0 -1 0
27 0 1 1 2 2 3 3 4 4 5 5 6 6 7 7 8 8 9 9 10 0 11 11 12 12 13 13 14 14 15 15 16 16 17 17 18 18 19 0 20 20 21 21 22 22 23 23 24 0 25 25 26 G -1 0 -1 0 -1 0 -1 0 -1 0 -1 0 -1 0 -1 0 -1 0 -1 0 -1 0 -1 0 -1 0 -1 0 -1 0 -1 0 -1 0 -1 0 -1 0 -1 0 -1 0 -1 0 -1 0 -1 0 -1 0 -1 0
27 0 1 1 2 2 3 3 4 4 5 5 6 6 7 7 8 8 9 9 10 0 11 11 12 12 13 13 14 14 15 15 16 16 17 17 18 18 19 0 20 20 21 21 22 22 23 23 24 0 25 0 26 G -1 0 -1 0 -1 0 -1 0 -1 0 -1 0 -1 0 -1 0 -1 0 -1 0 -1 0 -1 0 -1 0 -1 0 -1 0 -1 0 -1 0 -1 0 -1 0 -1 0 -1 0 -1 0 -1 0 -1 0 -1 0 -1 0
27 0 1 1 2 2 3 3 4 4 5 5 6 6 7 7 8 8 9 9 10 0 11 11 12 12 13 13 14 14 15 15 16 16 17 17 18 18 19 0 20 20 21 21 22 22 23 0 24 24 25 25 26 G -1 0 -1 0 -1 0 -1 0 -1 0 -1 0 -1 0 -1 0 -1 0 -1 0 -1 0 -1 0 -1 0 -1 0 -1 0 -1 0 -1 0 -1 0 -1 0 -1 0 -1 0 -1 0 -1 0 -1 0 -1 0 -1 0
27 0 1 1 2 2 3 3 4 4 5 5 6 6 7 7 8 8 9 9 10 0 11 11 12 12 13 13 14 14 15 15 16 16 17 17 18 18 19 0 20 20 21 21 22 22 23 0 24 24 25 0 26 G -1 0 -1 0 -1 0 -1 0 -1 0 -1 0 -1 0 -1 0 -1 0 -1 0 -1 0 -1 0 -1 0 -1 0 -1 0 -1 0 -1 0 -1 0 -1 0 -1 0 -1 0 -1 0 -1 0 -1 0 -1 0 -1 0
27 0 1 1 2 2 3 3 4 4 5 5 6 6 7 7 8 8 9 9 10 0 11 11 12 12 13 13 14 14 15 15 16 16 17 17 18 18 19 0 20 20 21 21 22 22 23 0 24 0 25 0 26 G -1 0 -1 0 -1 0 -1 0 -1 0 -1 0 -1 0 -1 0 -1 0 -1 0 -1 0 -1 0 -1 0 -1 0 -1 0 -1 0 -1 0 -1 0 -1 0 -1 0 -1 0 -1 0 -1 0 -1 0 -1 0 -1 0
27 0 1 1 2 2 3 3 4 4 5 5 6 6 7 7 8 8 9 9 10 0 11 11 12 12 13 13 14 14 15 15 16 16 17 17 18 18 19 0 20 20 21 21 22 0 23 23 24 24 25 0 26 G -1 0 -1 0 -1 0 -1 0 -1 0 -1 0 -1 0 -1 0 -1 0 -1 0 -1 0 -1 0 -1 0 -1 0 -1 0 -1 0 -1 0 -1 0 -1 0 0 0 0 0 0 0 0 1 0 1 0 1 -1 0
27 0 1 1 2 2 3 3 4 4 5 5 6 6 7 7 8 8 9 9 10 0 11 11 12 12 13 13 14 14 15 15 16 16 17 17 18 18 19 0 20 20 21 21 22 0 23 23 24 0 25 25 26 G -1 0 -1 0 -1 0 -1 0 -1 0 -1 0 -1 0 -1 0 -1 0 -1 0 -1 0 -1 0 -1 0 -1 0 -1 0 -1 0 -1 0 -1 0 -1 0 -1 0 -1 0 -1 0 0 0 0 0 0 1 0 1
27 0 1 1 2 2 3 3 4 4 5 5 6 6 7 7 8 8 9 9 10 0 11 11 12 12 13 13 14 14 15 15 16 16 17 17 18 18 19 0 20 20 21 21 22 0 23 23 24 0 25 0 26 G -1 0 -1 0 -1 0 -1 0 -1 0 -1 0 -1 0 -1 0 -1 0 -1 0 -1 0 -1 0 -1 0 -1 0 -1 0 -1 0 -1 0 -1 0 -1 0 -1 0 -1 0 -1 0 -1 0 -1 0 -1 0 -1 0
27 0 1 1 2 2 3 3 4 4 5 5 6 6 7 7 8 8 9 9 10 0 11 11 12 12 13 13 14 14 15 15 16 16 17 17 18 18 19 0 20 20 21 21 22 0 23 0 24 0 25 0 26 G -1 0 -1 0 -1 0 -1 0 -1 0 -1 0 -1 0 -1 0 -1 0 -1 0 -1 0 -1 0 -1 0 -1 0 -1 0 -1 0 -1 0 -1 0 -1 0 -1 0 -1 0 -1 0 -1 0 -1 0 -1 0 -1 0
27 0 1 1 2 2 3 3 4 4 5 5 6 6 7 7 8 8 9 9 10 0 11 11 12 12 13 13 14 14 15 15 16 16 17 17 18 18 19 0 20 20 21 0 22 22 23 0 24 24 25 0 26 G -1 0 -1 0 -1 0 -1 0 -1 0 -1 0 -1 0 -1 0 -1 0 -1 0 -1 0 -1 0 -1 0 -1 0 -1 0 -1 0 -1 0 -1 0 -1 0 0 0 0 0 0 1 0 1 0 2 0 2 -1 0
27 0 1 1 2 2 3 3 4 4 5 5 6 6 7 7 8 8 9 9 10 0 11 11 12 12 13 13 14 14 15 15 16 16 17 17 18 18 19 0 20 20 21 0 22 22 23 0 24 0 25 0 26 G -1 0 -1 0 -1 0 -1 0 -1 0 -1 0 -1 0 -1 0 -1 0 -1 0 -1 0 -1 0 -1 0 -1 0 -1 0 -1 0 -1 0 -1 0 -1 0 0 0 0 0 0 1 0 1 -1 0 -1 0 -1 0
27 0 1 1 2 2 3 3 4 4 5 5 6 6 7 7 8 8 9 9 10 0 11 11 12 12 13 13 14 14 15 15 16 16 17 17 18 18 19 0 20 20 21 0 22 0 23 0 24 0 25 0 26 G -1 0 -1 0 -1 0 -1 0 -1 0 -1 0 -1 0 -1 0 -1 0 -1 0 -1 0 -1 0 -1 0 -1 0 -1 0 -1 0 -1 0 -1 0 -1 0 -1 0 -1 0 -1 0 -1 0 -1 0 -1 0 -1 0
27 0 1 1 2 2 3 3 4 4 5 5 6 6 7 7 8 8 9 9 10 0 11 11 12 12 13 13 14 14 15 15 16 16 17 17 18 18 19 0 20 0 21 0 22 0 23 0 24 0 25 0 26 G -1 0 -1 0 -1 0 -1 0 -1 0 -1 0 -1 0 -1 0 -1 0 -1 0 -1 0 -1 0 -1 0 -1 0 -1 0 -1 0 -1 0 -1 0 -1 0 -1 0 -1 0 -1 0 -1 0 -1 0 -1 0 -1 0
27 0 1 1 2 2 3 3 4 4 5 5 6 6 7 7 8 8 9 9 10 0 11 11 12 12 13 13 14 14 15 15 16 16 17 17 18 0 19 19 20 20 21 21 22 22 23 23 24 24 25 25 26 G -1 0 -1 0 -1 0 -1 0 -1 0 -1 0 -1 0 -1 0 -1 0 -1 0 0 0 0 0 0 0 0 0 0 0 0 0 0 0 0 0 0 1 0 1 0 1 0 1 0 1 0 1 0 1 0 1
27 0 1 1 2 2 3 3 4 4 5 5 6 6 7 7 8 8 9 9 10 0 11 11 12 12 13 13 14 14 15 15 16 16 17 17 18 0 19 19 20 20 21 21 22 22 23 23 24 24 25 0 26 G -1 0 -1 0 -1 0 -1 0 -1 0 -1 0 -1 0 -1 0 -1 0 -1 0 -1 0 -1 0 -1 0 -1 0 -1 0 -1 0 -1 0 -1 0 -1 0 -1 0 -1 0 -1 0 -1 0 -1 0 -1 0 -1 0
27 0 1 1 2 2 3 3 4 4 5 5 6 6 7 7 8 8 9 9 10 0 11 11 12 12 13 13 14 14 15 15 16 16 17 17 18 0 19 19 20 20 21 21 22 22 23 23 24 0 25 25 26 G -1 0 -1 0 -1 0 -1 0 -1 0 -1 0 -1 0 -1 0 -1 0 -1 0 -1 0 -1 0 -1 0 -1 0 -1 0 -1 0 -1 0 -1 0 -1 0 -1 0 -1 0 -1 0 -1 0 -1 0 -1 0 -1 0
27 0 1 1 2 2 3 3 4 4 5 5 6 6 7 7 8 8 9 9 10 0 11 11 12 12 13 13 14 14 15 15 16 16 17 17 18 0 19 19 20 20 21 21 22 22 23 23 24 0 25 0 26 G -1 0 -1 0 -1 0 -1 0 -1 0 -1 0 -1 0 -1 0 -1 0 -1 0 -1 0 -1 0 -1 0 -1 0 -1 0 -1 0 -1 0 -1 0 -1 0 -1 0 -1 0 -1 0 -1 0 -1 0 -1 0 -1 0
27 0 1 1 2 2 3 3 4 4 5 5 6 6 7 7 8 8 9 9 10 0 11 11 12 12 13 13 14 14 15 15 16 16 17 17 18 0 19 19 20 20 21 21 22 22 23 0 24 24 25 25 26 G -1 0 -1 0 -1 0 -1 0 -1 0 -1 0 -1 0 -1 0 -1 0 -1 0 -1 0 -1 0 -1 0 -1 0 -1 0 -1 0 -1 0 -1 0 -1 0 -1 0 -1 0 -1 0 -1 0 -1 0 -1 0 -1 0
27 0 1 1 2 2 3 3 4 4 5 5 6 6 7 7 8 8 9 9 10 0 11 11 12 12 13 13 14 14 15 15 16 16 17 17 18 0 19 19 20 20 21 21 22 22 23 0 24 24 25 0 26 G -1 0 -1 0 -1 0 -1 0 -1 0 -1 0 -1 0 -1 0 -1 0 -1 0 -1 0 -1 0 -1 0 -1 0 -1 0 -1 0 -1 0 -1 0 -1 0 -1 0 -1 0 -1 0 -1 0 -1 0 -1 0 -1 0
27 0 1 1 2 2 3 3 4 4 5 5 6 6 7 7 8 8 9 9 10 0 11 11 12 12 13 13 14 14 15 15 16 16 17 17 18 0 19 19 20 20 21 21 22 22 23 0 24 0 25 0 26 G -1 0 -1 0 -1 0 -1 0 -1 0 -1 0 -1 0 -1 0 -1 0 -1 0 -1 0 -1 0 -1 0 -1 0 -1 0 -1 0 -1 0 -1 0 -1 0 -1 0 -1 0 -1 0 -1 0 -1 0 -1 0 -1 0
27 0 1 1 2 2 3 3 4 4 5 5 6 6 7 7 8 8 9 9 10 0 11 11 12 12 13 13 14 14 15 15 16 16 17 17 18 0 19 19 20 20 21 21 22 0 23 23 24 24 25 25 26 G -1 0 -1 0 -1 0 -1 0 -1 0 -1 0 -1 0 -1 0 -1 0 -1 0 -1 0 -1 0 -1 0 -1 0 -1 0 -1 0 -1 0 -1 0 0 0 0 0 0 0 0 0 0 1 0 1 0 1 0 1
27 0 1 1 2 2 3 3 4 4 5 5 6 6 7 7 8 8 9 9 10 0 11 11 12 12 13 13 14 14 15 15 16 16 17 17 18 0 19 19 20 20 21 21 22 0 23 23 24 24 25 0 26 G -1 0 -1 0 -1 0 -1 0 -1 0 -1 0 -1 0 -1 0 -1 0 -1 0 -1 0 -1 0 -1 0 -1 0 -1 0 -1 0 -1 0 -1 0 -1 0 -1 0 -1 0 -1 0 -1 0 -1 0 -1 0 -1 0
27 0 1 1 2 2 3 3 4 4 5 5 6 6 7 7 8 8 9 9 10 0 11 11 12 12 13 13 14 14 15 15 16 16 17 17 18 0 19 19 20 20 21 21 22 0 23 23 24 0 25 25 26 G -1 0 -1 0 -1 0 -1 0 -1 0 -1 0 -1 0 -1 0 -1 0 -1 0 -1 0 -1 0 -1 0 -1 0 -1 0 -1 0 -1 0 -1 0 -1 0 -1 0 -1 0 -1 0 0 0 0 0 0 1 0 1
27 0 1 1 2 2 3 3 4 4 5 5 6 6 7 7 8 8 9 9 10 0 11 11 12 12 13 13 14 14 15 15 16 16 17 17 18 0 19 19 20 20 21 21 22 0 23 23 24 0 25 0 26 G -1 0 -1 0 -1 0 -1 0 -1 0 -1 0 -1 0 -1 0 -1 0 -1 0 -1 0 -1 0 -1 0 -1 0 -1 0 -1 0 -1 0 -1 0 -1 0 -1 0 -1 0 -1 0 -1 0 -1 0 -1 0 -1 0
27 0 1 1 2 2 3 3 4 4 5 5 6 6 7 7 8 8 9 9 10 0 11 11 12 12 13 13 14 14 15 15 16 16 17 17 18 0 19 19 20 20 21 21 22 0 23 0 24 0 25 0 26 G -1 0 -1 0 -1 0 -1 0 -1 0 -1 0 -1 0 -1 0 -1 0 -1 0 -1 0 -1 0 -1 0 -1 0 -1 0 -1 0 -1 0 -1 0 -1 0 -1 0 -1 0 -1 0 -1 0 -1 0 -1 0 -1 0
27 0 1 1 2 2 3 3 4 4 5 5 6 6 7 7 8 8 9 9 10 0 11 11 12 12 13 13 14 14 15 15 16 16 17 17 18 0 19 19 20 20 21 0 22 22 23 23 24 0 25 25 26 G -1 0 -1 0 -1 0 -1 0 -1 0 -1 0 -1 0 -1 0 -1 0 -1 0 -1 0 -1 0 -1 0 -1 0 -1 0 -1 0 -1 0 -1 0 0 0 0 0 0 0 0 1 0 1 0 1 -1 0 -1 0
27 0 1 1 2 2 3 3 4 4 5 5 6 6 7 7 8 8 9 9 10 0 11 11 12 12 13 13 14 14 15 15 16 16 17 17 18 0 19 19 20 20 21 0 22 22 23 23 24 0 25 0 26 G -1 0 -1 0 -1 0 -1 0 -1 0 -1 0 -1 0 -1 0 -1 0 -1 0 -1 0 -1 0 -1 0 -1 0 -1 0 -1 0 -1 0 -1 0 0 0 0 0 0 0 0 1 0 1 0 1 -1 0 -1 0
27 0 1 1 2 2 3 3 4 4 5 5 6 6 7 7 8 8 9 9 10 0 11 11 12 12 13 13 14 14 15 15 16 16 17 17 18 0 19 19 20 20 21 0 22 22 23 0 24 24 25 0 26 G -1 0 -1 0 -1 0 -1 0 -1 0 -1 0 -1 0 -1 0 -1 0 -1 0 -1 0 -1 0 -1 0 -1 0 -1 0 -1 0 -1 0 -1 0 -1 0 -1 0 -1 0 0 0 0 0 0 1 0 1 -1 0
27 0 1 1 2 2 3 3 4 4 5 5 6 6 7 7 8 8 9 9 10 0 11 11 12 12 13 13 14 14 15 15 16 16 17 17 18 0 19 19 20 20 21 0 22 22 23 0 24 0 25 0 26 G -1 0 -1 0 -1 0 -1 0 -1 0 -1 0 -1 0 -1 0 -1 0 -1 0 -1 0 -1 0 -1 0 -1 0 -1 0 -1 0 -1 0 -1 0 -1 0 -1 0 -1 0 -1 0 -1 0 -1 0 -1 0 -1 0
27 0 1 1 2 2 3 3 4 4 5 5 6 6 7 7 8 8 9 9 10 0 11 11 12 12 13 13 14 14 15 15 16 16 17 17 18 0 19 19 20 20 21 0 22 0 23 0 24 0 25 0 26 G -1 0 -1 0 -1 0 -1 0 -1 0 -1 0 -1 0 -1 0 -1 0 -1 0 -1 0 -1 0 -1 0 -1 0 -1 0 -1 0 -1 0 -1 0 -1 0 -1 0 -1 0 -1 0 -1 0 -1 0 -1 0 -1 0
27 0 1 1 2 2 3 3 4 4 5 5 6 6 7 7 8 8 9 9 10 0 11 11 12 12 13 13 14 14 15 15 16 16 17 17 18 0 19 19 20 0 21 21 22 0 23 23 24 0 25 25 26 G -1 0 -1 0 -1 0 -1 0 -1 0 -1 0 -1 0 -1 0 -1 0 -1 0 -1 0 -1 0 -1 0 -1 0 -1 0 -1 0 -1 0 -1 0 0 0 0 0 0 1 0 1 0 2 0 2 0 3 0 3
27 0 1 1 2 2 3 3 4 4 5 5 6 6 7 7 8 8 9 9 10 0 11 11 12 12 13 13 14 14 15 15 16 16 17 17 18 0 19 19 20 0 21 21 22 0 23 23 24 0 25 0 26 G -1 0 -1 0 -1 0 -1 0 -1 0 -1 0 -1 0 -1 0 -1 0 -1 0 -1 0 -1 0 -1 0 -1 0 -1 0 -1 0 -1 0 -1 0 0 0 0 0 0 1 0 1 0 2 0 2 -1 0 -1 0
27 0 1 1 2 2 3 3 4 4 5 5 6 6 7 7 8 8 9 9 10 0 11 11 12 12 13 13 14 14 15 15 16 16 17 17 18 0 19 19 20 0 21 21 22 0 23 0 24 0 25 0 26 G -1 0 -1 0 -1 0 -1 0 -1 0 -1 0 -1 0 -1 0 -1 0 -1 0 -1 0 -1 0 -1 0 -1 0 -1 0 -1 0 -1 0 -1 0 0 0 0 0 0 1 0 1 -1 0 -1 0 -1 0 -1 0
27 0 1 1 2 2 3 3 4 4 5 5 6 6 7 7 8 8 9 9 10 0 11 11 12 12 13 13 14 14 15 15 16 16 17 17 18 0 19 19 20 0 21 0 22 0 23 0 24 0 25 0 26 G -1 0 -1 0 -1 0 -1 0 -1 0 -1 0 -1 0 -1 0 -1 0 -1 0 -1 0 -1 0 -1 0 -1 0 -1 0 -1 0 -1 0 -1 0 -1 0 -1 0 -1 0 -1 0 -1 0 -1 0 -1 0 -1 0
27 0 1 1 2 2 3 3 4 4 5 5 6 6 7 7 8 8 9 9 10 0 11 11 12 12 13 13 14 14 15 15 16 16 17 17 18 0 19 0 20 0 21 0 22 0 23 0 24 0 25 0 26 G -1 0 -1 0 -1 0 -1 0 -1 0 -1 0 -1 0 -1 0 -1 0 -1 0 -1 0 -1 0 -1 0 -1 0 -1 0 -1 0 -1 0 -1 0 -1 0 -1 0 -1 0 -1 0 -1 0 -1 0 -1 0 -1 0
27 0 1 1 2 2 3 3 4 4 5 5 6 6 7 7 8 8 9 9 10 0 11 11 12 12 13 13 14 14 15 15 16 16 17 0 18 18 19 19 20 20 21 21 22 22 23 23 24 0 25 25 26 G -1 0 -1 0 -1 0 -1 0 -1 0 -1 0 -1 0 -1 0 -1 0 -1 0 0 0 0 0 0 0 0 0 0 0 0 0 0 0 0 1 0 1 0 1 0 1 0 1 0 1 0 1 -1 0 -1 0
27 0 1 1 2 2 3 3 4 4 5 5 6 6 7 7 8 8 9 9 10 0 11 11 12 12 13 13 14 14 15 15 16 16 17 0 18 18 19 19 20 20 21 21 22 22 23 23 24 0 25 0 26 G -1 0 -1 0 -1 0 -1 0 -1 0 -1 0 -1 0 -1 0 -1 0 -1 0 0 0 0 0 0 0 0 0 0 0 0 0 0 0 0 1 0 1 0 1 0 1 0 1 0 1 0 1 -1 0 -1 0
27 0 1 1 2 2 3 3 4 4 5 5 6 6 7 7 8 8 9 9 10 0 11 11 12 12 13 13 14 14 15 15 16 16 17 0 18 18 19 19 20 20 21 21 22 22 23 0 24 24 25 25 26 G -1 0 -1 0 -1 0 -1 0 -1 0 -1 0 -1 0 -1 0 -1 0 -1 0 -1 0 -1 0 -1 0 -1 0 -1 0 -1 0 -1 0 -1 0 -1 0 -1 0 -1 0 -1 0 -1 0 -1 0 -1 0 -1 0
27 0 1 1 2 2 3 3 4 4 5 5 6 6 7 7 8 8 9 9 10 0 11 11 12 12 13 13 14 14 15 15 16 16 17 0 18 18 19 19 20 20 21 21 22 22 23 0 24 24 25 0 26 G -1 0 -1 0 -1 0 -1 0 -1 0 -1 0 -1 0 -1 0 -1 0 -1 0 -1 0 -1 0 -1 0 -1 0 -1 0 -1 0 -1 0 -1 0 -1 0 -1 0 -1 0 -1 0 -1 0 -1 0 -1 0 -1 0
27 0 1 1 2 2 3 3 4 4 5 5 6 6 7 7 8 8 9 9 10 0 11 11 12 12 13 13 14 14 15 15 16 16 17 0 18 18 19 19 20 20 21 21 22 22 23 0 24 0 25 0 26 G -1 0 -1 0 -1 0 -1 0 -1 0 -1 0 -1 0 -1 0 -1 0 -1 0 -1 0 -1 0 -1 0 -1 0 -1 0 -1 0 -1 0 -1 0 -1 0 -1 0 -1 0 -1 0 -1 0 -1 0 -1 0 -1 0
27 0 1 1 2 2 3 3 4 4 5 5 6 6 7 7 8 8 9 9 10 0 11 11 12 12 13 13 14 14 15 15 16 16 17 0 18 18 19 19 20 20 21 21 22 0 23 23 24 24 25 25 26 G -1 0 -1 0 -1 0 -1 0 -1 0 -1 0 -1 0 -1 0 -1 0 -1 0 -1 0 -1 0 -1 0 -1 0 -1 0 -1 0 -1 0 -1 0 -1 0 -1 0 -1 0 -1 0 -1 0 -1 0 -1 0 -1 0
27 0 1 1 2 2 3 3 4 4 5 5 6 6 7 7 8 8 9 9 10 0 11 11 12 12 13 13 14 14 15 15 16 16 17 0 18 18 19 19 20 20 21 21 22 0 23 23 24 24 25 0 26 G -1 0 -1 0 -1 0 -1 0 -1 0 -1 0 -1 0 -1 0 -1 0 -1 0 -1 0 -1 0 -1 0 -1 0 -1 0 -1 0 -1 0 -1 0 -1 0 -1 0 -1 0 -1 0 -1 0 -1 0 -1 0 -1 0
27 0 1 1 2 2 3 3 4 4 5 5 6 6 7 7 8 8 9 9 10 0 11 11 12 12 13 13 14 14 15 15 16 16 17 0 18 18 19 19 20 20 21 21 22 0 23 23 24 0 25 25 26 G -1 0 -1 0 -1 0 -1 0 -1 0 -1 0 -1 0 -1 0 -1 0 -1 0 -1 0 -1 0 -1 0 -1 0 -1 0 -1 0 -1 0 -1 0 -1 0 -1 0 -1 0 -1 0 0 0 0 0 0 1 0 1
27 0 1 1 2 2 3 3 4 4 5 5 6 6 7 7 8 8 9 9 10 0 11 11 12 12 13 13 14 14 15 15 16 16 17 0 18 18 19 19 20 20 21 21 22 0 23 23 24 0 25 0 26 G -1 0 -1 0 -1 0 -1 0 -1 0 -1 0 -1 0 -1 0 -1 0 -1 0 -1 0 -1 0 -1 0 -1 0 -1 0 -1 0 -1 0 -1 0 -1 0 -1 0 -1 0 -1 0 -1 0 -1 0 -1 0 -1 0
27 0 1 1 2 2 3 3 4 4 5 5 6 6 7 7 8 8 9 9 10 0 11 11 12 12 13 13 14 14 15 15 16 16 17 0 18 18 19 19 20 20 21 21 22 0 23 0 24 0 25 0 26 G -1 0 -1 0 -1 0 -1 0 -1 0 -1 0 -1 0 -1 0 -1 0 -1 0 -1 0 -1 0 -1 0 -1 0 -1 0 -1 0 -1 0 -1 0 -1 0 -1 0 -1 0 -1 0 -1 0 -1 0 -1 0 -1 0
27 0 1 1 2 2 3 3 4 4 5 5 6 6 7 7 8 8 9 9 10 0 11 11 12 12 13 13 14 14 15 15 16 16 17 0 18 18 19 19 20 20 21 0 22 22 23 23 24 24 25 0 26 G -1 0 -1 0 -1 0 -1 0 -1 0 -1 0 -1 0 -1 0 -1 0 -1 0 -1 0 -1 0 -1 0 -1 0 -1 0 -1 0 -1 0 0 0 0 0 0 0 0 0 0 1 0 1 0 1 0 1 -1 0
27 0 1 1 2 2 3 3 4 4 5 5 6 6 7 7 8 8 9 9 10 0 11 11 12 12 13 13 14 14 15 15 16 16 17 0 18 18 19 19 20 20 21 0 22 22 23 23 24 0 25 25 26 G -1 0 -1 0 -1 0 -1 0 -1 0 -1 0 -1 0 -1 0 -1 0 -1 0 -1 0 -1 0 -1 0 -1 0 -1 0 -1 0 -1 0 -1 0 -1 0 -1 0 -1 0 -1 0 -1 0 -1 0 -1 0 -1 0
27 0 1 1 2 2 3 3 4 4 5 5 6 6 7 7 8 8 9 9 10 0 11 11 12 12 13 13 14 14 15 15 16 16 17 0 18 18 19 19 20 20 21 0 22 22 23 23 24 0 25 0 26 G -1 0 -1 0 -1 0 -1 0 -1 0 -1 0 -1 0 -1 0 -1 0 -1 0 -1 0 -1 0 -1 0 -1 0 -1 0 -1 0 -1 0 -1 0 -1 0 -1 0 -1 0 -1 0 -1 0 -1 0 -1 0 -1 0
27 0 1 1 2 2 3 3 4 4 5 5 6 6 7 7 8 8 9 9 10 0 11 11 12 12 13 13 14 14 15 15 16 16 17 0 18 18 19 19 20 20 21 0 22 22 23 0 24 24 25 0 26 G -1 0 -1 0 -1 0 -1 0 -1 0 -1 0 -1 0 -1 0 -1 0 -1 0 -1 0 -1 0 -1 0 -1 0 -1 0 -1 0 -1 0 -1 0 -1 0 -1 0 -1 0 0 0 0 0 0 1 0 1 -1 0
27 0 1 1 2 2 3 3 4 4 5 5 6 6 7 7 8 8 9 9 10 0 11 11 12 12 13 13 14 14 15 15 16 16 17 0 18 18 19 19 20 20 21 0 22 22 23 0 24 0 25 0 26 G -1 0 -1 0 -1 0 -1 0 -1 0 -1 0 -1 0 -1 0 -1 0 -1 0 -1 0 -1 0 -1 0 -1 0 -1 0 -1 0 -1 0 -1 0 -1 0 -1 0 -1 0 -1 0 -1 0 -1 0 -1 0 -1 0
27 0 1 1 2 2 3 3 4 4 5 5 6 6 7 7 8 8 9 9 10 0 11 11 12 12 13 13 14 14 15 15 16 16 17 0 18 18 19 19 20 20 21 0 22 0 23 0 24 0 25 0 26 G -1 0 -1 0 -1 0 -1 0 -1 0 -1 0 -1 0 -1 0 -1 0 -1 0 -1 0 -1 0 -1 0 -1 0 -1 0 -1 0 -1 0 -1 0 -1 0 -1 0 -1 0 -1 0 -1 0 -1 0 -1 0 -1 0
27 0 1 1 2 2 3 3 4 4 5 5 6 6 7 7 8 8 9 9 10 0 11 11 12 12 13 13 14 14 15 15 16 16 17 0 18 18 19 19 20 0 21 21 22 22 23 0 24 24 25 25 26 G -1 0 -1 0 -1 0 -1 0 -1 0 -1 0 -1 0 -1 0 -1 0 -1 0 -1 0 -1 0 -1 0 -1 0 -1 0 -1 0 -1 0 0 0 0 0 0 0 0 1 0 1 0 1 0 2 0 2 0 2
27 0 1 1 2 2 3 3 4 4 5 5 6 6 7 7 8 8 9 9 10 0 11 11 12 12 13 13 14 14 15 15 16 16 17 0 18 18 19 19 20 0 21 21 22 22 23 0 24 24 25 0 26 G -1 0 -1 0 -1 0 -1 0 -1 0 -1 0 -1 0 -1 0 -1 0 -1 0 -1 0 -1 0 -1 0 -1 0 -1 0 -1 0 -1 0 0 0 0 0 0 0 0 1 0 1 0 1 -1 0 -1 0 -1 0
27 0 1 1 2 2 3 3 4 4 5 5 6 6 7 7 8 8 9 9 10 0 11 11 12 12 13 13 14 14 15 15 16 16 17 0 18 18 19 19 20 0 21 21 22 22 23 0 24 0 25 0 26 G -1 0 -1 0 -1 0 -1 0 -1 0 -1 0 -1 0 -1 0 -1 0 -1 0 -1 0 -1 0 -1 0 -1 0 -1 0 -1 0 -1 0 0 0 0 0 0 0 0 1 0 1 0 1 -1 0 -1 0 -1 0
27 0 1 1 2 2 3 3 4 4 5 5 6 6 7 7 8 8 9 9 10 0 11 11 12 12 13 13 14 14 15 15 16 16 17 0 18 18 19 19 20 0 21 21 22 0 23 23 24 0 25 25 26 G -1 0 -1 0 -1 0 -1 0 -1 0 -1 0 -1 0 -1 0 -1 0 -1 0 -1 0 -1 0 -1 0 -1 0 -1 0 -1 0 -1 0 -1 0 -1 0 -1 0 0 0 0 0 0 1 0 1 0 2 0 2
27 0 1 1 2 2 3 3 4 4 5 5 6 6 7 7 8 8 9 9 10 0 11 11 12 12 13 13 14 14 15 15 16 16 17 0 18 18 19 19 20 0 21 21 22 0 23 23 24 0 25 0 26 G -1 0 -1 0 -1 0 -1 0 -1 0 -1 0 -1 0 -1 0 -1 0 -1 0 -1 0 -1 0 -1 0 -1 0 -1 0 -1 0 -1 0 -1 0 -1 0 -1 0 0 0 0 0 0 1 0 1 -1 0 -1 0
27 0 1 1 2 2 3 3 4 4 5 5 6 6 7 7 8 8 9 9 10 0 11 11 12 12 13 13 14 14 15 15 16 16 17 0 18 18 19 19 20 0 21 21 22 0 23 0 24 0 25 0 26 G -1 0 -1 0 -1 0 -1 0 -1 0 -1 0 -1 0 -1 0 -1 0 -1 0 -1 0 -1 0 -1 0 -1 0 -1 0 -1 0 -1 0 -1 0 -1 0 -1 0 -1 0 -1 0 -1 0 -1 0 -1 0 -1 0
27 0 1 1 2 2 3 3 4 4 5 5 6 6 7 7 8 8 9 9 10 0 11 11 12 12 13 13 14 14 15 15 16 16 17 0 18 18 19 19 20 0 21 0 22 0 23 0 24 0 25 0 26 G -1 0 -1 0 -1 0 -1 0 -1 0 -1 0 -1 0 -1 0 -1 0 -1 0 -1 0 -1 0 -1 0 -1 0 -1 0 -1 0 -1 0 -1 0 -1 0 -1 0 -1 0 -1 0 -1 0 -1 0 -1 0 -1 0
27 0 1 1 2 2 3 3 4 4 5 5 6 6 7 7 8 8 9 9 10 0 11 11 12 12 13 13 14 14 15 15 16 16 17 0 18 18 19 0 20 20 21 0 22 22 23 0 24 24 25 0 26 G -1 0 -1 0 -1 0 -1 0 -1 0 -1 0 -1 0 -1 0 -1 0 -1 0 -1 0 -1 0 -1 0 -1 0 -1 0 -1 0 -1 0 0 0 0 0 0 1 0 1 0 2 0 2 0 3 0 3 -1 0
27 0 1 1 2 2 3 3 4 4 5 5 6 6 7 7 8 8 9 9 10 0 11 11 12 12 13 13 14 14 15 15 16 16 17 0 18 18 19 0 20 20 21 0 22 22 23 0 24 0 25 0 26 G -1 0 -1 0 -1 0 -1 0 -1 0 -1 0 -1 0 -1 0 -1 0 -1 0 -1 0 -1 0 -1 0 -1 0 -1 0 -1 0 -1 0 0 0 0 0 0 1 0 1 0 2 0 2 -1 0 -1 0 -1 0
27 0 1 1 2 2 3 3 4 4 5 5 6 6 7 7 8 8 9 9 10 0 11 11 12 12 13 13 14 14 15 15 16 16 17 0 18 18 19 0 20 20 21 0 22 0 23 0 24 0 25 0 26 G -1 0 -1 0 -1 0 -1 0 -1 0 -1 0 -1 0 -1 0 -1 0 -1 0 -1 0 -1 0 -1 0 -1 0 -1 0 -1 0 -1 0 0 0 0 0 0 1 0 1 -1 0 -1 0 -1 0 -1 0 -1 0
27 0 1 1 2 2 3 3 4 4 5 5 6 6 7 7 8 8 9 9 10 0 11 11 12 12 13 13 14 14 15 15 16 16 17 0 18 18 19 0 20 0 21 0 22 0 23 0 24 0 25 0 26 G -1 0 -1 0 -1 0 -1 0 -1 0 -1 0 -1 0 -1 0 -1 0 -1 0 -1 0 -1 0 -1 0 -1 0 -1 0 -1 0 -1 0 -1 0 -1 0 -1 0 -1 0 -1 0 -1 0 -1 0 -1 0 -1 0
27 0 1 1 2 2 3 3 4 4 5 5 6 6 7 7 8 8 9 9 10 0 11 11 12 12 13 13 14 14 15 15 16 16 17 0 18 0 19 0 20 0 21 0 22 0 23 0 24 0 25 0 26 G -1 0 -1 0 -1 0 -1 0 -1 0 -1 0 -1 0 -1 0 -1 0 -1 0 -1 0 -1 0 -1 0 -1 0 -1 0 -1 0 -1 0 -1 0 -1 0 -1 0 -1 0 -1 0 -1 0 -1 0 -1 0 -1 0
27 0 1 1 2 2 3 3 4 4 5 5 6 6 7 7 8 8 9 9 10 0 11 11 12 12 13 13 14 14 15 15 16 0 17 17 18 18 19 19 20 20 21 21 22 0 23 23 24 24 25 25 26 G -1 0 -1 0 -1 0 -1 0 -1 0 -1 0 -1 0 -1 0 -1 0 -1 0 0 0 0 0 0 0 0 0 0 0 0 0 0 1 0 1 0 1 0 1 0 1 0 1 -1 0 -1 0 -1 0 -1 0
27 0 1 1 2 2 3 3 4 4 5 5 6 6 7 7 8 8 9 9 10 0 11 11 12 12 13 13 14 14 15 15 16 0 17 17 18 18 19 19 20 20 21 21 22 0 23 23 24 24 25 0 26 G -1 0 -1 0 -1 0 -1 0 -1 0 -1 0 -1 0 -1 0 -1 0 -1 0 0 0 0 0 0 0 0 0 0 0 0 0 0 1 0 1 0 1 0 1 0 1 0 1 -1 0 -1 0 -1 0 -1 0
27 0 1 1 2 2 3 3 4 4 5 5 6 6 7 7 8 8 9 9 10 0 11 11 12 12 13 13 14 14 15 15 16 0 17 17 18 18 19 19 20 20 21 21 22 0 23 23 24 0 25 25 26 G -1 0 -1 0 -1 0 -1 0 -1 0 -1 0 -1 0 -1 0 -1 0 -1 0 1 0 1 0 1 0 1 0 1 0 1 0 1 1 1 1 1 1 1 1 1 1 1 1 0 0 0 0 0 1 0 1
27 0 1 1 2 2 3 3 4 4 5 5 6 6 7 7 8 8 9 9 10 0 11 11 12 12 13 13 14 14 15 15 16 0 17 17 18 18 19 19 20 20 21 21 22 0 23 23 24 0 25 0 26 G -1 0 -1 0 -1 0 -1 0 -1 0 -1 0 -1 0 -1 0 -1 0 -1 0 0 0 0 0 0 0 0 0 0 0 0 0 0 1 0 1 0 1 0 1 0 1 0 1 -1 0 -1 0 -1 0 -1 0
27 0 1 1 2 2 3 3 4 4 5 5 6 6 7 7 8 8 9 9 10 0 11 11 12 12 13 13 14 14 15 15 16 0 17 17 18 18 19 19 20 20 21 21 22 0 23 0 24 0 25 0 26 G -1 0 -1 0 -1 0 -1 0 -1 0 -1 0 -1 0 -1 0 -1 0 -1 0 0 0 0 0 0 0 0 0 0 0 0 0 0 1 0 1 0 1 0 1 0 1 0 1 -1 0 -1 0 -1 0 -1 0
27 0 1 1 2 2 3 3 4 4 5 5 6 6 7 7 8 8 9 9 10 0 11 11 12 12 13 13 14 14 15 15 16 0 17 17 18 18 19 19 20 20 21 0 22 22 23 23 24 24 25 25 26 G -1 0 -1 0 -1 0 -1 0 -1 0 -1 0 -1 0 -1 0 -1 0 -1 0 -1 0 -1 0 -1 0 -1 0 -1 0 -1 0 0 0 0 0 0 0 0 0 0 0 0 1 0 1 0 1 0 1 0 1
27 0 1 1 2 2 3 3 4 4 5 5 6 6 7 7 8 8 9 9 10 0 11 11 12 12 13 13 14 14 15 15 16 0 17 17 18 18 19 19 20 20 21 0 22 22 23 23 24 24 25 0 26 G -1 0 -1 0 -1 0 -1 0 -1 0 -1 0 -1 0 -1 0 -1 0 -1 0 -1 0 -1 0 -1 0 -1 0 -1 0 -1 0 -1 0 -1 0 -1 0 -1 0 -1 0 -1 0 -1 0 -1 0 -1 0 -1 0
27 0 1 1 2 2 3 3 4 4 5 5 6 6 7 7 8 8 9 9 10 0 11 11 12 12 13 13 14 14 15 15 16 0 17 17 18 18 19 19 20 20 21 0 22 22 23 23 24 0 25 25 26 G -1 0 -1 0 -1 0 -1 0 -1 0 -1 0 -1 0 -1 0 -1 0 -1 0 -1 0 -1 0 -1 0 -1 0 -1 0 -1 0 -1 0 -1 0 -1 0 -1 0 -1 0 -1 0 -1 0 -1 0 -1 0 -1 0
27 0 1 1 2 2 3 3 4 4 5 5 6 6 7 7 8 8 9 9 10 0 11 11 12 12 13 13 14 14 15 15 16 0 17 17 18 18 19 19 20 20 21 0 22 22 23 23 24 0 25 0 26 G -1 0 -1 0 -1 0 -1 0 -1 0 -1 0 -1 0 -1 0 -1 0 -1 0 -1 0 -1 0 -1 0 -1 0 -1 0 -1 0 -1 0 -1 0 -1 0 -1 0 -1 0 -1 0 -1 0 -1 0 -1 0 -1 0
27 0 1 1 2 2 3 3 4 4 5 5 6 6 7 7 8 8 9 9 10 0 11 11 12 12 13 13 14 14 15 15 16 0 17 17 18 18 19 19 20 20 21 0 22 22 23 0 24 24 25 0 26 G -1 0 -1 0 -1 0 -1 0 -1 0 -1 0 -1 0 -1 0 -1 0 -1 0 -1 0 -1 0 -1 0 -1 0 -1 0 -1 0 -1 0 -1 0 -1 0 -1 0 -1 0 0 0 0 0 0 1 0 1 -1 0
27 0 1 1 2 2 3 3 4 4 5 5 6 6 7 7 8 8 9 9 10 0 11 11 12 12 13 13 14 14 15 15 16 0 17 17 18 18 19 19 20 20 21 0 22 22 23 0 24 0 25 0 26 G -1 0 -1 0 -1 0 -1 0 -1 0 -1 0 -1 0 -1 0 -1 0 -1 0 -1 0 -1 0 -1 0 -1 0 -1 0 -1 0 -1 0 -1 0 -1 0 -1 0 -1 0 -1 0 -1 0 -1 0 -1 0 -1 0
27 0 1 1 2 2 3 3 4 4 5 5 6 6 7 7 8 8 9 9 10 0 11 11 12 12 13 13 14 14 15 15 16 0 17 17 18 18 19 19 20 20 21 0 22 0 23 0 24 0 25 0 26 G -1 0 -1 0 -1 0 -1 0 -1 0 -1 0 -1 0 -1 0 -1 0 -1 0 -1 0 -1 0 -1 0 -1 0 -1 0 -1 0 -1 0 -1 0 -1 0 -1 0 -1 0 -1 0 -1 0 -1 0 -1 0 -1 0
27 0 1 1 2 2 3 3 4 4 5 5 6 6 7 7 8 8 9 9 10 0 11 11 12 12 13 13 14 14 15 15 16 0 17 17 18 18 19 19 20 0 21 21 22 22 23 23 24 0 25 25 26 G -1 0 -1 0 -1 0 -1 0 -1 0 -1 0 -1 0 -1 0 -1 0 -1 0 -1 0 -1 0 -1 0 -1 0 -1 0 -1 0 0 0 0 0 0 0 0 0 0 1 0 1 0 1 0 1 -1 0 -1 0
27 0 1 1 2 2 3 3 4 4 5 5 6 6 7 7 8 8 9 9 10 0 11 11 12 12 13 13 14 14 15 15 16 0 17 17 18 18 19 19 20 0 21 21 22 22 23 23 24 0 25 0 26 G -1 0 -1 0 -1 0 -1 0 -1 0 -1 0 -1 0 -1 0 -1 0 -1 0 -1 0 -1 0 -1 0 -1 0 -1 0 -1 0 0 0 0 0 0 0 0 0 0 1 0 1 0 1 0 1 -1 0 -1 0
27 0 1 1 2 2 3 3 4 4 5 5 6 6 7 7 8 8 9 9 10 0 11 11 12 12 13 13 14 14 15 15 16 0 17 17 18 18 19 19 20 0 21 21 22 22 23 0 24 24 25 25 26 G -1 0 -1 0 -1 0 -1 0 -1 0 -1 0 -1 0 -1 0 -1 0 -1 0 -1 0 -1 0 -1 0 -1 0 -1 0 -1 0 -1 0 -1 0 -1 0 -1 0 0 0 0 0 0 0 0 1 0 1 0 1
27 0 1 1 2 2 3 3 4 4 5 5 6 6 7 7 8 8 9 9 10 0 11 11 12 12 13 13 14 14 15 15 16 0 17 17 18 18 19 19 20 0 21 21 22 22 23 0 24 24 25 0 26 G -1 0 -1 0 -1 0 -1 0 -1 0 -1 0 -1 0 -1 0 -1 0 -1 0 -1 0 -1 0 -1 0 -1 0 -1 0 -1 0 -1 0 -1 0 -1 0 -1 0 -1 0 -1 0 -1 0 -1 0 -1 0 -1 0
27 0 1 1 2 2 3 3 4 4 5 5 6 6 7 7 8 8 9 9 10 0 11 11 12 12 13 13 14 14 15 15 16 0 17 17 18 18 19 19 20 0 21 21 22 22 23 0 24 0 25 0 26 G -1 0 -1 0 -1 0 -1 0 -1 0 -1 0 -1 0 -1 0 -1 0 -1 0 -1 0 -1 0 -1 0 -1 0 -1 0 -1 0 -1 0 -1 0 -1 0 -1 0 -1 0 -1 0 -1 0 -1 0 -1 0 -1 0
27 0 1 1 2 2 3 3 4 4 5 5 6 6 7 7 8 8 9 9 10 0 11 11 12 12 13 13 14 14 15 15 16 0 17 17 18 18 19 19 20 0 21 21 22 0 23 23 24 0 25 25 26 G -1 0 -1 0 -1 0 -1 0 -1 0 -1 0 -1 0 -1 0 -1 0 -1 0 -1 0 -1 0 -1 0 -1 0 -1 0 -1 0 -1 0 -1 0 -1 0 -1 0 0 0 0 0 0 1 0 1 0 2 0 2
27 0 1 1 2 2 3 3 4 4 5 5 6 6 7 7 8 8 9 9 10 0 11 11 12 12 13 13 14 14 15 15 16 0 17 17 18 18 19 19 20 0 21 21 22 0 23 23 24 0 25 0 26 G -1 0 -1 0 -1 0 -1 0 -1 0 -1 0 -1 0 -1 0 -1 0 -1 0 -1 0 -1 0 -1 0 -1 0 -1 0 -1 0 -1 0 -1 0 -1 0 -1 0 0 0 0 0 0 1 0 1 -1 0 -1 0
27 0 1 1 2 2 3 3 4 4 5 5 6 6 7 7 8 8 9 9 10 0 11 11 12 12 13 13 14 14 15 15 16 0 17 17 18 18 19 19 20 0 21 21 22 0 23 0 24 0 25 0 26 G -1 0 -1 0 -1 0 -1 0 -1 0 -1 0 -1 0 -1 0 -1 0 -1 0 -1 0 -1 0 -1 0 -1 0 -1 0 -1 0 -1 0 -1 0 -1 0 -1 0 -1 0 -1 0 -1 0 -1 0 -1 0 -1 0
27 0 1 1 2 2 3 3 4 4 5 5 6 6 7 7 8 8 9 9 10 0 11 11 12 12 13 13 14 14 15 15 16 0 17 17 18 18 19 19 20 0 21 0 22 0 23 0 24 0 25 0 26 G -1 0 -1 0 -1 0 -1 0 -1 0 -1 0 -1 0 -1 0 -1 0 -1 0 -1 0 -1 0 -1 0 -1 0 -1 0 -1 0 -1 0 -1 0 -1 0 -1 0 -1 0 -1 0 -1 0 -1 0 -1 0 -1 0
27 0 1 1 2 2 3 3 4 4 5 5 6 6 7 7 8 8 9 9 10 0 11 11 12 12 13 13 14 14 15 15 16 0 17 17 18 18 19 0 20 20 21 21 22 0 23 23 24 24 25 0 26 G -1 0 -1 0 -1 0 -1 0 -1 0 -1 0 -1 0 -1 0 -1 0 -1 0 -1 0 -1 0 -1 0 -1 0 -1 0 -1 0 0 0 0 0 0 0 0 1 0 1 0 1 0 2 0 2 0 2 -1 0
27 0 1 1 2 2 3 3 4 4 5 5 6 6 7 7 8 8 9 9 10 0 11 11 12 12 13 13 14 14 15 15 16 0 17 17 18 18 19 0 20 20 21 21 22 0 23 23 24 0 25 25 26 G -1 0 -1 0 -1 0 -1 0 -1 0 -1 0 -1 0 -1 0 -1 0 -1 0 -1 0 -1 0 -1 0 -1 0 -1 0 -1 0 1 0 1 0 1 0 1 1 1 1 1 1 0 0 0 0 0 1 0 1
27 0 1 1 2 2 3 3 4 4 5 5 6 6 7 7 8 8 9 9 10 0 11 11 12 12 13 13 14 14 15 15 16 0 17 17 18 18 19 0 20 20 21 21 22 0 23 23 24 0 25 0 26 G -1 0 -1 0 -1 0 -1 0 -1 0 -1 0 -1 0 -1 0 -1 0 -1 0 -1 0 -1 0 -1 0 -1 0 -1 0 -1 0 0 0 0 0 0 0 0 1 0 1 0 1 -1 0 -1 0 -1 0 -1 0
27 0 1 1 2 2 3 3 4 4 5 5 6 6 7 7 8 8 9 9 10 0 11 11 12 12 13 13 14 14 15 15 16 0 17 17 18 18 19 0 20 20 21 21 22 0 23 0 24 0 25 0 26 G -1 0 -1 0 -1 0 -1 0 -1 0 -1 0 -1 0 -1 0 -1 0 -1 0 -1 0 -1 0 -1 0 -1 0 -1 0 -1 0 0 0 0 0 0 0 0 1 0 1 0 1 -1 0 -1 0 -1 0 -1 0
27 0 1 1 2 2 3 3 4 4 5 5 6 6 7 7 8 8 9 9 10 0 11 11 12 12 13 13 14 14 15 15 16 0 17 17 18 18 19 0 20 20 21 0 22 22 23 0 24 24 25 0 26 G -1 0 -1 0 -1 0 -1 0 -1 0 -1 0 -1 0 -1 0 -1 0 -1 0 -1 0 -1 0 -1 0 -1 0 -1 0 -1 0 -1 0 -1 0 -1 0 0 0 0 0 0 1 0 1 0 2 0 2 -1 0
27 0 1 1 2 2 3 3 4 4 5 5 6 6 7 7 8 8 9 9 10 0 11 11 12 12 13 13 14 14 15 15 16 0 17 17 18 18 19 0 20 20 21 0 22 22 23 0 24 0 25 0 26 G -1 0 -1 0 -1 0 -1 0 -1 0 -1 0 -1 0 -1 0 -1 0 -1 0 -1 0 -1 0 -1 0 -1 0 -1 0 -1 0 -1 0 -1 0 -1 0 0 0 0 0 0 1 0 1 -1 0 -1 0 -1 0
27 0 1 1 2 2 3 3 4 4 5 5 6 6 7 7 8 8 9 9 10 0 11 11 12 12 13 13 14 14 15 15 16 0 17 17 18 18 19 0 20 20 21 0 22 0 23 0 24 0 25 0 26 G -1 0 -1 0 -1 0 -1 0 -1 0 -1 0 -1 0 -1 0 -1 0 -1 0 -1 0 -1 0 -1 0 -1 0 -1 0 -1 0 -1 0 -1 0 -1 0 -1 0 -1 0 -1 0 -1 0 -1 0 -1 0 -1 0
27 0 1 1 2 2 3 3 4 4 5 5 6 6 7 7 8 8 9 9 10 0 11 11 12 12 13 13 14 14 15 15 16 0 17 17 18 18 19 0 20 0 21 0 22 0 23 0 24 0 25 0 26 G -1 0 -1 0 -1 0 -1 0 -1 0 -1 0 -1 0 -1 0 -1 0 -1 0 -1 0 -1 0 -1 0 -1 0 -1 0 -1 0 -1 0 -1 0 -1 0 -1 0 -1 0 -1 0 -1 0 -1 0 -1 0 -1 0
27 0 1 1 2 2 3 3 4 4 5 5 6 6 7 7 8 8 9 9 10 0 11 11 12 12 13 13 14 14 15 15 16 0 17 17 18 0 19 19 20 0 21 21 22 0 23 23 24 0 25 25 26 G -1 0 -1 0 -1 0 -1 0 -1 0 -1 0 -1 0 -1 0 -1 0 -1 0 -1 0 -1 0 -1 0 -1 0 -1 0 -1 0 0 0 0 0 0 1 0 1 0 2 0 2 0 3 0 3 0 4 0 4
27 0 1 1 2 2 3 3 4 4 5 5 6 6 7 7 8 8 9 9 10 0 11 11 12 12 13 13 14 14 15 15 16 0 17 17 18 0 19 19 20 0 21 21 22 0 23 23 24 0 25 0 26 G -1 0 -1 0 -1 0 -1 0 -1 0 -1 0 -1 0 -1 0 -1 0 -1 0 -1 0 -1 0 -1 0 -1 0 -1 0 -1 0 0 0 0 0 0 1 0 1 0 2 0 2 0 3 0 3 -1 0 -1 0
27 0 1 1 2 2 3 3 4 4 5 5 6 6 7 7 8 8 9 9 10 0 11 11 12 12 13 13 14 14 15 15 16 0 17 17 18 0 19 19 20 0 21 21 22 0 23 0 24 0 25 0 26 G -1 0 -1 0 -1 0 -1 0 -1 0 -1 0 -1 0 -1 0 -1 0 -1 0 -1 0 -1 0 -1 0 -1 0 -1 0 -1 0 0 0 0 0 0 1 0 1 0 2 0 2 -1 0 -1 0 -1 0 -1 0
27 0 1 1 2 2 3 3 4 4 5 5 6 6 7 7 8 8 9 9 10 0 11 11 12 12 13 13 14 14 15 15 16 0 17 17 18 0 19 19 20 0 21 0 22 0 23 0 24 0 25 0 26 G -1 0 -1 0 -1 0 -1 0 -1 0 -1 0 -1 0 -1 0 -1 0 -1 0 -1 0 -1 0 -1 0 -1 0 -1 0 -1 0 0 0 0 0 0 1 0 1 -1 0 -1 0 -1 0 -1 0 -1 0 -1 0
27 0 1 1 2 2 3 3 4 4 5 5 6 6 7 7 8 8 9 9 10 0 11 11 12 12 13 13 14 14 15 15 16 0 17 17 18 0 19 0 20 0 21 0 22 0 23 0 24 0 25 0 26 G -1 0 -1 0 -1 0 -1 0 -1 0 -1 0 -1 0 -1 0 -1 0 -1 0 -1 0 -1 0 -1 0 -1 0 -1 0 -1 0 -1 0 -1 0 -1 0 -1 0 -1 0 -1 0 -1 0 -1 0 -1 0 -1 0
27 0 1 1 2 2 3 3 4 4 5 5 6 6 7 7 8 8 9 9 10 0 11 11 12 12 13 13 14 14 15 15 16 0 17 0 18 0 19 0 20 0 21 0 22 0 23 0 24 0 25 0 26 G -1 0 -1 0 -1 0 -1 0 -1 0 -1 0 -1 0 -1 0 -1 0 -1 0 -1 0 -1 0 -1 0 -1 0 -1 0 -1 0 -1 0 -1 0 -1 0 -1 0 -1 0 -1 0 -1 0 -1 0 -1 0 -1 0
27 0 1 1 2 2 3 3 4 4 5 5 6 6 7 7 8 8 9 9 10 0 11 11 12 12 13 13 14 14 15 0 16 16 17 17 18 18 19 19 20 0 21 21 22 22 23 23 24 24 25 0 26 G -1 0 -1 0 -1 0 -1 0 -1 0 -1 0 -1 0 -1 0 -1 0 -1 0 0 0 0 0 0 0 0 0 0 0 0 1 0 1 0 1 0 1 0 1 0 2 0 2 0 2 0 2 0 2 -1 0
27 0 1 1 2 2 3 3 4 4 5 5 6 6 7 7 8 8 9 9 10 0 11 11 12 12 13 13 14 14 15 0 16 16 17 17 18 18 19 19 20 0 21 21 22 22 23 23 24 0 25 25 26 G -1 0 -1 0 -1 0 -1 0 -1 0 -1 0 -1 0 -1 0 -1 0 -1 0 0 0 0 0 0 0 0 0 0 0 0 1 0 1 0 1 0 1 0 1 -1 0 -1 0 -1 0 -1 0 -1 0 -1 0
27 0 1 1 2 2 3 3 4 4 5 5 6 6 7 7 8 8 9 9 10 0 11 11 12 12 13 13 14 14 15 0 16 16 17 17 18 18 19 19 20 0 21 21 22 22 23 23 24 0 25 0 26 G -1 0 -1 0 -1 0 -1 0 -1 0 -1 0 -1 0 -1 0 -1 0 -1 0 0 0 0 0 0 0 0 0 0 0 0 1 0 1 0 1 0 1 0 1 -1 0 -1 0 -1 0 -1 0 -1 0 -1 0
27 0 1 1 2 2 3 3 4 4 5 5 6 6 7 7 8 8 9 9 10 0 11 11 12 12 13 13 14 14 15 0 16 16 17 17 18 18 19 19 20 0 21 21 22 22 23 0 24 24 25 25 26 G -1 0 -1 0 -1 0 -1 0 -1 0 -1 0 -1 0 -1 0 -1 0 -1 0 1 0 1 0 1 0 1 0 1 0 1 1 1 1 1 1 1 1 1 1 0 0 0 0 0 0 0 1 0 1 0 1
27 0 1 1 2 2 3 3 4 4 5 5 6 6 7 7 8 8 9 9 10 0 11 11 12 12 13 13 14 14 15 0 16 16 17 17 18 18 19 19 20 0 21 21 22 22 23 0 24 24 25 0 26 G -1 0 -1 0 -1 0 -1 0 -1 0 -1 0 -1 0 -1 0 -1 0 -1 0 0 0 0 0 0 0 0 0 0 0 0 1 0 1 0 1 0 1 0 1 -1 0 -1 0 -1 0 -1 0 -1 0 -1 0
27 0 1 1 2 2 3 3 4 4 5 5 6 6 7 7 8 8 9 9 10 0 11 11 12 12 13 13 14 14 15 0 16 16 17 17 18 18 19 19 20 0 21 21 22 22 23 0 24 0 25 0 26 G -1 0 -1 0 -1 0 -1 0 -1 0 -1 0 -1 0 -1 0 -1 0 -1 0 0 0 0 0 0 0 0 0 0 0 0 1 0 1 0 1 0 1 0 1 -1 0 -1 0 -1 0 -1 0 -1 0 -1 0
27 0 1 1 2 2 3 3 4 4 5 5 6 6 7 7 8 8 9 9 10 0 11 11 12 12 13 13 14 14 15 0 16 16 17 17 18 18 19 19 20 0 21 21 22 0 23 23 24 0 25 25 26 G -1 0 -1 0 -1 0 -1 0 -1 0 -1 0 -1 0 -1 0 -1 0 -1 0 1 0 1 0 1 0 1 0 1 0 1 1 1 1 1 1 1 1 1 1 0 0 0 0 0 1 0 1 0 2 0 2
27 0 1 1 2 2 3 3 4 4 5 5 6 6 7 7 8 8 9 9 10 0 11 11 12 12 13 13 14 14 15 0 16 16 17 17 18 18 19 19 20 0 21 21 22 0 23 23 24 0 25 0 26 G -1 0 -1 0 -1 0 -1 0 -1 0 -1 0 -1 0 -1 0 -1 0 -1 0 1 0 1 0 1 0 1 0 1 0 1 1 1 1 1 1 1 1 1 1 0 0 0 0 0 1 0 1 -1 0 -1 0
27 0 1 1 2 2 3 3 4 4 5 5 6 6 7 7 8 8 9 9 10 0 11 11 12 12 13 13 14 14 15 0 16 16 17 17 18 18 19 19 20 0 21 21 22 0 23 0 24 0 25 0 26 G -1 0 -1 0 -1 0 -1 0 -1 0 -1 0 -1 0 -1 0 -1 0 -1 0 0 0 0 0 0 0 0 0 0 0 0 1 0 1 0 1 0 1 0 1 -1 0 -1 0 -1 0 -1 0 -1 0 -1 0
27 0 1 1 2 2 3 3 4 4 5 5 6 6 7 7 8 8 9 9 10 0 11 11 12 12 13 13 14 14 15 0 16 16 17 17 18 18 19 19 20 0 21 0 22 0 23 0 24 0 25 0 26 G -1 0 -1 0 -1 0 -1 0 -1 0 -1 0 -1 0 -1 0 -1 0 -1 0 0 0 0 0 0 0 0 0 0 0 0 1 0 1 0 1 0 1 0 1 -1 0 -1 0 -1 0 -1 0 -1 0 -1 0
27 0 1 1 2 2 3 3 4 4 5 5 6 6 7 7 8 8 9 9 10 0 11 11 12 12 13 13 14 14 15 0 16 16 17 17 18 18 19 0 20 20 21 21 22 22 23 0 24 24 25 25 26 G -1 0 -1 0 -1 0 -1 0 -1 0 -1 0 -1 0 -1 0 -1 0 -1 0 -1 0 -1 0 -1 0 -1 0 -1 0 0 0 0 0 0 0 0 0 0 1 0 1 0 1 0 1 -1 0 -1 0 -1 0
27 0 1 1 2 2 3 3 4 4 5 5 6 6 7 7 8 8 9 9 10 0 11 11 12 12 13 13 14 14 15 0 16 16 17 17 18 18 19 0 20 20 21 21 22 22 23 0 24 24 25 0 26 G -1 0 -1 0 -1 0 -1 0 -1 0 -1 0 -1 0 -1 0 -1 0 -1 0 -1 0 -1 0 -1 0 -1 0 -1 0 0 0 0 0 0 0 0 0 0 1 0 1 0 1 0 1 -1 0 -1 0 -1 0
27 0 1 1 2 2 3 3 4 4 5 5 6 6 7 7 8 8 9 9 10 0 11 11 12 12 13 13 14 14 15 0 16 16 17 17 18 18 19 0 20 20 21 21 22 22 23 0 24 0 25 0 26 G -1 0 -1 0 -1 0 -1 0 -1 0 -1 0 -1 0 -1 0 -1 0 -1 0 -1 0 -1 0 -1 0 -1 0 -1 0 0 0 0 0 0 0 0 0 0 1 0 1 0 1 0 1 -1 0 -1 0 -1 0
27 0 1 1 2 2 3 3 4 4 5 5 6 6 7 7 8 8 9 9 10 0 11 11 12 12 13 13 14 14 15 0 16 16 17 17 18 18 19 0 20 20 21 21 22 0 23 23 24 24 25 0 26 G -1 0 -1 0 -1 0 -1 0 -1 0 -1 0 -1 0 -1 0 -1 0 -1 0 -1 0 -1 0 -1 0 -1 0 -1 0 -1 0 -1 0 -1 0 -1 0 0 0 0 0 0 0 0 1 0 1 0 1 -1 0
27 0 1 1 2 2 3 3 4 4 5 5 6 6 7 7 8 8 9 9 10 0 11 11 12 12 13 13 14 14 15 0 16 16 17 17 18 18 19 0 20 20 21 21 22 0 23 23 24 0 25 25 26 G -1 0 -1 0 -1 0 -1 0 -1 0 -1 0 -1 0 -1 0 -1 0 -1 0 -1 0 -1 0 -1 0 -1 0 -1 0 -1 0 -1 0 -1 0 -1 0 -1 0 -1 0 -1 0 0 0 0 0 0 1 0 1
27 0 1 1 2 2 3 3 4 4 5 5 6 6 7 7 8 8 9 9 10 0 11 11 12 12 13 13 14 14 15 0 16 16 17 17 18 18 19 0 20 20 21 21 22 0 23 23 24 0 25 0 26 G -1 0 -1 0 -1 0 -1 0 -1 0 -1 0 -1 0 -1 0 -1 0 -1 0 -1 0 -1 0 -1 0 -1 0 -1 0 -1 0 -1 0 -1 0 -1 0 -1 0 -1 0 -1 0 -1 0 -1 0 -1 0 -1 0
27 0 1 1 2 2 3 3 4 4 5 5 6 6 7 7 8 8 9 9 10 0 11 11 12 12 13 13 14 14 15 0 16 16 17 17 18 18 19 0 20 20 21 21 22 0 23 0 24 0 25 0 26 G -1 0 -1 0 -1 0 -1 0 -1 0 -1 0 -1 0 -1 0 -1 0 -1 0 -1 0 -1 0 -1 0 -1 0 -1 0 -1 0 -1 0 -1 0 -1 0 -1 0 -1 0 -1 0 -1 0 -1 0 -1 0 -1 0
27 0 1 1 2 2 3 3 4 4 5 5 6 6 7 7 8 8 9 9 10 0 11 11 12 12 13 13 14 14 15 0 16 16 17 17 18 18 19 0 20 20 21 0 22 22 23 0 24 24 25 0 26 G -1 0 -1 0 -1 0 -1 0 -1 0 -1 0 -1 0 -1 0 -1 0 -1 0 -1 0 -1 0 -1 0 -1 0 -1 0 -1 0 -1 0 -1 0 -1 0 0 0 0 0 0 1 0 1 0 2 0 2 -1 0
27 0 1 1 2 2 3 3 4 4 5 5 6 6 7 7 8 8 9 9 10 0 11 11 12 12 13 13 14 14 15 0 16 16 17 17 18 18 19 0 20 20 21 0 22 22 23 0 24 0 25 0 26 G -1 0 -1 0 -1 0 -1 0 -1 0 -1 0 -1 0 -1 0 -1 0 -1 0 -1 0 -1 0 -1 0 -1 0 -1 0 -1 0 -1 0 -1 0 -1 0 0 0 0 0 0 1 0 1 -1 0 -1 0 -1 0
27 0 1 1 2 2 3 3 4 4 5 5 6 6 7 7 8 8 9 9 10 0 11 11 12 12 13 13 14 14 15 0 16 16 17 17 18 18 19 0 20 20 21 0 22 0 23 0 24 0 25 0 26 G -1 0 -1 0 -1 0 -1 0 -1 0 -1 0 -1 0 -1 0 -1 0 -1 0 -1 0 -1 0 -1 0 -1 0 -1 0 -1 0 -1 0 -1 0 -1 0 -1 0 -1 0 -1 0 -1 0 -1 0 -1 0 -1 0
27 0 1 1 2 2 3 3 4 4 5 5 6 6 7 7 8 8 9 9 10 0 11 11 12 12 13 13 14 14 15 0 16 16 17 17 18 18 19 0 20 0 21 0 22 0 23 0 24 0 25 0 26 G -1 0 -1 0 -1 0 -1 0 -1 0 -1 0 -1 0 -1 0 -1 0 -1 0 -1 0 -1 0 -1 0 -1 0 -1 0 -1 0 -1 0 -1 0 -1 0 -1 0 -1 0 -1 0 -1 0 -1 0 -1 0 -1 0
27 0 1 1 2 2 3 3 4 4 5 5 6 6 7 7 8 8 9 9 10 0 11 11 12 12 13 13 14 14 15 0 16 16 17 17 18 0 19 19 20 20 21 0 22 22 23 23 24 0 25 25 26 G -1 0 -1 0 -1 0 -1 0 -1 0 -1 0 -1 0 -1 0 -1 0 -1 0 -1 0 -1 0 -1 0 -1 0 -1 0 0 0 0 0 0 0 0 1 0 1 0 1 0 2 0 2 0 2 -1 0 -1 0
27 0 1 1 2 2 3 3 4 4 5 5 6 6 7 7 8 8 9 9 10 0 11 11 12 12 13 13 14 14 15 0 16 16 17 17 18 0 19 19 20 20 21 0 22 22 23 23 24 0 25 0 26 G -1 0 -1 0 -1 0 -1 0 -1 0 -1 0 -1 0 -1 0 -1 0 -1 0 -1 0 -1 0 -1 0 -1 0 -1 0 0 0 0 0 0 0 0 1 0 1 0 1 0 2 0 2 0 2 -1 0 -1 0
27 0 1 1 2 2 3 3 4 4 5 5 6 6 7 7 8 8 9 9 10 0 11 11 12 12 13 13 14 14 15 0 16 16 17 17 18 0 19 19 20 20 21 0 22 22 23 0 24 24 25 0 26 G -1 0 -1 0 -1 0 -1 0 -1 0 -1 0 -1 0 -1 0 -1 0 -1 0 -1 0 -1 0 -1 0 -1 0 -1 0 1 0 1 0 1 0 1 1 1 1 1 1 0 0 0 0 0 1 0 1 -1 0
27 0 1 1 2 2 3 3 4 4 5 5 6 6 7 7 8 8 9 9 10 0 11 11 12 12 13 13 14 14 15 0 16 16 17 17 18 0 19 19 20 20 21 0 22 22 23 0 24 0 25 0 26 G -1 0 -1 0 -1 0 -1 0 -1 0 -1 0 -1 0 -1 0 -1 0 -1 0 -1 0 -1 0 -1 0 -1 0 -1 0 0 0 0 0 0 0 0 1 0 1 0 1 -1 0 -1 0 -1 0 -1 0 -1 0
27 0 1 1 2 2 3 3 4 4 5 5 6 6 7 7 8 8 9 9 10 0 11 11 12 12 13 13 14 14 15 0 16 16 17 17 18 0 19 19 20 20 21 0 22 0 23 0 24 0 25 0 26 G -1 0 -1 0 -1 0 -1 0 -1 0 -1 0 -1 0 -1 0 -1 0 -1 0 -1 0 -1 0 -1 0 -1 0 -1 0 0 0 0 0 0 0 0 1 0 1 0 1 -1 0 -1 0 -1 0 -1 0 -1 0
27 0 1 1 2 2 3 3 4 4 5 5 6 6 7 7 8 8 9 9 10 0 11 11 12 12 13 13 14 14 15 0 16 16 17 17 18 0 19 19 20 0 21 21 22 0 23 23 24 0 25 25 26 G -1 0 -1 0 -1 0 -1 0 -1 0 -1 0 -1 0 -1 0 -1 0 -1 0 -1 0 -1 0 -1 0 -1 0 -1 0 -1 0 -1 0 -1 0 0 0 0 0 0 1 0 1 0 2 0 2 0 3 0 3
27 0 1 1 2 2 3 3 4 4 5 5 6 6 7 7 8 8 9 9 10 0 11 11 12 12 13 13 14 14 15 0 16 16 17 17 18 0 19 19 20 0 21 21 22 0 23 23 24 0 25 0 26 G -1 0 -1 0 -1 0 -1 0 -1 0 -1 0 -1 0 -1 0 -1 0 -1 0 -1 0 -1 0 -1 0 -1 0 -1 0 -1 0 -1 0 -1 0 0 0 0 0 0 1 0 1 0 2 0 2 -1 0 -1 0
27 0 1 1 2 2 3 3 4 4 5 5 6 6 7 7 8 8 9 9 10 0 11 11 12 12 13 13 14 14 15 0 16 16 17 17 18 0 19 19 20 0 21 21 22 0 23 0 24 0 25 0 26 G -1 0 -1 0 -1 0 -1 0 -1 0 -1 0 -1 0 -1 0 -1 0 -1 0 -1 0 -1 0 -1 0 -1 0 -1 0 -1 0 -1 0 -1 0 0 0 0 0 0 1 0 1 -1 0 -1 0 -1 0 -1 0
27 0 1 1 2 2 3 3 4 4 5 5 6 6 7 7 8 8 9 9 10 0 11 11 12 12 13 13 14 14 15 0 16 16 17 17 18 0 19 19 20 0 21 0 22 0 23 0 24 0 25 0 26 G -1 0 -1 0 -1 0 -1 0 -1 0 -1 0 -1 0 -1 0 -1 0 -1 0 -1 0 -1 0 -1 0 -1 0 -1 0 -1 0 -1 0 -1 0 -1 0 -1 0 -1 0 -1 0 -1 0 -1 0 -1 0 -1 0
27 0 1 1 2 2 3 3 4 4 5 5 6 6 7 7 8 8 9 9 10 0 11 11 12 12 13 13 14 14 15 0 16 16 17 17 18 0 19 0 20 0 21 0 22 0 23 0 24 0 25 0 26 G -1 0 -1 0 -1 0 -1 0 -1 0 -1 0 -1 0 -1 0 -1 0 -1 0 -1 0 -1 0 -1 0 -1 0 -1 0 -1 0 -1 0 -1 0 -1 0 -1 0 -1 0 -1 0 -1 0 -1 0 -1 0 -1 0
27 0 1 1 2 2 3 3 4 4 5 5 6 6 7 7 8 8 9 9 10 0 11 11 12 12 13 13 14 14 15 0 16 16 17 0 18 18 19 0 20 20 21 0 22 22 23 0 24 24 25 0 26 G -1 0 -1 0 -1 0 -1 0 -1 0 -1 0 -1 0 -1 0 -1 0 -1 0 -1 0 -1 0 -1 0 -1 0 -1 0 0 0 0 0 0 1 0 1 0 2 0 2 0 3 0 3 0 4 0 4 -1 0
27 0 1 1 2 2 3 3 4 4 5 5 6 6 7 7 8 8 9 9 10 0 11 11 12 12 13 13 14 14 15 0 16 16 17 0 18 18 19 0 20 20 21 0 22 22 23 0 24 0 25 0 26 G -1 0 -1 0 -1 0 -1 0 -1 0 -1 0 -1 0 -1 0 -1 0 -1 0 -1 0 -1 0 -1 0 -1 0 -1 0 0 0 0 0 0 1 0 1 0 2 0 2 0 3 0 3 -1 0 -1 0 -1 0
27 0 1 1 2 2 3 3 4 4 5 5 6 6 7 7 8 8 9 9 10 0 11 11 12 12 13 13 14 14 15 0 16 16 17 0 18 18 19 0 20 20 21 0 22 0 23 0 24 0 25 0 26 G -1 0 -1 0 -1 0 -1 0 -1 0 -1 0 -1 0 -1 0 -1 0 -1 0 -1 0 -1 0 -1 0 -1 0 -1 0 0 0 0 0 0 1 0 1 0 2 0 2 -1 0 -1 0 -1 0 -1 0 -1 0
27 0 1 1 2 2 3 3 4 4 5 5 6 6 7 7 8 8 9 9 10 0 11 11 12 12 13 13 14 14 15 0 16 16 17 0 18 18 19 0 20 0 21 0 22 0 23 0 24 0 25 0 26 G -1 0 -1 0 -1 0 -1 0 -1 0 -1 0 -1 0 -1 0 -1 0 -1 0 -1 0 -1 0 -1 0 -1 0 -1 0 0 0 0 0 0 1 0 1 -1 0 -1 0 -1 0 -1 0 -1 0 -1 0 -1 0
27 0 1 1 2 2 3 3 4 4 5 5 6 6 7 7 8 8 9 9 10 0 11 11 12 12 13 13 14 14 15 0 16 16 17 0 18 0 19 0 20 0 21 0 22 0 23 0 24 0 25 0 26 G -1 0 -1 0 -1 0 -1 0 -1 0 -1 0 -1 0 -1 0 -1 0 -1 0 -1 0 -1 0 -1 0 -1 0 -1 0 -1 0 -1 0 -1 0 -1 0 -1 0 -1 0 -1 0 -1 0 -1 0 -1 0 -1 0
27 0 1 1 2 2 3 3 4 4 5 5 6 6 7 7 8 8 9 9 10 0 11 11 12 12 13 13 14 14 15 0 16 0 17 0 18 0 19 0 20 0 21 0 22 0 23 0 24 0 25 0 26 G -1 0 -1 0 -1 0 -1 0 -1 0 -1 0 -1 0 -1 0 -1 0 -1 0 -1 0 -1 0 -1 0 -1 0 -1 0 -1 0 -1 0 -1 0 -1 0 -1 0 -1 0 -1 0 -1 0 -1 0 -1 0 -1 0
27 0 1 1 2 2 3 3 4 4 5 5 6 6 7 7 8 8 9 9 10 0 11 11 12 12 13 13 14 0 15 15 16 16 17 17 18 0 19 19 20 20 21 21 22 0 23 23 24 24 25 25 26 G -1 0 -1 0 -1 0 -1 0 -1 0 -1 0 -1 0 -1 0 -1 0 -1 0 0 0 0 0 0 0 0 0 0 1 0 1 0 1 0 1 0 2 0 2 0 2 0 2 0 3 0 3 0 3 0 3
27 0 1 1 2 2 3 3 4 4 5 5 6 6 7 7 8 8 9 9 10 0 11 11 12 12 13 13 14 0 15 15 16 16 17 17 18 0 19 19 20 20 21 21 22 0 23 23 24 24 25 0 26 G -1 0 -1 0 -1 0 -1 0 -1 0 -1 0 -1 0 -1 0 -1 0 -1 0 0 0 0 0 0 0 0 0 0 1 0 1 0 1 0 1 0 2 0 2 0 2 0 2 -1 0 -1 0 -1 0 -1 0
27 0 1 1 2 2 3 3 4 4 5 5 6 6 7 7 8 8 9 9 10 0 11 11 12 12 13 13 14 0 15 15 16 16 17 17 18 0 19 19 20 20 21 21 22 0 23 23 24 0 25 25 26 G -1 0 -1 0 -1 0 -1 0 -1 0 -1 0 -1 0 -1 0 -1 0 -1 0 1 0 1 0 1 0 1 0 1 1 1 1 1 1 1 1 1 2 1 2 1 2 1 2 0 0 0 0 0 1 0 1
27 0 1 1 2 2 3 3 4 4 5 5 6 6 7 7 8 8 9 9 10 0 11 11 12 12 13 13 14 0 15 15 16 16 17 17 18 0 19 19 20 20 21 21 22 0 23 23 24 0 25 0 26 G -1 0 -1 0 -1 0 -1 0 -1 0 -1 0 -1 0 -1 0 -1 0 -1 0 0 0 0 0 0 0 0 0 0 1 0 1 0 1 0 1 0 2 0 2 0 2 0 2 -1 0 -1 0 -1 0 -1 0
27 0 1 1 2 2 3 3 4 4 5 5 6 6 7 7 8 8 9 9 10 0 11 11 12 12 13 13 14 0 15 15 16 16 17 17 18 0 19 19 20 20 21 21 22 0 23 0 24 0 25 0 26 G -1 0 -1 0 -1 0 -1 0 -1 0 -1 0 -1 0 -1 0 -1 0 -1 0 0 0 0 0 0 0 0 0 0 1 0 1 0 1 0 1 0 2 0 2 0 2 0 2 -1 0 -1 0 -1 0 -1 0
27 0 1 1 2 2 3 3 4 4 5 5 6 6 7 7 8 8 9 9 10 0 11 11 12 12 13 13 14 0 15 15 16 16 17 17 18 0 19 19 20 20 21 0 22 22 23 23 24 0 25 25 26 G -1 0 -1 0 -1 0 -1 0 -1 0 -1 0 -1 0 -1 0 -1 0 -1 0 1 0 1 0 1 0 1 0 1 1 1 1 1 1 1 1 0 0 0 0 0 0 0 1 0 1 0 1 -1 0 -1 0
27 0 1 1 2 2 3 3 4 4 5 5 6 6 7 7 8 8 9 9 10 0 11 11 12 12 13 13 14 0 15 15 16 16 17 17 18 0 19 19 20 20 21 0 22 22 23 23 24 0 25 0 26 G -1 0 -1 0 -1 0 -1 0 -1 0 -1 0 -1 0 -1 0 -1 0 -1 0 1 0 1 0 1 0 1 0 1 1 1 1 1 1 1 1 0 0 0 0 0 0 0 1 0 1 0 1 -1 0 -1 0
27 0 1 1 2 2 3 3 4 4 5 5 6 6 7 7 8 8 9 9 10 0 11 11 12 12 13 13 14 0 15 15 16 16 17 17 18 0 19 19 20 20 21 0 22 22 23 0 24 24 25 0 26 G -1 0 -1 0 -1 0 -1 0 -1 0 -1 0 -1 0 -1 0 -1 0 -1 0 1 0 1 0 1 0 1 0 1 1 1 1 1 1 1 1 -1 0 -1 0 -1 0 0 0 0 0 0 1 0 1 -1 0
27 0 1 1 2 2 3 3 4 4 5 5 6 6 7 7 8 8 9 9 10 0 11 11 12 12 13 13 14 0 15 15 16 16 17 17 18 0 19 19 20 20 21 0 22 22 23 0 24 0 25 0 26 G -1 0 -1 0 -1 0 -1 0 -1 0 -1 0 -1 0 -1 0 -1 0 -1 0 0 0 0 0 0 0 0 0 0 1 0 1 0 1 0 1 -1 0 -1 0 -1 0 -1 0 -1 0 -1 0 -1 0 -1 0
27 0 1 1 2 2 3 3 4 4 5 5 6 6 7 7 8 8 9 9 10 0 11 11 12 12 13 13 14 0 15 15 16 16 17 17 18 0 19 19 20 20 21 0 22 0 23 0 24 0 25 0 26 G -1 0 -1 0 -1 0 -1 0 -1 0 -1 0 -1 0 -1 0 -1 0 -1 0 0 0 0 0 0 0 0 0 0 1 0 1 0 1 0 1 -1 0 -1 0 -1 0 -1 0 -1 0 -1 0 -1 0 -1 0
27 0 1 1 2 2 3 3 4 4 5 5 6 6 7 7 8 8 9 9 10 0 11 11 12 12 13 13 14 0 15 15 16 16 17 17 18 0 19 19 20 0 21 21 22 0 23 23 24 0 25 25 26 G -1 0 -1 0 -1 0 -1 0 -1 0 -1 0 -1 0 -1 0 -1 0 -1 0 1 0 1 0 1 0 1 0 1 1 1 1 1 1 1 1 0 0 0 0 0 1 0 1 0 2 0 2 0 3 0 3
27 0 1 1 2 2 3 3 4 4 5 5 6 6 7 7 8 8 9 9 10 0 11 11 12 12 13 13 14 0 15 15 16 16 17 17 18 0 19 19 20 0 21 21 22 0 23 23 24 0 25 0 26 G -1 0 -1 0 -1 0 -1 0 -1 0 -1 0 -1 0 -1 0 -1 0 -1 0 1 0 1 0 1 0 1 0 1 1 1 1 1 1 1 1 0 0 0 0 0 1 0 1 0 2 0 2 -1 0 -1 0
27 0 1 1 2 2 3 3 4 4 5 5 6 6 7 7 8 8 9 9 10 0 11 11 12 12 13 13 14 0 15 15 16 16 17 17 18 0 19 19 20 0 21 21 22 0 23 0 24 0 25 0 26 G -1 0 -1 0 -1 0 -1 0 -1 0 -1 0 -1 0 -1 0 -1 0 -1 0 1 0 1 0 1 0 1 0 1 1 1 1 1 1 1 1 0 0 0 0 0 1 0 1 -1 0 -1 0 -1 0 -1 0
27 0 1 1 2 2 3 3 4 4 5 5 6 6 7 7 8 8 9 9 10 0 11 11 12 12 13 13 14 0 15 15 16 16 17 17 18 0 19 19 20 0 21 0 22 0 23 0 24 0 25 0 26 G -1 0 -1 0 -1 0 -1 0 -1 0 -1 0 -1 0 -1 0 -1 0 -1 0 0 0 0 0 0 0 0 0 0 1 0 1 0 1 0 1 -1 0 -1 0 -1 0 -1 0 -1 0 -1 0 -1 0 -1 0
27 0 1 1 2 2 3 3 4 4 5 5 6 6 7 7 8 8 9 9 10 0 11 11 12 12 13 13 14 0 15 15 16 16 17 17 18 0 19 0 20 0 21 0 22 0 23 0 24 0 25 0 26 G -1 0 -1 0 -1 0 -1 0 -1 0 -1 0 -1 0 -1 0 -1 0 -1 0 0 0 0 0 0 0 0 0 0 1 0 1 0 1 0 1 -1 0 -1 0 -1 0 -1 0 -1 0 -1 0 -1 0 -1 0
27 0 1 1 2 2 3 3 4 4 5 5 6 6 7 7 8 8 9 9 10 0 11 11 12 12 13 13 14 0 15 15 16 16 17 0 18 18 19 19 20 0 21 21 22 22 23 0 24 24 25 25 26 G -1 0 -1 0 -1 0 -1 0 -1 0 -1 0 -1 0 -1 0 -1 0 -1 0 -1 0 -1 0 -1 0 -1 0 0 0 0 0 0 0 0 1 0 1 0 1 0 2 0 2 0 2 0 3 0 3 0 3
27 0 1 1 2 2 3 3 4 4 5 5 6 6 7 7 8 8 9 9 10 0 11 11 12 12 13 13 14 0 15 15 16 16 17 0 18 18 19 19 20 0 21 21 22 22 23 0 24 24 25 0 26 G -1 0 -1 0 -1 0 -1 0 -1 0 -1 0 -1 0 -1 0 -1 0 -1 0 -1 0 -1 0 -1 0 -1 0 0 0 0 0 0 0 0 1 0 1 0 1 0 2 0 2 0 2 -1 0 -1 0 -1 0
27 0 1 1 2 2 3 3 4 4 5 5 6 6 7 7 8 8 9 9 10 0 11 11 12 12 13 13 14 0 15 15 16 16 17 0 18 18 19 19 20 0 21 21 22 22 23 0 24 0 25 0 26 G -1 0 -1 0 -1 0 -1 0 -1 0 -1 0 -1 0 -1 0 -1 0 -1 0 -1 0 -1 0 -1 0 -1 0 0 0 0 0 0 0 0 1 0 1 0 1 0 2 0 2 0 2 -1 0 -1 0 -1 0
27 0 1 1 2 2 3 3 4 4 5 5 6 6 7 7 8 8 9 9 10 0 11 11 12 12 13 13 14 0 15 15 16 16 17 0 18 18 19 19 20 0 21 21 22 0 23 23 24 0 25 25 26 G -1 0 -1 0 -1 0 -1 0 -1 0 -1 0 -1 0 -1 0 -1 0 -1 0 -1 0 -1 0 -1 0 -1 0 1 0 1 0 1 0 1 1 1 1 1 1 0 0 0 0 0 1 0 1 0 2 0 2
27 0 1 1 2 2 3 3 4 4 5 5 6 6 7 7 8 8 9 9 10 0 11 11 12 12 13 13 14 0 15 15 16 16 17 0 18 18 19 19 20 0 21 21 22 0 23 23 24 0 25 0 26 G -1 0 -1 0 -1 0 -1 0 -1 0 -1 0 -1 0 -1 0 -1 0 -1 0 -1 0 -1 0 -1 0 -1 0 1 0 1 0 1 0 1 1 1 1 1 1 0 0 0 0 0 1 0 1 -1 0 -1 0
27 0 1 1 2 2 3 3 4 4 5 5 6 6 7 7 8 8 9 9 10 0 11 11 12 12 13 13 14 0 15 15 16 16 17 0 18 18 19 19 20 0 21 21 22 0 23 0 24 0 25 0 26 G -1 0 -1 0 -1 0 -1 0 -1 0 -1 0 -1 0 -1 0 -1 0 -1 0 -1 0 -1 0 -1 0 -1 0 0 0 0 0 0 0 0 1 0 1 0 1 -1 0 -1 0 -1 0 -1 0 -1 0 -1 0
27 0 1 1 2 2 3 3 4 4 5 5 6 6 7 7 8 8 9 9 10 0 11 11 12 12 13 13 14 0 15 15 16 16 17 0 18 18 19 19 20 0 21 0 22 0 23 0 24 0 25 0 26 G -1 0 -1 0 -1 0 -1 0 -1 0 -1 0 -1 0 -1 0 -1 0 -1 0 -1 0 -1 0 -1 0 -1 0 0 0 0 0 0 0 0 1 0 1 0 1 -1 0 -1 0 -1 0 -1 0 -1 0 -1 0
27 0 1 1 2 2 3 3 4 4 5 5 6 6 7 7 8 8 9 9 10 0 11 11 12 12 13 13 14 0 15 15 16 16 17 0 18 18 19 0 20 20 21 0 22 22 23 0 24 24 25 0 26 G -1 0 -1 0 -1 0 -1 0 -1 0 -1 0 -1 0 -1 0 -1 0 -1 0 -1 0 -1 0 -1 0 -1 0 -1 0 -1 0 -1 0 0 0 0 0 0 1 0 1 0 2 0 2 0 3 0 3 -1 0
27 0 1 1 2 2 3 3 4 4 5 5 6 6 7 7 8 8 9 9 10 0 11 11 12 12 13 13 14 0 15 15 16 16 17 0 18 18 19 0 20 20 21 0 22 22 23 0 24 0 25 0 26 G -1 0 -1 0 -1 0 -1 0 -1 0 -1 0 -1 0 -1 0 -1 0 -1 0 -1 0 -1 0 -1 0 -1 0 -1 0 -1 0 -1 0 0 0 0 0 0 1 0 1 0 2 0 2 -1 0 -1 0 -1 0
27 0 1 1 2 2 3 3 4 4 5 5 6 6 7 7 8 8 9 9 10 0 11 11 12 12 13 13 14 0 15 15 16 16 17 0 18 18 19 0 20 20 21 0 22 0 23 0 24 0 25 0 26 G -1 0 -1 0 -1 0 -1 0 -1 0 -1 0 -1 0 -1 0 -1 0 -1 0 -1 0 -1 0 -1 0 -1 0 -1 0 -1 0 -1 0 0 0 0 0 0 1 0 1 -1 0 -1 0 -1 0 -1 0 -1 0
27 0 1 1 2 2 3 3 4 4 5 5 6 6 7 7 8 8 9 9 10 0 11 11 12 12 13 13 14 0 15 15 16 16 17 0 18 18 19 0 20 0 21 0 22 0 23 0 24 0 25 0 26 G -1 0 -1 0 -1 0 -1 0 -1 0 -1 0 -1 0 -1 0 -1 0 -1 0 -1 0 -1 0 -1 0 -1 0 -1 0 -1 0 -1 0 -1 0 -1 0 -1 0 -1 0 -1 0 -1 0 -1 0 -1 0 -1 0
27 0 1 1 2 2 3 3 4 4 5 5 6 6 7 7 8 8 9 9 10 0 11 11 12 12 13 13 14 0 15 15 16 16 17 0 18 0 19 0 20 0 21 0 22 0 23 0 24 0 25 0 26 G -1 0 -1 0 -1 0 -1 0 -1 0 -1 0 -1 0 -1 0 -1 0 -1 0 -1 0 -1 0 -1 0 -1 0 -1 0 -1 0 -1 0 -1 0 -1 0 -1 0 -1 0 -1 0 -1 0 -1 0 -1 0 -1 0
27 0 1 1 2 2 3 3 4 4 5 5 6 6 7 7 8 8 9 9 10 0 11 11 12 12 13 13 14 0 15 15 16 0 17 17 18 0 19 19 20 0 21 21 22 0 23 23 24 0 25 25 26 G -1 0 -1 0 -1 0 -1 0 -1 0 -1 0 -1 0 -1 0 -1 0 -1 0 -1 0 -1 0 -1 0 -1 0 0 0 0 0 0 1 0 1 0 2 0 2 0 3 0 3 0 4 0 4 0 5 0 5
27 0 1 1 2 2 3 3 4 4 5 5 6 6 7 7 8 8 9 9 10 0 11 11 12 12 13 13 14 0 15 15 16 0 17 17 18 0 19 19 20 0 21 21 22 0 23 23 24 0 25 0 26 G -1 0 -1 0 -1 0 -1 0 -1 0 -1 0 -1 0 -1 0 -1 0 -1 0 -1 0 -1 0 -1 0 -1 0 0 0 0 0 0 1 0 1 0 2 0 2 0 3 0 3 0 4 0 4 -1 0 -1 0
27 0 1 1 2 2 3 3 4 4 5 5 6 6 7 7 8 8 9 9 10 0 11 11 12 12 13 13 14 0 15 15 16 0 17 17 18 0 19 19 20 0 21 21 22 0 23 0 24 0 25 0 26 G -1 0 -1 0 -1 0 -1 0 -1 0 -1 0 -1 0 -1 0 -1 0 -1 0 -1 0 -1 0 -1 0 -1 0 0 0 0 0 0 1 0 1 0 2 0 2 0 3 0 3 -1 0 -1 0 -1 0 -1 0
27 0 1 1 2 2 3 3 4 4 5 5 6 6 7 7 8 8 9 9 10 0 11 11 12 12 13 13 14 0 15 15 16 0 17 17 18 0 19 19 20 0 21 0 22 0 23 0 24 0 25 0 26 G -1 0 -1 0 -1 0 -1 0 -1 0 -1 0 -1 0 -1 0 -1 0 -1 0 -1 0 -1 0 -1 0 -1 0 0 0 0 0 0 1 0 1 0 2 0 2 -1 0 -1 0 -1 0 -1 0 -1 0 -1 0
27 0 1 1 2 2 3 3 4 4 5 5 6 6 7 7 8 8 9 9 10 0 11 11 12 12 13 13 14 0 15 15 16 0 17 17 18 0 19 0 20 0 21 0 22 0 23 0 24 0 25 0 26 G -1 0 -1 0 -1 0 -1 0 -1 0 -1 0 -1 0 -1 0 -1 0 -1 0 -1 0 -1 0 -1 0 -1 0 0 0 0 0 0 1 0 1 -1 0 -1 0 -1 0 -1 0 -1 0 -1 0 -1 0 -1 0
27 0 1 1 2 2 3 3 4 4 5 5 6 6 7 7 8 8 9 9 10 0 11 11 12 12 13 13 14 0 15 15 16 0 17 0 18 0 19 0 20 0 21 0 22 0 23 0 24 0 25 0 26 G -1 0 -1 0 -1 0 -1 0 -1 0 -1 0 -1 0 -1 0 -1 0 -1 0 -1 0 -1 0 -1 0 -1 0 -1 0 -1 0 -1 0 -1 0 -1 0 -1 0 -1 0 -1 0 -1 0 -1 0 -1 0 -1 0
27 0 1 1 2 2 3 3 4 4 5 5 6 6 7 7 8 8 9 9 10 0 11 11 12 12 13 13 14 0 15 0 16 0 17 0 18 0 19 0 20 0 21 0 22 0 23 0 24 0 25 0 26 G -1 0 -1 0 -1 0 -1 0 -1 0 -1 0 -1 0 -1 0 -1 0 -1 0 -1 0 -1 0 -1 0 -1 0 -1 0 -1 0 -1 0 -1 0 -1 0 -1 0 -1 0 -1 0 -1 0 -1 0 -1 0 -1 0
27 0 1 1 2 2 3 3 4 4 5 5 6 6 7 7 8 8 9 9 10 0 11 11 12 12 13 0 14 14 15 15 16 0 17 17 18 18 19 0 20 20 21 21 22 0 23 23 24 24 25 0 26 G -1 0 -1 0 -1 0 -1 0 -1 0 -1 0 -1 0 -1 0 -1 0 -1 0 0 0 0 0 0 0 0 1 0 1 0 1 0 2 0 2 0 2 0 3 0 3 0 3 0 4 0 4 0 4 -1 0
27 0 1 1 2 2 3 3 4 4 5 5 6 6 7 7 8 8 9 9 10 0 11 11 12 12 13 0 14 14 15 15 16 0 17 17 18 18 19 0 20 20 21 21 22 0 23 23 24 0 25 25 26 G -1 0 -1 0 -1 0 -1 0 -1 0 -1 0 -1 0 -1 0 -1 0 -1 0 1 0 1 0 1 0 1 1 1 1 1 1 1 2 1 2 1 2 1 3 1 3 1 3 0 0 0 0 0 1 0 1
27 0 1 1 2 2 3 3 4 4 5 5 6 6 7 7 8 8 9 9 10 0 11 11 12 12 13 0 14 14 15 15 16 0 17 17 18 18 19 0 20 20 21 21 22 0 23 23 24 0 25 0 26 G -1 0 -1 0 -1 0 -1 0 -1 0 -1 0 -1 0 -1 0 -1 0 -1 0 0 0 0 0 0 0 0 1 0 1 0 1 0 2 0 2 0 2 0 3 0 3 0 3 -1 0 -1 0 -1 0 -1 0
27 0 1 1 2 2 3 3 4 4 5 5 6 6 7 7 8 8 9 9 10 0 11 11 12 12 13 0 14 14 15 15 16 0 17 17 18 18 19 0 20 20 21 21 22 0 23 0 24 0 25 0 26 G -1 0 -1 0 -1 0 -1 0 -1 0 -1 0 -1 0 -1 0 -1 0 -1 0 0 0 0 0 0 0 0 1 0 1 0 1 0 2 0 2 0 2 0 3 0 3 0 3 -1 0 -1 0 -1 0 -1 0
27 0 1 1 2 2 3 3 4 4 5 5 6 6 7 7 8 8 9 9 10 0 11 11 12 12 13 0 14 14 15 15 16 0 17 17 18 18 19 0 20 20 21 0 22 22 23 0 24 24 25 0 26 G -1 0 -1 0 -1 0 -1 0 -1 0 -1 0 -1 0 -1 0 -1 0 -1 0 1 0 1 0 1 0 1 1 1 1 1 1 1 2 1 2 1 2 0 0 0 0 0 1 0 1 0 2 0 2 -1 0
27 0 1 1 2 2 3 3 4 4 5 5 6 6 7 7 8 8 9 9 10 0 11 11 12 12 13 0 14 14 15 15 16 0 17 17 18 18 19 0 20 20 21 0 22 22 23 0 24 0 25 0 26 G -1 0 -1 0 -1 0 -1 0 -1 0 -1 0 -1 0 -1 0 -1 0 -1 0 1 0 1 0 1 0 1 1 1 1 1 1 1 2 1 2 1 2 0 0 0 0 0 1 0 1 -1 0 -1 0 -1 0
27 0 1 1 2 2 3 3 4 4 5 5 6 6 7 7 8 8 9 9 10 0 11 11 12 12 13 0 14 14 15 15 16 0 17 17 18 18 19 0 20 20 21 0 22 0 23 0 24 0 25 0 26 G -1 0 -1 0 -1 0 -1 0 -1 0 -1 0 -1 0 -1 0 -1 0 -1 0 0 0 0 0 0 0 0 1 0 1 0 1 0 2 0 2 0 2 -1 0 -1 0 -1 0 -1 0 -1 0 -1 0 -1 0
27 0 1 1 2 2 3 3 4 4 5 5 6 6 7 7 8 8 9 9 10 0 11 11 12 12 13 0 14 14 15 15 16 0 17 17 18 18 19 0 20 0 21 0 22 0 23 0 24 0 25 0 26 G -1 0 -1 0 -1 0 -1 0 -1 0 -1 0 -1 0 -1 0 -1 0 -1 0 0 0 0 0 0 0 0 1 0 1 0 1 0 2 0 2 0 2 -1 0 -1 0 -1 0 -1 0 -1 0 -1 0 -1 0
27 0 1 1 2 2 3 3 4 4 5 5 6 6 7 7 8 8 9 9 10 0 11 11 12 12 13 0 14 14 15 15 16 0 17 17 18 0 19 19 20 0 21 21 22 0 23 23 24 0 25 25 26 G -1 0 -1 0 -1 0 -1 0 -1 0 -1 0 -1 0 -1 0 -1 0 -1 0 1 0 1 0 1 0 1 1 1 1 1 1 0 0 0 0 0 1 0 1 0 2 0 2 0 3 0 3 0 4 0 4
27 0 1 1 2 2 3 3 4 4 5 5 6 6 7 7 8 8 9 9 10 0 11 11 12 12 13 0 14 14 15 15 16 0 17 17 18 0 19 19 20 0 21 21 22 0 23 23 24 0 25 0 26 G -1 0 -1 0 -1 0 -1 0 -1 0 -1 0 -1 0 -1 0 -1 0 -1 0 1 0 1 0 1 0 1 1 1 1 1 1 0 0 0 0 0 1 0 1 0 2 0 2 0 3 0 3 -1 0 -1 0
27 0 1 1 2 2 3 3 4 4 5 5 6 6 7 7 8 8 9 9 10 0 11 11 12 12 13 0 14 14 15 15 16 0 17 17 18 0 19 19 20 0 21 21 22 0 23 0 24 0 25 0 26 G -1 0 -1 0 -1 0 -1 0 -1 0 -1 0 -1 0 -1 0 -1 0 -1 0 1 0 1 0 1 0 1 1 1 1 1 1 0 0 0 0 0 1 0 1 0 2 0 2 -1 0 -1 0 -1 0 -1 0
27 0 1 1 2 2 3 3 4 4 5 5 6 6 7 7 8 8 9 9 10 0 11 11 12 12 13 0 14 14 15 15 16 0 17 17 18 0 19 19 20 0 21 0 22 0 23 0 24 0 25 0 26 G -1 0 -1 0 -1 0 -1 0 -1 0 -1 0 -1 0 -1 0 -1 0 -1 0 1 0 1 0 1 0 1 1 1 1 1 1 0 0 0 0 0 1 0 1 -1 0 -1 0 -1 0 -1 0 -1 0 -1 0
27 0 1 1 2 2 3 3 4 4 5 5 6 6 7 7 8 8 9 9 10 0 11 11 12 12 13 0 14 14 15 15 16 0 17 17 18 0 19 0 20 0 21 0 22 0 23 0 24 0 25 0 26 G -1 0 -1 0 -1 0 -1 0 -1 0 -1 0 -1 0 -1 0 -1 0 -1 0 0 0 0 0 0 0 0 1 0 1 0 1 -1 0 -1 0 -1 0 -1 0 -1 0 -1 0 -1 0 -1 0 -1 0 -1 0
27 0 1 1 2 2 3 3 4 4 5 5 6 6 7 7 8 8 9 9 10 0 11 11 12 12 13 0 14 14 15 15 16 0 17 0 18 0 19 0 20 0 21 0 22 0 23 0 24 0 25 0 26 G -1 0 -1 0 -1 0 -1 0 -1 0 -1 0 -1 0 -1 0 -1 0 -1 0 0 0 0 0 0 0 0 1 0 1 0 1 -1 0 -1 0 -1 0 -1 0 -1 0 -1 0 -1 0 -1 0 -1 0 -1 0
27 0 1 1 2 2 3 3 4 4 5 5 6 6 7 7 8 8 9 9 10 0 11 11 12 12 13 0 14 14 15 0 16 16 17 0 18 18 19 0 20 20 21 0 22 22 23 0 24 24 25 0 26 G -1 0 -1 0 -1 0 -1 0 -1 0 -1 0 -1 0 -1 0 -1 0 -1 0 -1 0 -1 0 -1 0 0 0 0 0 0 1 0 1 0 2 0 2 0 3 0 3 0 4 0 4 0 5 0 5 -1 0
27 0 1 1 2 2 3 3 4 4 5 5 6 6 7 7 8 8 9 9 10 0 11 11 12 12 13 0 14 14 15 0 16 16 17 0 18 18 19 0 20 20 21 0 22 22 23 0 24 0 25 0 26 G -1 0 -1 0 -1 0 -1 0 -1 0 -1 0 -1 0 -1 0 -1 0 -1 0 -1 0 -1 0 -1 0 0 0 0 0 0 1 0 1 0 2 0 2 0 3 0 3 0 4 0 4 -1 0 -1 0 -1 0
27 0 1 1 2 2 3 3 4 4 5 5 6 6 7 7 8 8 9 9 10 0 11 11 12 12 13 0 14 14 15 0 16 16 17 0 18 18 19 0 20 20 21 0 22 0 23 0 24 0 25 0 26 G -1 0 -1 0 -1 0 -1 0 -1 0 -1 0 -1 0 -1 0 -1 0 -1 0 -1 0 -1 0 -1 0 0 0 0 0 0 1 0 1 0 2 0 2 0 3 0 3 -1 0 -1 0 -1 0 -1 0 -1 0
27 0 1 1 2 2 3 3 4 4 5 5 6 6 7 7 8 8 9 9 10 0 11 11 12 12 13 0 14 14 15 0 16 16 17 0 18 18 19 0 20 0 21 0 22 0 23 0 24 0 25 0 26 G -1 0 -1 0 -1 0 -1 0 -1 0 -1 0 -1 0 -1 0 -1 0 -1 0 -1 0 -1 0 -1 0 0 0 0 0 0 1 0 1 0 2 0 2 -1 0 -1 0 -1 0 -1 0 -1 0 -1 0 -1 0
27 0 1 1 2 2 3 3 4 4 5 5 6 6 7 7 8 8 9 9 10 0 11 11 12 12 13 0 14 14 15 0 16 16 17 0 18 0 19 0 20 0 21 0 22 0 23 0 24 0 25 0 26 G -1 0 -1 0 -1 0 -1 0 -1 0 -1 0 -1 0 -1 0 -1 0 -1 0 -1 0 -1 0 -1 0 0 0 0 0 0 1 0 1 -1 0 -1 0 -1 0 -1 0 -1 0 -1 0 -1 0 -1 0 -1 0
27 0 1 1 2 2 3 3 4 4 5 5 6 6 7 7 8 8 9 9 10 0 11 11 12 12 13 0 14 14 15 0 16 0 17 0 18 0 19 0 20 0 21 0 22 0 23 0 24 0 25 0 26 G -1 0 -1 0 -1 0 -1 0 -1 0 -1 0 -1 0 -1 0 -1 0 -1 0 -1 0 -1 0 -1 0 -1 0 -1 0 -1 0 -1 0 -1 0 -1 0 -1 0 -1 0 -1 0 -1 0 -1 0 -1 0 -1 0
27 0 1 1 2 2 3 3 4 4 5 5 6 6 7 7 8 8 9 9 10 0 11 11 12 12 13 0 14 0 15 0 16 0 17 0 18 0 19 0 20 0 21 0 22 0 23 0 24 0 25 0 26 G -1 0 -1 0 -1 0 -1 0 -1 0 -1 0 -1 0 -1 0 -1 0 -1 0 -1 0 -1 0 -1 0 -1 0 -1 0 -1 0 -1 0 -1 0 -1 0 -1 0 -1 0 -1 0 -1 0 -1 0 -1 0 -1 0
27 0 1 1 2 2 3 3 4 4 5 5 6 6 7 7 8 8 9 9 10 0 11 11 12 0 13 13 14 0 15 15 16 0 17 17 18 0 19 19 20 0 21 21 22 0 23 23 24 0 25 25 26 G -1 0 -1 0 -1 0 -1 0 -1 0 -1 0 -1 0 -1 0 -1 0 -1 0 0 0 0 0 0 1 0 1 0 2 0 2 0 3 0 3 0 4 0 4 0 5 0 5 0 6 0 6 0 7 0 7
27 0 1 1 2 2 3 3 4 4 5 5 6 6 7 7 8 8 9 9 10 0 11 11 12 0 13 13 14 0 15 15 16 0 17 17 18 0 19 19 20 0 21 21 22 0 23 23 24 0 25 0 26 G -1 0 -1 0 -1 0 -1 0 -1 0 -1 0 -1 0 -1 0 -1 0 -1 0 0 0 0 0 0 1 0 1 0 2 0 2 0 3 0 3 0 4 0 4 0 5 0 5 0 6 0 6 -1 0 -1 0
27 0 1 1 2 2 3 3 4 4 5 5 6 6 7 7 8 8 9 9 10 0 11 11 12 0 13 13 14 0 15 15 16 0 17 17 18 0 19 19 20 0 21 21 22 0 23 0 24 0 25 0 26 G -1 0 -1 0 -1 0 -1 0 -1 0 -1 0 -1 0 -1 0 -1 0 -1 0 0 0 0 0 0 1 0 1 0 2 0 2 0 3 0 3 0 4 0 4 0 5 0 5 -1 0 -1 0 -1 0 -1 0
27 0 1 1 2 2 3 3 4 4 5 5 6 6 7 7 8 8 9 9 10 0 11 11 12 0 13 13 14 0 15 15 16 0 17 17 18 0 19 19 20 0 21 0 22 0 23 0 24 0 25 0 26 G -1 0 -1 0 -1 0 -1 0 -1 0 -1 0 -1 0 -1 0 -1 0 -1 0 0 0 0 0 0 1 0 1 0 2 0 2 0 3 0 3 0 4 0 4 -1 0 -1 0 -1 0 -1 0 -1 0 -1 0
27 0 1 1 2 2 3 3 4 4 5 5 6 6 7 7 8 8 9 9 10 0 11 11 12 0 13 13 14 0 15 15 16 0 17 17 18 0 19 0 20 0 21 0 22 0 23 0 24 0 25 0 26 G -1 0 -1 0 -1 0 -1 0 -1 0 -1 0 -1 0 -1 0 -1 0 -1 0 0 0 0 0 0 1 0 1 0 2 0 2 0 3 0 3 -1 0 -1 0 -1 0 -1 0 -1 0 -1 0 -1 0 -1 0
27 0 1 1 2 2 3 3 4 4 5 5 6 6 7 7 8 8 9 9 10 0 11 11 12 0 13 13 14 0 15 15 16 0 17 0 18 0 19 0 20 0 21 0 22 0 23 0 24 0 25 0 26 G -1 0 -1 0 -1 0 -1 0 -1 0 -1 0 -1 0 -1 0 -1 0 -1 0 0 0 0 0 0 1 0 1 0 2 0 2 -1 0 -1 0 -1 0 -1 0 -1 0 -1 0 -1 0 -1 0 -1 0 -1 0
27 0 1 1 2 2 3 3 4 4 5 5 6 6 7 7 8 8 9 9 10 0 11 11 12 0 13 13 14 0 15 0 16 0 17 0 18 0 19 0 20 0 21 0 22 0 23 0 24 0 25 0 26 G -1 0 -1 0 -1 0 -1 0 -1 0 -1 0 -1 0 -1 0 -1 0 -1 0 0 0 0 0 0 1 0 1 -1 0 -1 0 -1 0 -1 0 -1 0 -1 0 -1 0 -1 0 -1 0 -1 0 -1 0 -1 0
27 0 1 1 2 2 3 3 4 4 5 5 6 6 7 7 8 8 9 9 10 0 11 11 12 0 13 0 14 0 15 0 16 0 17 0 18 0 19 0 20 0 21 0 22 0 23 0 24 0 25 0 26 G -1 0 -1 0 -1 0 -1 0 -1 0 -1 0 -1 0 -1 0 -1 0 -1 0 -1 0 -1 0 -1 0 -1 0 -1 0 -1 0 -1 0 -1 0 -1 0 -1 0 -1 0 -1 0 -1 0 -1 0 -1 0 -1 0
27 0 1 1 2 2 3 3 4 4 5 5 6 6 7 7 8 8 9 9 10 0 11 0 12 0 13 0 14 0 15 0 16 0 17 0 18 0 19 0 20 0 21 0 22 0 23 0 24 0 25 0 26 G -1 0 -1 0 -1 0 -1 0 -1 0 -1 0 -1 0 -1 0 -1 0 -1 0 -1 0 -1 0 -1 0 -1 0 -1 0 -1 0 -1 0 -1 0 -1 0 -1 0 -1 0 -1 0 -1 0 -1 0 -1 0 -1 0
27 0 1 1 2 2 3 3 4 4 5 5 6 6 7 7 8 8 9 0 10 10 11 11 12 12 13 13 14 14 15 15 16 16 17 17 18 0 19 19 20 20 21 21 22 22 23 23 24 24 25 25 26 G 0 0 0 0 0 0 0 0 0 0 0 0 0 0 0 0 0 0 0 1 0 1 0 1 0 1 0 1 0 1 0 1 0 1 0 1 -1 0 -1 0 -1 0 -1 0 -1 0 -1 0 -1 0 -1 0
27 0 1 1 2 2 3 3 4 4 5 5 6 6 7 7 8 8 9 0 10 10 11 11 12 12 13 13 14 14 15 15 16 16 17 17 18 0 19 19 20 20 21 21 22 22 23 23 24 24 25 0 26 G 0 0 0 0 0 0 0 0 0 0 0 0 0 0 0 0 0 0 0 1 0 1 0 1 0 1 0 1 0 1 0 1 0 1 0 1 -1 0 -1 0 -1 0 -1 0 -1 0 -1 0 -1 0 -1 0
27 0 1 1 2 2 3 3 4 4 5 5 6 6 7 7 8 8 9 0 10 10 11 11 12 12 13 13 14 14 15 15 16 16 17 17 18 0 19 19 20 20 21 21 22 22 23 23 24 0 25 25 26 G 0 0 0 0 0 0 0 0 0 0 0 0 0 0 0 0 0 0 0 1 0 1 0 1 0 1 0 1 0 1 0 1 0 1 0 1 -1 0 -1 0 -1 0 -1 0 -1 0 -1 0 -1 0 -1 0
27 0 1 1 2 2 3 3 4 4 5 5 6 6 7 7 8 8 9 0 10 10 11 11 12 12 13 13 14 14 15 15 16 16 17 17 18 0 19 19 20 20 21 21 22 22 23 23 24 0 25 0 26 G 0 0 0 0 0 0 0 0 0 0 0 0 0 0 0 0 0 0 0 1 0 1 0 1 0 1 0 1 0 1 0 1 0 1 0 1 -1 0 -1 0 -1 0 -1 0 -1 0 -1 0 -1 0 -1 0
27 0 1 1 2 2 3 3 4 4 5 5 6 6 7 7 8 8 9 0 10 10 11 11 12 12 13 13 14 14 15 15 16 16 17 17 18 0 19 19 20 20 21 21 22 22 23 0 24 24 25 25 26 G 0 0 0 0 0 0 0 0 0 0 0 0 0 0 0 0 0 0 0 1 0 1 0 1 0 1 0 1 0 1 0 1 0 1 0 1 -1 0 -1 0 -1 0 -1 0 -1 0 -1 0 -1 0 -1 0
27 0 1 1 2 2 3 3 4 4 5 5 6 6 7 7 8 8 9 0 10 10 11 11 12 12 13 13 14 14 15 15 16 16 17 17 18 0 19 19 20 20 21 21 22 22 23 0 24 24 25 0 26 G 0 0 0 0 0 0 0 0 0 0 0 0 0 0 0 0 0 0 0 1 0 1 0 1 0 1 0 1 0 1 0 1 0 1 0 1 -1 0 -1 0 -1 0 -1 0 -1 0 -1 0 -1 0 -1 0
27 0 1 1 2 2 3 3 4 4 5 5 6 6 7 7 8 8 9 0 10 10 11 11 12 12 13 13 14 14 15 15 16 16 17 17 18 0 19 19 20 20 21 21 22 22 23 0 24 0 25 0 26 G 0 0 0 0 0 0 0 0 0 0 0 0 0 0 0 0 0 0 0 1 0 1 0 1 0 1 0 1 0 1 0 1 0 1 0 1 -1 0 -1 0 -1 0 -1 0 -1 0 -1 0 -1 0 -1 0
27 0 1 1 2 2 3 3 4 4 5 5 6 6 7 7 8 8 9 0 10 10 11 11 12 12 13 13 14 14 15 15 16 16 17 17 18 0 19 19 20 20 21 21 22 0 23 23 24 24 25 25 26 G 1 0 1 0 1 0 1 0 1 0 1 0 1 0 1 0 1 0 1 1 1 1 1 1 1 1 1 1 1 1 1 1 1 1 1 1 0 0 0 0 0 0 0 0 0 1 0 1 0 1 0 1
27 0 1 1 2 2 3 3 4 4 5 5 6 6 7 7 8 8 9 0 10 10 11 11 12 12 13 13 14 14 15 15 16 16 17 17 18 0 19 19 20 20 21 21 22 0 23 23 24 24 25 0 26 G 0 0 0 0 0 0 0 0 0 0 0 0 0 0 0 0 0 0 0 1 0 1 0 1 0 1 0 1 0 1 0 1 0 1 0 1 -1 0 -1 0 -1 0 -1 0 -1 0 -1 0 -1 0 -1 0
27 0 1 1 2 2 3 3 4 4 5 5 6 6 7 7 8 8 9 0 10 10 11 11 12 12 13 13 14 14 15 15 16 16 17 17 18 0 19 19 20 20 21 21 22 0 23 23 24 0 25 25 26 G 1 0 1 0 1 0 1 0 1 0 1 0 1 0 1 0 1 0 1 1 1 1 1 1 1 1 1 1 1 1 1 1 1 1 1 1 -1 0 -1 0 -1 0 -1 0 0 0 0 0 0 1 0 1
27 0 1 1 2 2 3 3 4 4 5 5 6 6 7 7 8 8 9 0 10 10 11 11 12 12 13 13 14 14 15 15 16 16 17 17 18 0 19 19 20 20 21 21 22 0 23 23 24 0 25 0 26 G 0 0 0 0 0 0 0 0 0 0 0 0 0 0 0 0 0 0 0 1 0 1 0 1 0 1 0 1 0 1 0 1 0 1 0 1 -1 0 -1 0 -1 0 -1 0 -1 0 -1 0 -1 0 -1 0
27 0 1 1 2 2 3 3 4 4 5 5 6 6 7 7 8 8 9 0 10 10 11 11 12 12 13 13 14 14 15 15 16 16 17 17 18 0 19 19 20 20 21 21 22 0 23 0 24 0 25 0 26 G 0 0 0 0 0 0 0 0 0 0 0 0 0 0 0 0 0 0 0 1 0 1 0 1 0 1 0 1 0 1 0 1 0 1 0 1 -1 0 -1 0 -1 0 -1 0 -1 0 -1 0 -1 0 -1 0
27 0 1 1 2 2 3 3 4 4 5 5 6 6 7 7 8 8 9 0 10 10 11 11 12 12 13 13 14 14 15 15 16 16 17 17 18 0 19 19 20 20 21 0 22 22 23 23 24 0 25 25 26 G 1 0 1 0 1 0 1 0 1 0 1 0 1 0 1 0 1 0 1 1 1 1 1 1 1 1 1 1 1 1 1 1 1 1 1 1 0 0 0 0 0 0 0 1 0 1 0 1 -1 0 -1 0
27 0 1 1 2 2 3 3 4 4 5 5 6 6 7 7 8 8 9 0 10 10 11 11 12 12 13 13 14 14 15 15 16 16 17 17 18 0 19 19 20 20 21 0 22 22 23 23 24 0 25 0 26 G 1 0 1 0 1 0 1 0 1 0 1 0 1 0 1 0 1 0 1 1 1 1 1 1 1 1 1 1 1 1 1 1 1 1 1 1 0 0 0 0 0 0 0 1 0 1 0 1 -1 0 -1 0
27 0 1 1 2 2 3 3 4 4 5 5 6 6 7 7 8 8 9 0 10 10 11 11 12 12 13 13 14 14 15 15 16 16 17 17 18 0 19 19 20 20 21 0 22 22 23 0 24 24 25 0 26 G 1 0 1 0 1 0 1 0 1 0 1 0 1 0 1 0 1 0 1 1 1 1 1 1 1 1 1 1 1 1 1 1 1 1 1 1 -1 0 -1 0 -1 0 0 0 0 0 0 1 0 1 -1 0
27 0 1 1 2 2 3 3 4 4 5 5 6 6 7 7 8 8 9 0 10 10 11 11 12 12 13 13 14 14 15 15 16 16 17 17 18 0 19 19 20 20 21 0 22 22 23 0 24 0 25 0 26 G 0 0 0 0 0 0 0 0 0 0 0 0 0 0 0 0 0 0 0 1 0 1 0 1 0 1 0 1 0 1 0 1 0 1 0 1 -1 0 -1 0 -1 0 -1 0 -1 0 -1 0 -1 0 -1 0
27 0 1 1 2 2 3 3 4 4 5 5 6 6 7 7 8 8 9 0 10 10 11 11 12 12 13 13 14 14 15 15 16 16 17 17 18 0 19 19 20 20 21 0 22 0 23 0 24 0 25 0 26 G 0 0 0 0 0 0 0 0 0 0 0 0 0 0 0 0 0 0 0 1 0 1 0 1 0 1 0 1 0 1 0 1 0 1 0 1 -1 0 -1 0 -1 0 -1 0 -1 0 -1 0 -1 0 -1 0
27 0 1 1 2 2 3 3 4 4 5 5 6 6 7 7 8 8 9 0 10 10 11 11 12 12 13 13 14 14 15 15 16 16 17 17 18 0 19 19 20 0 21 21 22 0 23 23 24 0 25 25 26 G 1 0 1 0 1 0 1 0 1 0 1 0 1 0 1 0 1 0 1 1 1 1 1 1 1 1 1 1 1 1 1 1 1 1 1 1 0 0 0 0 0 1 0 1 0 2 0 2 0 3 0 3
27 0 1 1 2 2 3 3 4 4 5 5 6 6 7 7 8 8 9 0 10 10 11 11 12 12 13 13 14 14 15 15 16 16 17 17 18 0 19 19 20 0 21 21 22 0 23 23 24 0 25 0 26 G 1 0 1 0 1 0 1 0 1 0 1 0 1 0 1 0 1 0 1 1 1 1 1 1 1 1 1 1 1 1 1 1 1 1 1 1 0 0 0 0 0 1 0 1 0 2 0 2 -1 0 -1 0
27 0 1 1 2 2 3 3 4 4 5 5 6 6 7 7 8 8 9 0 10 10 11 11 12 12 13 13 14 14 15 15 16 16 17 17 18 0 19 19 20 0 21 21 22 0 23 0 24 0 25 0 26 G 1 0 1 0 1 0 1 0 1 0 1 0 1 0 1 0 1 0 1 1 1 1 1 1 1 1 1 1 1 1 1 1 1 1 1 1 0 0 0 0 0 1 0 1 -1 0 -1 0 -1 0 -1 0
27 0 1 1 2 2 3 3 4 4 5 5 6 6 7 7 8 8 9 0 10 10 11 11 12 12 13 13 14 14 15 15 16 16 17 17 18 0 19 19 20 0 21 0 22 0 23 0 24 0 25 0 26 G 0 0 0 0 0 0 0 0 0 0 0 0 0 0 0 0 0 0 0 1 0 1 0 1 0 1 0 1 0 1 0 1 0 1 0 1 -1 0 -1 0 -1 0 -1 0 -1 0 -1 0 -1 0 -1 0
27 0 1 1 2 2 3 3 4 4 5 5 6 6 7 7 8 8 9 0 10 10 11 11 12 12 13 13 14 14 15 15 16 16 17 17 18 0 19 0 20 0 21 0 22 0 23 0 24 0 25 0 26 G 0 0 0 0 0 0 0 0 0 0 0 0 0 0 0 0 0 0 0 1 0 1 0 1 0 1 0 1 0 1 0 1 0 1 0 1 -1 0 -1 0 -1 0 -1 0 -1 0 -1 0 -1 0 -1 0
27 0 1 1 2 2 3 3 4 4 5 5 6 6 7 7 8 8 9 0 10 10 11 11 12 12 13 13 14 14 15 15 16 16 17 0 18 18 19 19 20 20 21 21 22 22 23 23 24 24 25 0 26 G -1 0 -1 0 -1 0 -1 0 -1 0 -1 0 -1 0 -1 0 -1 0 0 0 0 0 0 0 0 0 0 0 0 0 0 0 0 0 0 1 0 1 0 1 0 1 0 1 0 1 0 1 0 1 -1 0
27 0 1 1 2 2 3 3 4 4 5 5 6 6 7 7 8 8 9 0 10 10 11 11 12 12 13 13 14 14 15 15 16 16 17 0 18 18 19 19 20 20 21 21 22 22 23 23 24 0 25 25 26 G -1 0 -1 0 -1 0 -1 0 -1 0 -1 0 -1 0 -1 0 -1 0 -1 0 -1 0 -1 0 -1 0 -1 0 -1 0 -1 0 -1 0 -1 0 -1 0 -1 0 -1 0 -1 0 -1 0 -1 0 -1 0 -1 0
27 0 1 1 2 2 3 3 4 4 5 5 6 6 7 7 8 8 9 0 10 10 11 11 12 12 13 13 14 14 15 15 16 16 17 0 18 18 19 19 20 20 21 21 22 22 23 23 24 0 25 0 26 G -1 0 -1 0 -1 0 -1 0 -1 0 -1 0 -1 0 -1 0 -1 0 -1 0 -1 0 -1 0 -1 0 -1 0 -1 0 -1 0 -1 0 -1 0 -1 0 -1 0 -1 0 -1 0 -1 0 -1 0 -1 0 -1 0
27 0 1 1 2 2 3 3 4 4 5 5 6 6 7 7 8 8 9 0 10 10 11 11 12 12 13 13 14 14 15 15 16 16 17 0 18 18 19 19 20 20 21 21 22 22 23 0 24 24 25 25 26 G -1 0 -1 0 -1 0 -1 0 -1 0 -1 0 -1 0 -1 0 -1 0 -1 0 -1 0 -1 0 -1 0 -1 0 -1 0 -1 0 -1 0 -1 0 -1 0 -1 0 -1 0 -1 0 -1 0 -1 0 -1 0 -1 0
27 0 1 1 2 2 3 3 4 4 5 5 6 6 7 7 8 8 9 0 10 10 11 11 12 12 13 13 14 14 15 15 16 16 17 0 18 18 19 19 20 20 21 21 22 22 23 0 24 24 25 0 26 G -1 0 -1 0 -1 0 -1 0 -1 0 -1 0 -1 0 -1 0 -1 0 -1 0 -1 0 -1 0 -1 0 -1 0 -1 0 -1 0 -1 0 -1 0 -1 0 -1 0 -1 0 -1 0 -1 0 -1 0 -1 0 -1 0
27 0 1 1 2 2 3 3 4 4 5 5 6 6 7 7 8 8 9 0 10 10 11 11 12 12 13 13 14 14 15 15 16 16 17 0 18 18 19 19 20 20 21 21 22 22 23 0 24 0 25 0 26 G -1 0 -1 0 -1 0 -1 0 -1 0 -1 0 -1 0 -1 0 -1 0 -1 0 -1 0 -1 0 -1 0 -1 0 -1 0 -1 0 -1 0 -1 0 -1 0 -1 0 -1 0 -1 0 -1 0 -1 0 -1 0 -1 0
27 0 1 1 2 2 3 3 4 4 5 5 6 6 7 7 8 8 9 0 10 10 11 11 12 12 13 13 14 14 15 15 16 16 17 0 18 18 19 19 20 20 21 21 22 0 23 23 24 24 25 25 26 G -1 0 -1 0 -1 0 -1 0 -1 0 -1 0 -1 0 -1 0 -1 0 -1 0 -1 0 -1 0 -1 0 -1 0 -1 0 -1 0 -1 0 -1 0 -1 0 -1 0 -1 0 -1 0 -1 0 -1 0 -1 0 -1 0
27 0 1 1 2 2 3 3 4 4 5 5 6 6 7 7 8 8 9 0 10 10 11 11 12 12 13 13 14 14 15 15 16 16 17 0 18 18 19 19 20 20 21 21 22 0 23 23 24 24 25 0 26 G -1 0 -1 0 -1 0 -1 0 -1 0 -1 0 -1 0 -1 0 -1 0 -1 0 -1 0 -1 0 -1 0 -1 0 -1 0 -1 0 -1 0 -1 0 -1 0 -1 0 -1 0 -1 0 -1 0 -1 0 -1 0 -1 0
27 0 1 1 2 2 3 3 4 4 5 5 6 6 7 7 8 8 9 0 10 10 11 11 12 12 13 13 14 14 15 15 16 16 17 0 18 18 19 19 20 20 21 21 22 0 23 23 24 0 25 25 26 G -1 0 -1 0 -1 0 -1 0 -1 0 -1 0 -1 0 -1 0 -1 0 -1 0 -1 0 -1 0 -1 0 -1 0 -1 0 -1 0 -1 0 -1 0 -1 0 -1 0 -1 0 -1 0 0 0 0 0 0 1 0 1
27 0 1 1 2 2 3 3 4 4 5 5 6 6 7 7 8 8 9 0 10 10 11 11 12 12 13 13 14 14 15 15 16 16 17 0 18 18 19 19 20 20 21 21 22 0 23 23 24 0 25 0 26 G -1 0 -1 0 -1 0 -1 0 -1 0 -1 0 -1 0 -1 0 -1 0 -1 0 -1 0 -1 0 -1 0 -1 0 -1 0 -1 0 -1 0 -1 0 -1 0 -1 0 -1 0 -1 0 -1 0 -1 0 -1 0 -1 0
27 0 1 1 2 2 3 3 4 4 5 5 6 6 7 7 8 8 9 0 10 10 11 11 12 12 13 13 14 14 15 15 16 16 17 0 18 18 19 19 20 20 21 21 22 0 23 0 24 0 25 0 26 G -1 0 -1 0 -1 0 -1 0 -1 0 -1 0 -1 0 -1 0 -1 0 -1 0 -1 0 -1 0 -1 0 -1 0 -1 0 -1 0 -1 0 -1 0 -1 0 -1 0 -1 0 -1 0 -1 0 -1 0 -1 0 -1 0
27 0 1 1 2 2 3 3 4 4 5 5 6 6 7 7 8 8 9 0 10 10 11 11 12 12 13 13 14 14 15 15 16 16 17 0 18 18 19 19 20 20 21 0 22 22 23 23 24 24 25 0 26 G -1 0 -1 0 -1 0 -1 0 -1 0 -1 0 -1 0 -1 0 -1 0 -1 0 -1 0 -1 0 -1 0 -1 0 -1 0 -1 0 -1 0 0 0 0 0 0 0 0 0 0 1 0 1 0 1 0 1 -1 0
27 0 1 1 2 2 3 3 4 4 5 5 6 6 7 7 8 8 9 0 10 10 11 11 12 12 13 13 14 14 15 15 16 16 17 0 18 18 19 19 20 20 21 0 22 22 23 23 24 0 25 25 26 G -1 0 -1 0 -1 0 -1 0 -1 0 -1 0 -1 0 -1 0 -1 0 -1 0 -1 0 -1 0 -1 0 -1 0 -1 0 -1 0 -1 0 -1 0 -1 0 -1 0 -1 0 -1 0 -1 0 -1 0 -1 0 -1 0
27 0 1 1 2 2 3 3 4 4 5 5 6 6 7 7 8 8 9 0 10 10 11 11 12 12 13 13 14 14 15 15 16 16 17 0 18 18 19 19 20 20 21 0 22 22 23 23 24 0 25 0 26 G -1 0 -1 0 -1 0 -1 0 -1 0 -1 0 -1 0 -1 0 -1 0 -1 0 -1 0 -1 0 -1 0 -1 0 -1 0 -1 0 -1 0 -1 0 -1 0 -1 0 -1 0 -1 0 -1 0 -1 0 -1 0 -1 0
27 0 1 1 2 2 3 3 4 4 5 5 6 6 7 7 8 8 9 0 10 10 11 11 12 12 13 13 14 14 15 15 16 16 17 0 18 18 19 19 20 20 21 0 22 22 23 0 24 24 25 0 26 G -1 0 -1 0 -1 0 -1 0 -1 0 -1 0 -1 0 -1 0 -1 0 -1 0 -1 0 -1 0 -1 0 -1 0 -1 0 -1 0 -1 0 -1 0 -1 0 -1 0 -1 0 0 0 0 0 0 1 0 1 -1 0
27 0 1 1 2 2 3 3 4 4 5 5 6 6 7 7 8 8 9 0 10 10 11 11 12 12 13 13 14 14 15 15 16 16 17 0 18 18 19 19 20 20 21 0 22 22 23 0 24 0 25 0 26 G -1 0 -1 0 -1 0 -1 0 -1 0 -1 0 -1 0 -1 0 -1 0 -1 0 -1 0 -1 0 -1 0 -1 0 -1 0 -1 0 -1 0 -1 0 -1 0 -1 0 -1 0 -1 0 -1 0 -1 0 -1 0 -1 0
27 0 1 1 2 2 3 3 4 4 5 5 6 6 7 7 8 8 9 0 10 10 11 11 12 12 13 13 14 14 15 15 16 16 17 0 18 18 19 19 20 20 21 0 22 0 23 0 24 0 25 0 26 G -1 0 -1 0 -1 0 -1 0 -1 0 -1 0 -1 0 -1 0 -1 0 -1 0 -1 0 -1 0 -1 0 -1 0 -1 0 -1 0 -1 0 -1 0 -1 0 -1 0 -1 0 -1 0 -1 0 -1 0 -1 0 -1 0
27 0 1 1 2 2 3 3 4 4 5 5 6 6 7 7 8 8 9 0 10 10 11 11 12 12 13 13 14 14 15 15 16 16 17 0 18 18 19 19 20 0 21 21 22 22 23 0 24 24 25 25 26 G -1 0 -1 0 -1 0 -1 0 -1 0 -1 0 -1 0 -1 0 -1 0 -1 0 -1 0 -1 0 -1 0 -1 0 -1 0 -1 0 -1 0 0 0 0 0 0 0 0 1 0 1 0 1 0 2 0 2 0 2
27 0 1 1 2 2 3 3 4 4 5 5 6 6 7 7 8 8 9 0 10 10 11 11 12 12 13 13 14 14 15 15 16 16 17 0 18 18 19 19 20 0 21 21 22 22 23 0 24 24 25 0 26 G -1 0 -1 0 -1 0 -1 0 -1 0 -1 0 -1 0 -1 0 -1 0 -1 0 -1 0 -1 0 -1 0 -1 0 -1 0 -1 0 -1 0 0 0 0 0 0 0 0 1 0 1 0 1 -1 0 -1 0 -1 0
27 0 1 1 2 2 3 3 4 4 5 5 6 6 7 7 8 8 9 0 10 10 11 11 12 12 13 13 14 14 15 15 16 16 17 0 18 18 19 19 20 0 21 21 22 22 23 0 24 0 25 0 26 G -1 0 -1 0 -1 0 -1 0 -1 0 -1 0 -1 0 -1 0 -1 0 -1 0 -1 0 -1 0 -1 0 -1 0 -1 0 -1 0 -1 0 0 0 0 0 0 0 0 1 0 1 0 1 -1 0 -1 0 -1 0
27 0 1 1 2 2 3 3 4 4 5 5 6 6 7 7 8 8 9 0 10 10 11 11 12 12 13 13 14 14 15 15 16 16 17 0 18 18 19 19 20 0 21 21 22 0 23 23 24 0 25 25 26 G -1 0 -1 0 -1 0 -1 0 -1 0 -1 0 -1 0 -1 0 -1 0 -1 0 -1 0 -1 0 -1 0 -1 0 -1 0 -1 0 -1 0 -1 0 -1 0 -1 0 0 0 0 0 0 1 0 1 0 2 0 2
27 0 1 1 2 2 3 3 4 4 5 5 6 6 7 7 8 8 9 0 10 10 11 11 12 12 13 13 14 14 15 15 16 16 17 0 18 18 19 19 20 0 21 21 22 0 23 23 24 0 25 0 26 G -1 0 -1 0 -1 0 -1 0 -1 0 -1 0 -1 0 -1 0 -1 0 -1 0 -1 0 -1 0 -1 0 -1 0 -1 0 -1 0 -1 0 -1 0 -1 0 -1 0 0 0 0 0 0 1 0 1 -1 0 -1 0
27 0 1 1 2 2 3 3 4 4 5 5 6 6 7 7 8 8 9 0 10 10 11 11 12 12 13 13 14 14 15 15 16 16 17 0 18 18 19 19 20 0 21 21 22 0 23 0 24 0 25 0 26 G -1 0 -1 0 -1 0 -1 0 -1 0 -1 0 -1 0 -1 0 -1 0 -1 0 -1 0 -1 0 -1 0 -1 0 -1 0 -1 0 -1 0 -1 0 -1 0 -1 0 -1 0 -1 0 -1 0 -1 0 -1 0 -1 0
27 0 1 1 2 2 3 3 4 4 5 5 6 6 7 7 8 8 9 0 10 10 11 11 12 12 13 13 14 14 15 15 16 16 17 0 18 18 19 19 20 0 21 0 22 0 23 0 24 0 25 0 26 G -1 0 -1 0 -1 0 -1 0 -1 0 -1 0 -1 0 -1 0 -1 0 -1 0 -1 0 -1 0 -1 0 -1 0 -1 0 -1 0 -1 0 -1 0 -1 0 -1 0 -1 0 -1 0 -1 0 -1 0 -1 0 -1 0
27 0 1 1 2 2 3 3 4 4 5 5 6 6 7 7 8 8 9 0 10 10 11 11 12 12 13 13 14 14 15 15 16 16 17 0 18 18 19 0 20 20 21 0 22 22 23 0 24 24 25 0 26 G -1 0 -1 0 -1 0 -1 0 -1 0 -1 0 -1 0 -1 0 -1 0 -1 0 -1 0 -1 0 -1 0 -1 0 -1 0 -1 0 -1 0 0 0 0 0 0 1 0 1 0 2 0 2 0 3 0 3 -1 0
27 0 1 1 2 2 3 3 4 4 5 5 6 6 7 7 8 8 9 0 10 10 11 11 12 12 13 13 14 14 15 15 16 16 17 0 18 18 19 0 20 20 21 0 22 22 23 0 24 0 25 0 26 G -1 0 -1 0 -1 0 -1 0 -1 0 -1 0 -1 0 -1 0 -1 0 -1 0 -1 0 -1 0 -1 0 -1 0 -1 0 -1 0 -1 0 0 0 0 0 0 1 0 1 0 2 0 2 -1 0 -1 0 -1 0
27 0 1 1 2 2 3 3 4 4 5 5 6 6 7 7 8 8 9 0 10 10 11 11 12 12 13 13 14 14 15 15 16 16 17 0 18 18 19 0 20 20 21 0 22 0 23 0 24 0 25 0 26 G -1 0 -1 0 -1 0 -1 0 -1 0 -1 0 -1 0 -1 0 -1 0 -1 0 -1 0 -1 0 -1 0 -1 0 -1 0 -1 0 -1 0 0 0 0 0 0 1 0 1 -1 0 -1 0 -1 0 -1 0 -1 0
27 0 1 1 2 2 3 3 4 4 5 5 6 6 7 7 8 8 9 0 10 10 11 11 12 12 13 13 14 14 15 15 16 16 17 0 18 18 19 0 20 0 21 0 22 0 23 0 24 0 25 0 26 G -1 0 -1 0 -1 0 -1 0 -1 0 -1 0 -1 0 -1 0 -1 0 -1 0 -1 0 -1 0 -1 0 -1 0 -1 0 -1 0 -1 0 -1 0 -1 0 -1 0 -1 0 -1 0 -1 0 -1 0 -1 0 -1 0
27 0 1 1 2 2 3 3 4 4 5 5 6 6 7 7 8 8 9 0 10 10 11 11 12 12 13 13 14 14 15 15 16 16 17 0 18 0 19 0 20 0 21 0 22 0 23 0 24 0 25 0 26 G -1 0 -1 0 -1 0 -1 0 -1 0 -1 0 -1 0 -1 0 -1 0 -1 0 -1 0 -1 0 -1 0 -1 0 -1 0 -1 0 -1 0 -1 0 -1 0 -1 0 -1 0 -1 0 -1 0 -1 0 -1 0 -1 0
27 0 1 1 2 2 3 3 4 4 5 5 6 6 7 7 8 8 9 0 10 10 11 11 12 12 13 13 14 14 15 15 16 0 17 17 18 18 19 19 20 20 21 21 22 22 23 0 24 24 25 25 26 G -1 0 -1 0 -1 0 -1 0 -1 0 -1 0 -1 0 -1 0 -1 0 0 0 0 0 0 0 0 0 0 0 0 0 0 0 0 1 0 1 0 1 0 1 0 1 0 1 0 1 -1 0 -1 0 -1 0
27 0 1 1 2 2 3 3 4 4 5 5 6 6 7 7 8 8 9 0 10 10 11 11 12 12 13 13 14 14 15 15 16 0 17 17 18 18 19 19 20 20 21 21 22 22 23 0 24 24 25 0 26 G -1 0 -1 0 -1 0 -1 0 -1 0 -1 0 -1 0 -1 0 -1 0 0 0 0 0 0 0 0 0 0 0 0 0 0 0 0 1 0 1 0 1 0 1 0 1 0 1 0 1 -1 0 -1 0 -1 0
27 0 1 1 2 2 3 3 4 4 5 5 6 6 7 7 8 8 9 0 10 10 11 11 12 12 13 13 14 14 15 15 16 0 17 17 18 18 19 19 20 20 21 21 22 22 23 0 24 0 25 0 26 G -1 0 -1 0 -1 0 -1 0 -1 0 -1 0 -1 0 -1 0 -1 0 0 0 0 0 0 0 0 0 0 0 0 0 0 0 0 1 0 1 0 1 0 1 0 1 0 1 0 1 -1 0 -1 0 -1 0
27 0 1 1 2 2 3 3 4 4 5 5 6 6 7 7 8 8 9 0 10 10 11 11 12 12 13 13 14 14 15 15 16 0 17 17 18 18 19 19 20 20 21 21 22 0 23 23 24 24 25 25 26 G -1 0 -1 0 -1 0 -1 0 -1 0 -1 0 -1 0 -1 0 -1 0 -1 0 -1 0 -1 0 -1 0 -1 0 -1 0 -1 0 -1 0 -1 0 -1 0 -1 0 -1 0 -1 0 -1 0 -1 0 -1 0 -1 0
27 0 1 1 2 2 3 3 4 4 5 5 6 6 7 7 8 8 9 0 10 10 11 11 12 12 13 13 14 14 15 15 16 0 17 17 18 18 19 19 20 20 21 21 22 0 23 23 24 24 25 0 26 G -1 0 -1 0 -1 0 -1 0 -1 0 -1 0 -1 0 -1 0 -1 0 -1 0 -1 0 -1 0 -1 0 -1 0 -1 0 -1 0 -1 0 -1 0 -1 0 -1 0 -1 0 -1 0 -1 0 -1 0 -1 0 -1 0
27 0 1 1 2 2 3 3 4 4 5 5 6 6 7 7 8 8 9 0 10 10 11 11 12 12 13 13 14 14 15 15 16 0 17 17 18 18 19 19 20 20 21 21 22 0 23 23 24 0 25 25 26 G -1 0 -1 0 -1 0 -1 0 -1 0 -1 0 -1 0 -1 0 -1 0 -1 0 -1 0 -1 0 -1 0 -1 0 -1 0 -1 0 -1 0 -1 0 -1 0 -1 0 -1 0 -1 0 0 0 0 0 0 1 0 1
27 0 1 1 2 2 3 3 4 4 5 5 6 6 7 7 8 8 9 0 10 10 11 11 12 12 13 13 14 14 15 15 16 0 17 17 18 18 19 19 20 20 21 21 22 0 23 23 24 0 25 0 26 G -1 0 -1 0 -1 0 -1 0 -1 0 -1 0 -1 0 -1 0 -1 0 -1 0 -1 0 -1 0 -1 0 -1 0 -1 0 -1 0 -1 0 -1 0 -1 0 -1 0 -1 0 -1 0 -1 0 -1 0 -1 0 -1 0
27 0 1 1 2 2 3 3 4 4 5 5 6 6 7 7 8 8 9 0 10 10 11 11 12 12 13 13 14 14 15 15 16 0 17 17 18 18 19 19 20 20 21 21 22 0 23 0 24 0 25 0 26 G -1 0 -1 0 -1 0 -1 0 -1 0 -1 0 -1 0 -1 0 -1 0 -1 0 -1 0 -1 0 -1 0 -1 0 -1 0 -1 0 -1 0 -1 0 -1 0 -1 0 -1 0 -1 0 -1 0 -1 0 -1 0 -1 0
27 0 1 1 2 2 3 3 4 4 5 5 6 6 7 7 8 8 9 0 10 10 11 11 12 12 13 13 14 14 15 15 16 0 17 17 18 18 19 19 20 20 21 0 22 22 23 23 24 24 25 25 26 G -1 0 -1 0 -1 0 -1 0 -1 0 -1 0 -1 0 -1 0 -1 0 -1 0 -1 0 -1 0 -1 0 -1 0 -1 0 -1 0 0 0 0 0 0 0 0 0 0 0 0 1 0 1 0 1 0 1 0 1
27 0 1 1 2 2 3 3 4 4 5 5 6 6 7 7 8 8 9 0 10 10 11 11 12 12 13 13 14 14 15 15 16 0 17 17 18 18 19 19 20 20 21 0 22 22 23 23 24 24 25 0 26 G -1 0 -1 0 -1 0 -1 0 -1 0 -1 0 -1 0 -1 0 -1 0 -1 0 -1 0 -1 0 -1 0 -1 0 -1 0 -1 0 -1 0 -1 0 -1 0 -1 0 -1 0 -1 0 -1 0 -1 0 -1 0 -1 0
27 0 1 1 2 2 3 3 4 4 5 5 6 6 7 7 8 8 9 0 10 10 11 11 12 12 13 13 14 14 15 15 16 0 17 17 18 18 19 19 20 20 21 0 22 22 23 23 24 0 25 25 26 G -1 0 -1 0 -1 0 -1 0 -1 0 -1 0 -1 0 -1 0 -1 0 -1 0 -1 0 -1 0 -1 0 -1 0 -1 0 -1 0 -1 0 -1 0 -1 0 -1 0 -1 0 -1 0 -1 0 -1 0 -1 0 -1 0
27 0 1 1 2 2 3 3 4 4 5 5 6 6 7 7 8 8 9 0 10 10 11 11 12 12 13 13 14 14 15 15 16 0 17 17 18 18 19 19 20 20 21 0 22 22 23 23 24 0 25 0 26 G -1 0 -1 0 -1 0 -1 0 -1 0 -1 0 -1 0 -1 0 -1 0 -1 0 -1 0 -1 0 -1 0 -1 0 -1 0 -1 0 -1 0 -1 0 -1 0 -1 0 -1 0 -1 0 -1 0 -1 0 -1 0 -1 0
27 0 1 1 2 2 3 3 4 4 5 5 6 6 7 7 8 8 9 0 10 10 11 11 12 12 13 13 14 14 15 15 16 0 17 17 18 18 19 19 20 20 21 0 22 22 23 0 24 24 25 0 26 G -1 0 -1 0 -1 0 -1 0 -1 0 -1 0 -1 0 -1 0 -1 0 -1 0 -1 0 -1 0 -1 0 -1 0 -1 0 -1 0 -1 0 -1 0 -1 0 -1 0 -1 0 0 0 0 0 0 1 0 1 -1 0
27 0 1 1 2 2 3 3 4 4 5 5 6 6 7 7 8 8 9 0 10 10 11 11 12 12 13 13 14 14 15 15 16 0 17 17 18 18 19 19 20 20 21 0 22 22 23 0 24 0 25 0 26 G -1 0 -1 0 -1 0 -1 0 -1 0 -1 0 -1 0 -1 0 -1 0 -1 0 -1 0 -1 0 -1 0 -1 0 -1 0 -1 0 -1 0 -1 0 -1 0 -1 0 -1 0 -1 0 -1 0 -1 0 -1 0 -1 0
27 0 1 1 2 2 3 3 4 4 5 5 6 6 7 7 8 8 9 0 10 10 11 11 12 12 13 13 14 14 15 15 16 0 17 17 18 18 19 19 20 20 21 0 22 0 23 0 24 0 25 0 26 G -1 0 -1 0 -1 0 -1 0 -1 0 -1 0 -1 0 -1 0 -1 0 -1 0 -1 0 -1 0 -1 0 -1 0 -1 0 -1 0 -1 0 -1 0 -1 0 -1 0 -1 0 -1 0 -1 0 -1 0 -1 0 -1 0
27 0 1 1 2 2 3 3 4 4 5 5 6 6 7 7 8 8 9 0 10 10 11 11 12 12 13 13 14 14 15 15 16 0 17 17 18 18 19 19 20 0 21 21 22 22 23 23 24 0 25 25 26 G -1 0 -1 0 -1 0 -1 0 -1 0 -1 0 -1 0 -1 0 -1 0 -1 0 -1 0 -1 0 -1 0 -1 0 -1 0 -1 0 0 0 0 0 0 0 0 0 0 1 0 1 0 1 0 1 -1 0 -1 0
27 0 1 1 2 2 3 3 4 4 5 5 6 6 7 7 8 8 9 0 10 10 11 11 12 12 13 13 14 14 15 15 16 0 17 17 18 18 19 19 20 0 21 21 22 22 23 23 24 0 25 0 26 G -1 0 -1 0 -1 0 -1 0 -1 0 -1 0 -1 0 -1 0 -1 0 -1 0 -1 0 -1 0 -1 0 -1 0 -1 0 -1 0 0 0 0 0 0 0 0 0 0 1 0 1 0 1 0 1 -1 0 -1 0
27 0 1 1 2 2 3 3 4 4 5 5 6 6 7 7 8 8 9 0 10 10 11 11 12 12 13 13 14 14 15 15 16 0 17 17 18 18 19 19 20 0 21 21 22 22 23 0 24 24 25 25 26 G -1 0 -1 0 -1 0 -1 0 -1 0 -1 0 -1 0 -1 0 -1 0 -1 0 -1 0 -1 0 -1 0 -1 0 -1 0 -1 0 -1 0 -1 0 -1 0 -1 0 0 0 0 0 0 0 0 1 0 1 0 1
27 0 1 1 2 2 3 3 4 4 5 5 6 6 7 7 8 8 9 0 10 10 11 11 12 12 13 13 14 14 15 15 16 0 17 17 18 18 19 19 20 0 21 21 22 22 23 0 24 24 25 0 26 G -1 0 -1 0 -1 0 -1 0 -1 0 -1 0 -1 0 -1 0 -1 0 -1 0 -1 0 -1 0 -1 0 -1 0 -1 0 -1 0 -1 0 -1 0 -1 0 -1 0 -1 0 -1 0 -1 0 -1 0 -1 0 -1 0
27 0 1 1 2 2 3 3 4 4 5 5 6 6 7 7 8 8 9 0 10 10 11 11 12 12 13 13 14 14 15 15 16 0 17 17 18 18 19 19 20 0 21 21 22 22 23 0 24 0 25 0 26 G -1 0 -1 0 -1 0 -1 0 -1 0 -1 0 -1 0 -1 0 -1 0 -1 0 -1 0 -1 0 -1 0 -1 0 -1 0 -1 0 -1 0 -1 0 -1 0 -1 0 -1 0 -1 0 -1 0 -1 0 -1 0 -1 0
27 0 1 1 2 2 3 3 4 4 5 5 6 6 7 7 8 8 9 0 10 10 11 11 12 12 13 13 14 14 15 15 16 0 17 17 18 18 19 19 20 0 21 21 22 0 23 23 24 0 25 25 26 G -1 0 -1 0 -1 0 -1 0 -1 0 -1 0 -1 0 -1 0 -1 0 -1 0 -1 0 -1 0 -1 0 -1 0 -1 0 -1 0 -1 0 -1 0 -1 0 -1 0 0 0 0 0 0 1 0 1 0 2 0 2
27 0 1 1 2 2 3 3 4 4 5 5 6 6 7 7 8 8 9 0 10 10 11 11 12 12 13 13 14 14 15 15 16 0 17 17 18 18 19 19 20 0 21 21 22 0 23 23 24 0 25 0 26 G -1 0 -1 0 -1 0 -1 0 -1 0 -1 0 -1 0 -1 0 -1 0 -1 0 -1 0 -1 0 -1 0 -1 0 -1 0 -1 0 -1 0 -1 0 -1 0 -1 0 0 0 0 0 0 1 0 1 -1 0 -1 0
27 0 1 1 2 2 3 3 4 4 5 5 6 6 7 7 8 8 9 0 10 10 11 11 12 12 13 13 14 14 15 15 16 0 17 17 18 18 19 19 20 0 21 21 22 0 23 0 24 0 25 0 26 G -1 0 -1 0 -1 0 -1 0 -1 0 -1 0 -1 0 -1 0 -1 0 -1 0 -1 0 -1 0 -1 0 -1 0 -1 0 -1 0 -1 0 -1 0 -1 0 -1 0 -1 0 -1 0 -1 0 -1 0 -1 0 -1 0
27 0 1 1 2 2 3 3 4 4 5 5 6 6 7 7 8 8 9 0 10 10 11 11 12 12 13 13 14 14 15 15 16 0 17 17 18 18 19 19 20 0 21 0 22 0 23 0 24 0 25 0 26 G -1 0 -1 0 -1 0 -1 0 -1 0 -1 0 -1 0 -1 0 -1 0 -1 0 -1 0 -1 0 -1 0 -1 0 -1 0 -1 0 -1 0 -1 0 -1 0 -1 0 -1 0 -1 0 -1 0 -1 0 -1 0 -1 0
27 0 1 1 2 2 3 3 4 4 5 5 6 6 7 7 8 8 9 0 10 10 11 11 12 12 13 13 14 14 15 15 16 0 17 17 18 18 19 0 20 20 21 21 22 0 23 23 24 24 25 0 26 G -1 0 -1 0 -1 0 -1 0 -1 0 -1 0 -1 0 -1 0 -1 0 -1 0 -1 0 -1 0 -1 0 -1 0 -1 0 -1 0 0 0 0 0 0 0 0 1 0 1 0 1 0 2 0 2 0 2 -1 0
27 0 1 1 2 2 3 3 4 4 5 5 6 6 7 7 8 8 9 0 10 10 11 11 12 12 13 13 14 14 15 15 16 0 17 17 18 18 19 0 20 20 21 21 22 0 23 23 24 0 25 25 26 G -1 0 -1 0 -1 0 -1 0 -1 0 -1 0 -1 0 -1 0 -1 0 -1 0 -1 0 -1 0 -1 0 -1 0 -1 0 -1 0 1 0 1 0 1 0 1 1 1 1 1 1 0 0 0 0 0 1 0 1
27 0 1 1 2 2 3 3 4 4 5 5 6 6 7 7 8 8 9 0 10 10 11 11 12 12 13 13 14 14 15 15 16 0 17 17 18 18 19 0 20 20 21 21 22 0 23 23 24 0 25 0 26 G -1 0 -1 0 -1 0 -1 0 -1 0 -1 0 -1 0 -1 0 -1 0 -1 0 -1 0 -1 0 -1 0 -1 0 -1 0 -1 0 0 0 0 0 0 0 0 1 0 1 0 1 -1 0 -1 0 -1 0 -1 0
27 0 1 1 2 2 3 3 4 4 5 5 6 6 7 7 8 8 9 0 10 10 11 11 12 12 13 13 14 14 15 15 16 0 17 17 18 18 19 0 20 20 21 21 22 0 23 0 24 0 25 0 26 G -1 0 -1 0 -1 0 -1 0 -1 0 -1 0 -1 0 -1 0 -1 0 -1 0 -1 0 -1 0 -1 0 -1 0 -1 0 -1 0 0 0 0 0 0 0 0 1 0 1 0 1 -1 0 -1 0 -1 0 -1 0
27 0 1 1 2 2 3 3 4 4 5 5 6 6 7 7 8 8 9 0 10 10 11 11 12 12 13 13 14 14 15 15 16 0 17 17 18 18 19 0 20 20 21 0 22 22 23 0 24 24 25 0 26 G -1 0 -1 0 -1 0 -1 0 -1 0 -1 0 -1 0 -1 0 -1 0 -1 0 -1 0 -1 0 -1 0 -1 0 -1 0 -1 0 -1 0 -1 0 -1 0 0 0 0 0 0 1 0 1 0 2 0 2 -1 0
27 0 1 1 2 2 3 3 4 4 5 5 6 6 7 7 8 8 9 0 10 10 11 11 12 12 13 13 14 14 15 15 16 0 17 17 18 18 19 0 20 20 21 0 22 22 23 0 24 0 25 0 26 G -1 0 -1 0 -1 0 -1 0 -1 0 -1 0 -1 0 -1 0 -1 0 -1 0 -1 0 -1 0 -1 0 -1 0 -1 0 -1 0 -1 0 -1 0 -1 0 0 0 0 0 0 1 0 1 -1 0 -1 0 -1 0
27 0 1 1 2 2 3 3 4 4 5 5 6 6 7 7 8 8 9 0 10 10 11 11 12 12 13 13 14 14 15 15 16 0 17 17 18 18 19 0 20 20 21 0 22 0 23 0 24 0 25 0 26 G -1 0 -1 0 -1 0 -1 0 -1 0 -1 0 -1 0 -1 0 -1 0 -1 0 -1 0 -1 0 -1 0 -1 0 -1 0 -1 0 -1 0 -1 0 -1 0 -1 0 -1 0 -1 0 -1 0 -1 0 -1 0 -1 0
27 0 1 1 2 2 3 3 4 4 5 5 6 6 7 7 8 8 9 0 10 10 11 11 12 12 13 13 14 14 15 15 16 0 17 17 18 18 19 0 20 0 21 0 22 0 23 0 24 0 25 0 26 G -1 0 -1 0 -1 0 -1 0 -1 0 -1 0 -1 0 -1 0 -1 0 -1 0 -1 0 -1 0 -1 0 -1 0 -1 0 -1 0 -1 0 -1 0 -1 0 -1 0 -1 0 -1 0 -1 0 -1 0 -1 0 -1 0
27 0 1 1 2 2 3 3 4 4 5 5 6 6 7 7 8 8 9 0 10 10 11 11 12 12 13 13 14 14 15 15 16 0 17 17 18 0 19 19 20 0 21 21 22 0 23 23 24 0 25 25 26 G -1 0 -1 0 -1 0 -1 0 -1 0 -1 0 -1 0 -1 0 -1 0 -1 0 -1 0 -1 0 -1 0 -1 0 -1 0 -1 0 0 0 0 0 0 1 0 1 0 2 0 2 0 3 0 3 0 4 0 4
27 0 1 1 2 2 3 3 4 4 5 5 6 6 7 7 8 8 9 0 10 10 11 11 12 12 13 13 14 14 15 15 16 0 17 17 18 0 19 19 20 0 21 21 22 0 23 23 24 0 25 0 26 G -1 0 -1 0 -1 0 -1 0 -1 0 -1 0 -1 0 -1 0 -1 0 -1 0 -1 0 -1 0 -1 0 -1 0 -1 0 -1 0 0 0 0 0 0 1 0 1 0 2 0 2 0 3 0 3 -1 0 -1 0
27 0 1 1 2 2 3 3 4 4 5 5 6 6 7 7 8 8 9 0 10 10 11 11 12 12 13 13 14 14 15 15 16 0 17 17 18 0 19 19 20 0 21 21 22 0 23 0 24 0 25 0 26 G -1 0 -1 0 -1 0 -1 0 -1 0 -1 0 -1 0 -1 0 -1 0 -1 0 -1 0 -1 0 -1 0 -1 0 -1 0 -1 0 0 0 0 0 0 1 0 1 0 2 0 2 -1 0 -1 0 -1 0 -1 0
27 0 1 1 2 2 3 3 4 4 5 5 6 6 7 7 8 8 9 0 10 10 11 11 12 12 13 13 14 14 15 15 16 0 17 17 18 0 19 19 20 0 21 0 22 0 23 0 24 0 25 0 26 G -1 0 -1 0 -1 0 -1 0 -1 0 -1 0 -1 0 -1 0 -1 0 -1 0 -1 0 -1 0 -1 0 -1 0 -1 0 -1 0 0 0 0 0 0 1 0 1 -1 0 -1 0 -1 0 -1 0 -1 0 -1 0
27 0 1 1 2 2 3 3 4 4 5 5 6 6 7 7 8 8 9 0 10 10 11 11 12 12 13 13 14 14 15 15 16 0 17 17 18 0 19 0 20 0 21 0 22 0 23 0 24 0 25 0 26 G -1 0 -1 0 -1 0 -1 0 -1 0 -1 0 -1 0 -1 0 -1 0 -1 0 -1 0 -1 0 -1 0 -1 0 -1 0 -1 0 -1 0 -1 0 -1 0 -1 0 -1 0 -1 0 -1 0 -1 0 -1 0 -1 0
27 0 1 1 2 2 3 3 4 4 5 5 6 6 7 7 8 8 9 0 10 10 11 11 12 12 13 13 14 14 15 15 16 0 17 0 18 0 19 0 20 0 21 0 22 0 23 0 24 0 25 0 26 G -1 0 -1 0 -1 0 -1 0 -1 0 -1 0 -1 0 -1 0 -1 0 -1 0 -1 0 -1 0 -1 0 -1 0 -1 0 -1 0 -1 0 -1 0 -1 0 -1 0 -1 0 -1 0 -1 0 -1 0 -1 0 -1 0
27 0 1 1 2 2 3 3 4 4 5 5 6 6 7 7 8 8 9 0 10 10 11 11 12 12 13 13 14 14 15 0 16 16 17 17 18 18 19 19 20 20 21 0 22 22 23 23 24 24 25 25 26 G -1 0 -1 0 -1 0 -1 0 -1 0 -1 0 -1 0 -1 0 -1 0 0 0 0 0 0 0 0 0 0 0 0 0 0 1 0 1 0 1 0 1 0 1 0 1 -1 0 -1 0 -1 0 -1 0 -1 0
27 0 1 1 2 2 3 3 4 4 5 5 6 6 7 7 8 8 9 0 10 10 11 11 12 12 13 13 14 14 15 0 16 16 17 17 18 18 19 19 20 20 21 0 22 22 23 23 24 24 25 0 26 G -1 0 -1 0 -1 0 -1 0 -1 0 -1 0 -1 0 -1 0 -1 0 0 0 0 0 0 0 0 0 0 0 0 0 0 1 0 1 0 1 0 1 0 1 0 1 -1 0 -1 0 -1 0 -1 0 -1 0
27 0 1 1 2 2 3 3 4 4 5 5 6 6 7 7 8 8 9 0 10 10 11 11 12 12 13 13 14 14 15 0 16 16 17 17 18 18 19 19 20 20 21 0 22 22 23 23 24 0 25 25 26 G -1 0 -1 0 -1 0 -1 0 -1 0 -1 0 -1 0 -1 0 -1 0 0 0 0 0 0 0 0 0 0 0 0 0 0 1 0 1 0 1 0 1 0 1 0 1 -1 0 -1 0 -1 0 -1 0 -1 0
27 0 1 1 2 2 3 3 4 4 5 5 6 6 7 7 8 8 9 0 10 10 11 11 12 12 13 13 14 14 15 0 16 16 17 17 18 18 19 19 20 20 21 0 22 22 23 23 24 0 25 0 26 G -1 0 -1 0 -1 0 -1 0 -1 0 -1 0 -1 0 -1 0 -1 0 0 0 0 0 0 0 0 0 0 0 0 0 0 1 0 1 0 1 0 1 0 1 0 1 -1 0 -1 0 -1 0 -1 0 -1 0
27 0 1 1 2 2 3 3 4 4 5 5 6 6 7 7 8 8 9 0 10 10 11 11 12 12 13 13 14 14 15 0 16 16 17 17 18 18 19 19 20 20 21 0 22 22 23 0 24 24 25 0 26 G -1 0 -1 0 -1 0 -1 0 -1 0 -1 0 -1 0 -1 0 -1 0 1 0 1 0 1 0 1 0 1 0 1 0 1 1 1 1 1 1 1 1 1 1 1 1 0 0 0 0 0 1 0 1 -1 0
27 0 1 1 2 2 3 3 4 4 5 5 6 6 7 7 8 8 9 0 10 10 11 11 12 12 13 13 14 14 15 0 16 16 17 17 18 18 19 19 20 20 21 0 22 22 23 0 24 0 25 0 26 G -1 0 -1 0 -1 0 -1 0 -1 0 -1 0 -1 0 -1 0 -1 0 0 0 0 0 0 0 0 0 0 0 0 0 0 1 0 1 0 1 0 1 0 1 0 1 -1 0 -1 0 -1 0 -1 0 -1 0
27 0 1 1 2 2 3 3 4 4 5 5 6 6 7 7 8 8 9 0 10 10 11 11 12 12 13 13 14 14 15 0 16 16 17 17 18 18 19 19 20 20 21 0 22 0 23 0 24 0 25 0 26 G -1 0 -1 0 -1 0 -1 0 -1 0 -1 0 -1 0 -1 0 -1 0 0 0 0 0 0 0 0 0 0 0 0 0 0 1 0 1 0 1 0 1 0 1 0 1 -1 0 -1 0 -1 0 -1 0 -1 0
27 0 1 1 2 2 3 3 4 4 5 5 6 6 7 7 8 8 9 0 10 10 11 11 12 12 13 13 14 14 15 0 16 16 17 17 18 18 19 19 20 0 21 21 22 22 23 23 24 24 25 0 26 G -1 0 -1 0 -1 0 -1 0 -1 0 -1 0 -1 0 -1 0 -1 0 -1 0 -1 0 -1 0 -1 0 -1 0 -1 0 0 0 0 0 0 0 0 0 0 0 0 1 0 1 0 1 0 1 0 1 -1 0
27 0 1 1 2 2 3 3 4 4 5 5 6 6 7 7 8 8 9 0 10 10 11 11 12 12 13 13 14 14 15 0 16 16 17 17 18 18 19 19 20 0 21 21 22 22 23 23 24 0 25 25 26 G -1 0 -1 0 -1 0 -1 0 -1 0 -1 0 -1 0 -1 0 -1 0 -1 0 -1 0 -1 0 -1 0 -1 0 -1 0 -1 0 -1 0 -1 0 -1 0 -1 0 -1 0 -1 0 -1 0 -1 0 -1 0 -1 0
27 0 1 1 2 2 3 3 4 4 5 5 6 6 7 7 8 8 9 0 10 10 11 11 12 12 13 13 14 14 15 0 16 16 17 17 18 18 19 19 20 0 21 21 22 22 23 23 24 0 25 0 26 G -1 0 -1 0 -1 0 -1 0 -1 0 -1 0 -1 0 -1 0 -1 0 -1 0 -1 0 -1 0 -1 0 -1 0 -1 0 -1 0 -1 0 -1 0 -1 0 -1 0 -1 0 -1 0 -1 0 -1 0 -1 0 -1 0
27 0 1 1 2 2 3 3 4 4 5 5 6 6 7 7 8 8 9 0 10 10 11 11 12 12 13 13 14 14 15 0 16 16 17 17 18 18 19 19 20 0 21 21 22 22 23 0 24 24 25 25 26 G -1 0 -1 0 -1 0 -1 0 -1 0 -1 0 -1 0 -1 0 -1 0 -1 0 -1 0 -1 0 -1 0 -1 0 -1 0 -1 0 -1 0 -1 0 -1 0 -1 0 0 0 0 0 0 0 0 1 0 1 0 1
27 0 1 1 2 2 3 3 4 4 5 5 6 6 7 7 8 8 9 0 10 10 11 11 12 12 13 13 14 14 15 0 16 16 17 17 18 18 19 19 20 0 21 21 22 22 23 0 24 24 25 0 26 G -1 0 -1 0 -1 0 -1 0 -1 0 -1 0 -1 0 -1 0 -1 0 -1 0 -1 0 -1 0 -1 0 -1 0 -1 0 -1 0 -1 0 -1 0 -1 0 -1 0 -1 0 -1 0 -1 0 -1 0 -1 0 -1 0
27 0 1 1 2 2 3 3 4 4 5 5 6 6 7 7 8 8 9 0 10 10 11 11 12 12 13 13 14 14 15 0 16 16 17 17 18 18 19 19 20 0 21 21 22 22 23 0 24 0 25 0 26 G -1 0 -1 0 -1 0 -1 0 -1 0 -1 0 -1 0 -1 0 -1 0 -1 0 -1 0 -1 0 -1 0 -1 0 -1 0 -1 0 -1 0 -1 0 -1 0 -1 0 -1 0 -1 0 -1 0 -1 0 -1 0 -1 0
27 0 1 1 2 2 3 3 4 4 5 5 6 6 7 7 8 8 9 0 10 10 11 11 12 12 13 13 14 14 15 0 16 16 17 17 18 18 19 19 20 0 21 21 22 0 23 23 24 0 25 25 26 G -1 0 -1 0 -1 0 -1 0 -1 0 -1 0 -1 0 -1 0 -1 0 -1 0 -1 0 -1 0 -1 0 -1 0 -1 0 -1 0 -1 0 -1 0 -1 0 -1 0 0 0 0 0 0 1 0 1 0 2 0 2
27 0 1 1 2 2 3 3 4 4 5 5 6 6 7 7 8 8 9 0 10 10 11 11 12 12 13 13 14 14 15 0 16 16 17 17 18 18 19 19 20 0 21 21 22 0 23 23 24 0 25 0 26 G -1 0 -1 0 -1 0 -1 0 -1 0 -1 0 -1 0 -1 0 -1 0 -1 0 -1 0 -1 0 -1 0 -1 0 -1 0 -1 0 -1 0 -1 0 -1 0 -1 0 0 0 0 0 0 1 0 1 -1 0 -1 0
27 0 1 1 2 2 3 3 4 4 5 5 6 6 7 7 8 8 9 0 10 10 11 11 12 12 13 13 14 14 15 0 16 16 17 17 18 18 19 19 20 0 21 21 22 0 23 0 24 0 25 0 26 G -1 0 -1 0 -1 0 -1 0 -1 0 -1 0 -1 0 -1 0 -1 0 -1 0 -1 0 -1 0 -1 0 -1 0 -1 0 -1 0 -1 0 -1 0 -1 0 -1 0 -1 0 -1 0 -1 0 -1 0 -1 0 -1 0
27 0 1 1 2 2 3 3 4 4 5 5 6 6 7 7 8 8 9 0 10 10 11 11 12 12 13 13 14 14 15 0 16 16 17 17 18 18 19 19 20 0 21 0 22 0 23 0 24 0 25 0 26 G -1 0 -1 0 -1 0 -1 0 -1 0 -1 0 -1 0 -1 0 -1 0 -1 0 -1 0 -1 0 -1 0 -1 0 -1 0 -1 0 -1 0 -1 0 -1 0 -1 0 -1 0 -1 0 -1 0 -1 0 -1 0 -1 0
27 0 1 1 2 2 3 3 4 4 5 5 6 6 7 7 8 8 9 0 10 10 11 11 12 12 13 13 14 14 15 0 16 16 17 17 18 18 19 0 20 20 21 21 22 22 23 0 24 24 25 25 26 G -1 0 -1 0 -1 0 -1 0 -1 0 -1 0 -1 0 -1 0 -1 0 -1 0 -1 0 -1 0 -1 0 -1 0 -1 0 0 0 0 0 0 0 0 0 0 1 0 1 0 1 0 1 -1 0 -1 0 -1 0
27 0 1 1 2 2 3 3 4 4 5 5 6 6 7 7 8 8 9 0 10 10 11 11 12 12 13 13 14 14 15 0 16 16 17 17 18 18 19 0 20 20 21 21 22 22 23 0 24 24 25 0 26 G -1 0 -1 0 -1 0 -1 0 -1 0 -1 0 -1 0 -1 0 -1 0 -1 0 -1 0 -1 0 -1 0 -1 0 -1 0 0 0 0 0 0 0 0 0 0 1 0 1 0 1 0 1 -1 0 -1 0 -1 0
27 0 1 1 2 2 3 3 4 4 5 5 6 6 7 7 8 8 9 0 10 10 11 11 12 12 13 13 14 14 15 0 16 16 17 17 18 18 19 0 20 20 21 21 22 22 23 0 24 0 25 0 26 G -1 0 -1 0 -1 0 -1 0 -1 0 -1 0 -1 0 -1 0 -1 0 -1 0 -1 0 -1 0 -1 0 -1 0 -1 0 0 0 0 0 0 0 0 0 0 1 0 1 0 1 0 1 -1 0 -1 0 -1 0
27 0 1 1 2 2 3 3 4 4 5 5 6 6 7 7 8 8 9 0 10 10 11 11 12 12 13 13 14 14 15 0 16 16 17 17 18 18 19 0 20 20 21 21 22 0 23 23 24 24 25 0 26 G -1 0 -1 0 -1 0 -1 0 -1 0 -1 0 -1 0 -1 0 -1 0 -1 0 -1 0 -1 0 -1 0 -1 0 -1 0 -1 0 -1 0 -1 0 -1 0 0 0 0 0 0 0 0 1 0 1 0 1 -1 0
27 0 1 1 2 2 3 3 4 4 5 5 6 6 7 7 8 8 9 0 10 10 11 11 12 12 13 13 14 14 15 0 16 16 17 17 18 18 19 0 20 20 21 21 22 0 23 23 24 0 25 25 26 G -1 0 -1 0 -1 0 -1 0 -1 0 -1 0 -1 0 -1 0 -1 0 -1 0 -1 0 -1 0 -1 0 -1 0 -1 0 -1 0 -1 0 -1 0 -1 0 -1 0 -1 0 -1 0 0 0 0 0 0 1 0 1
27 0 1 1 2 2 3 3 4 4 5 5 6 6 7 7 8 8 9 0 10 10 11 11 12 12 13 13 14 14 15 0 16 16 17 17 18 18 19 0 20 20 21 21 22 0 23 23 24 0 25 0 26 G -1 0 -1 0 -1 0 -1 0 -1 0 -1 0 -1 0 -1 0 -1 0 -1 0 -1 0 -1 0 -1 0 -1 0 -1 0 -1 0 -1 0 -1 0 -1 0 -1 0 -1 0 -1 0 -1 0 -1 0 -1 0 -1 0
27 0 1 1 2 2 3 3 4 4 5 5 6 6 7 7 8 8 9 0 10 10 11 11 12 12 13 13 14 14 15 0 16 16 17 17 18 18 19 0 20 20 21 21 22 0 23 0 24 0 25 0 26 G -1 0 -1 0 -1 0 -1 0 -1 0 -1 0 -1 0 -1 0 -1 0 -1 0 -1 0 -1 0 -1 0 -1 0 -1 0 -1 0 -1 0 -1 0 -1 0 -1 0 -1 0 -1 0 -1 0 -1 0 -1 0 -1 0
27 0 1 1 2 2 3 3 4 4 5 5 6 6 7 7 8 8 9 0 10 10 11 11 12 12 13 13 14 14 15 0 16 16 17 17 18 18 19 0 20 20 21 0 22 22 23 0 24 24 25 0 26 G -1 0 -1 0 -1 0 -1 0 -1 0 -1 0 -1 0 -1 0 -1 0 -1 0 -1 0 -1 0 -1 0 -1 0 -1 0 -1 0 -1 0 -1 0 -1 0 0 0 0 0 0 1 0 1 0 2 0 2 -1 0
27 0 1 1 2 2 3 3 4 4 5 5 6 6 7 7 8 8 9 0 10 10 11 11 12 12 13 13 14 14 15 0 16 16 17 17 18 18 19 0 20 20 21 0 22 22 23 0 24 0 25 0 26 G -1 0 -1 0 -1 0 -1 0 -1 0 -1 0 -1 0 -1 0 -1 0 -1 0 -1 0 -1 0 -1 0 -1 0 -1 0 -1 0 -1 0 -1 0 -1 0 0 0 0 0 0 1 0 1 -1 0 -1 0 -1 0
27 0 1 1 2 2 3 3 4 4 5 5 6 6 7 7 8 8 9 0 10 10 11 11 12 12 13 13 14 14 15 0 16 16 17 17 18 18 19 0 20 20 21 0 22 0 23 0 24 0 25 0 26 G -1 0 -1 0 -1 0 -1 0 -1 0 -1 0 -1 0 -1 0 -1 0 -1 0 -1 0 -1 0 -1 0 -1 0 -1 0 -1 0 -1 0 -1 0 -1 0 -1 0 -1 0 -1 0 -1 0 -1 0 -1 0 -1 0
27 0 1 1 2 2 3 3 4 4 5 5 6 6 7 7 8 8 9 0 10 10 11 11 12 12 13 13 14 14 15 0 16 16 17 17 18 18 19 0 20 0 21 0 22 0 23 0 24 0 25 0 26 G -1 0 -1 0 -1 0 -1 0 -1 0 -1 0 -1 0 -1 0 -1 0 -1 0 -1 0 -1 0 -1 0 -1 0 -1 0 -1 0 -1 0 -1 0 -1 0 -1 0 -1 0 -1 0 -1 0 -1 0 -1 0 -1 0
27 0 1 1 2 2 3 3 4 4 5 5 6 6 7 7 8 8 9 0 10 10 11 11 12 12 13 13 14 14 15 0 16 16 17 17 18 0 19 19 20 20 21 0 22 22 23 23 24 0 25 25 26 G -1 0 -1 0 -1 0 -1 0 -1 0 -1 0 -1 0 -1 0 -1 0 -1 0 -1 0 -1 0 -1 0 -1 0 -1 0 0 0 0 0 0 0 0 1 0 1 0 1 0 2 0 2 0 2 -1 0 -1 0
27 0 1 1 2 2 3 3 4 4 5 5 6 6 7 7 8 8 9 0 10 10 11 11 12 12 13 13 14 14 15 0 16 16 17 17 18 0 19 19 20 20 21 0 22 22 23 23 24 0 25 0 26 G -1 0 -1 0 -1 0 -1 0 -1 0 -1 0 -1 0 -1 0 -1 0 -1 0 -1 0 -1 0 -1 0 -1 0 -1 0 0 0 0 0 0 0 0 1 0 1 0 1 0 2 0 2 0 2 -1 0 -1 0
27 0 1 1 2 2 3 3 4 4 5 5 6 6 7 7 8 8 9 0 10 10 11 11 12 12 13 13 14 14 15 0 16 16 17 17 18 0 19 19 20 20 21 0 22 22 23 0 24 24 25 0 26 G -1 0 -1 0 -1 0 -1 0 -1 0 -1 0 -1 0 -1 0 -1 0 -1 0 -1 0 -1 0 -1 0 -1 0 -1 0 1 0 1 0 1 0 1 1 1 1 1 1 0 0 0 0 0 1 0 1 -1 0
27 0 1 1 2 2 3 3 4 4 5 5 6 6 7 7 8 8 9 0 10 10 11 11 12 12 13 13 14 14 15 0 16 16 17 17 18 0 19 19 20 20 21 0 22 22 23 0 24 0 25 0 26 G -1 0 -1 0 -1 0 -1 0 -1 0 -1 0 -1 0 -1 0 -1 0 -1 0 -1 0 -1 0 -1 0 -1 0 -1 0 0 0 0 0 0 0 0 1 0 1 0 1 -1 0 -1 0 -1 0 -1 0 -1 0
27 0 1 1 2 2 3 3 4 4 5 5 6 6 7 7 8 8 9 0 10 10 11 11 12 12 13 13 14 14 15 0 16 16 17 17 18 0 19 19 20 20 21 0 22 0 23 0 24 0 25 0 26 G -1 0 -1 0 -1 0 -1 0 -1 0 -1 0 -1 0 -1 0 -1 0 -1 0 -1 0 -1 0 -1 0 -1 0 -1 0 0 0 0 0 0 0 0 1 0 1 0 1 -1 0 -1 0 -1 0 -1 0 -1 0
27 0 1 1 2 2 3 3 4 4 5 5 6 6 7 7 8 8 9 0 10 10 11 11 12 12 13 13 14 14 15 0 16 16 17 17 18 0 19 19 20 0 21 21 22 0 23 23 24 0 25 25 26 G -1 0 -1 0 -1 0 -1 0 -1 0 -1 0 -1 0 -1 0 -1 0 -1 0 -1 0 -1 0 -1 0 -1 0 -1 0 -1 0 -1 0 -1 0 0 0 0 0 0 1 0 1 0 2 0 2 0 3 0 3
27 0 1 1 2 2 3 3 4 4 5 5 6 6 7 7 8 8 9 0 10 10 11 11 12 12 13 13 14 14 15 0 16 16 17 17 18 0 19 19 20 0 21 21 22 0 23 23 24 0 25 0 26 G -1 0 -1 0 -1 0 -1 0 -1 0 -1 0 -1 0 -1 0 -1 0 -1 0 -1 0 -1 0 -1 0 -1 0 -1 0 -1 0 -1 0 -1 0 0 0 0 0 0 1 0 1 0 2 0 2 -1 0 -1 0
27 0 1 1 2 2 3 3 4 4 5 5 6 6 7 7 8 8 9 0 10 10 11 11 12 12 13 13 14 14 15 0 16 16 17 17 18 0 19 19 20 0 21 21 22 0 23 0 24 0 25 0 26 G -1 0 -1 0 -1 0 -1 0 -1 0 -1 0 -1 0 -1 0 -1 0 -1 0 -1 0 -1 0 -1 0 -1 0 -1 0 -1 0 -1 0 -1 0 0 0 0 0 0 1 0 1 -1 0 -1 0 -1 0 -1 0
27 0 1 1 2 2 3 3 4 4 5 5 6 6 7 7 8 8 9 0 10 10 11 11 12 12 13 13 14 14 15 0 16 16 17 17 18 0 19 19 20 0 21 0 22 0 23 0 24 0 25 0 26 G -1 0 -1 0 -1 0 -1 0 -1 0 -1 0 -1 0 -1 0 -1 0 -1 0 -1 0 -1 0 -1 0 -1 0 -1 0 -1 0 -1 0 -1 0 -1 0 -1 0 -1 0 -1 0 -1 0 -1 0 -1 0 -1 0
27 0 1 1 2 2 3 3 4 4 5 5 6 6 7 7 8 8 9 0 10 10 11 11 12 12 13 13 14 14 15 0 16 16 17 17 18 0 19 0 20 0 21 0 22 0 23 0 24 0 25 0 26 G -1 0 -1 0 -1 0 -1 0 -1 0 -1 0 -1 0 -1 0 -1 0 -1 0 -1 0 -1 0 -1 0 -1 0 -1 0 -1 0 -1 0 -1 0 -1 0 -1 0 -1 0 -1 0 -1 0 -1 0 -1 0 -1 0
27 0 1 1 2 2 3 3 4 4 5 5 6 6 7 7 8 8 9 0 10 10 11 11 12 12 13 13 14 14 15 0 16 16 17 0 18 18 19 0 20 20 21 0 22 22 23 0 24 24 25 0 26 G -1 0 -1 0 -1 0 -1 0 -1 0 -1 0 -1 0 -1 0 -1 0 -1 0 -1 0 -1 0 -1 0 -1 0 -1 0 0 0 0 0 0 1 0 1 0 2 0 2 0 3 0 3 0 4 0 4 -1 0
27 0 1 1 2 2 3 3 4 4 5 5 6 6 7 7 8 8 9 0 10 10 11 11 12 12 13 13 14 14 15 0 16 16 17 0 18 18 19 0 20 20 21 0 22 22 23 0 24 0 25 0 26 G -1 0 -1 0 -1 0 -1 0 -1 0 -1 0 -1 0 -1 0 -1 0 -1 0 -1 0 -1 0 -1 0 -1 0 -1 0 0 0 0 0 0 1 0 1 0 2 0 2 0 3 0 3 -1 0 -1 0 -1 0
27 0 1 1 2 2 3 3 4 4 5 5 6 6 7 7 8 8 9 0 10 10 11 11 12 12 13 13 14 14 15 0 16 16 17 0 18 18 19 0 20 20 21 0 22 0 23 0 24 0 25 0 26 G -1 0 -1 0 -1 0 -1 0 -1 0 -1 0 -1 0 -1 0 -1 0 -1 0 -1 0 -1 0 -1 0 -1 0 -1 0 0 0 0 0 0 1 0 1 0 2 0 2 -1 0 -1 0 -1 0 -1 0 -1 0
27 0 1 1 2 2 3 3 4 4 5 5 6 6 7 7 8 8 9 0 10 10 11 11 12 12 13 13 14 14 15 0 16 16 17 0 18 18 19 0 20 0 21 0 22 0 23 0 24 0 25 0 26 G -1 0 -1 0 -1 0 -1 0 -1 0 -1 0 -1 0 -1 0 -1 0 -1 0 -1 0 -1 0 -1 0 -1 0 -1 0 0 0 0 0 0 1 0 1 -1 0 -1 0 -1 0 -1 0 -1 0 -1 0 -1 0
27 0 1 1 2 2 3 3 4 4 5 5 6 6 7 7 8 8 9 0 10 10 11 11 12 12 13 13 14 14 15 0 16 16 17 0 18 0 19 0 20 0 21 0 22 0 23 0 24 0 25 0 26 G -1 0 -1 0 -1 0 -1 0 -1 0 -1 0 -1 0 -1 0 -1 0 -1 0 -1 0 -1 0 -1 0 -1 0 -1 0 -1 0 -1 0 -1 0 -1 0 -1 0 -1 0 -1 0 -1 0 -1 0 -1 0 -1 0
27 0 1 1 2 2 3 3 4 4 5 5 6 6 7 7 8 8 9 0 10 10 11 11 12 12 13 13 14 14 15 0 16 0 17 0 18 0 19 0 20 0 21 0 22 0 23 0 24 0 25 0 26 G -1 0 -1 0 -1 0 -1 0 -1 0 -1 0 -1 0 -1 0 -1 0 -1 0 -1 0 -1 0 -1 0 -1 0 -1 0 -1 0 -1 0 -1 0 -1 0 -1 0 -1 0 -1 0 -1 0 -1 0 -1 0 -1 0
27 0 1 1 2 2 3 3 4 4 5 5 6 6 7 7 8 8 9 0 10 10 11 11 12 12 13 13 14 0 15 15 16 16 17 17 18 18 19 0 20 20 21 21 22 22 23 23 24 0 25 25 26 G -1 0 -1 0 -1 0 -1 0 -1 0 -1 0 -1 0 -1 0 -1 0 0 0 0 0 0 0 0 0 0 0 0 1 0 1 0 1 0 1 0 1 0 2 0 2 0 2 0 2 0 2 -1 0 -1 0
27 0 1 1 2 2 3 3 4 4 5 5 6 6 7 7 8 8 9 0 10 10 11 11 12 12 13 13 14 0 15 15 16 16 17 17 18 18 19 0 20 20 21 21 22 22 23 23 24 0 25 0 26 G -1 0 -1 0 -1 0 -1 0 -1 0 -1 0 -1 0 -1 0 -1 0 0 0 0 0 0 0 0 0 0 0 0 1 0 1 0 1 0 1 0 1 0 2 0 2 0 2 0 2 0 2 -1 0 -1 0
27 0 1 1 2 2 3 3 4 4 5 5 6 6 7 7 8 8 9 0 10 10 11 11 12 12 13 13 14 0 15 15 16 16 17 17 18 18 19 0 20 20 21 21 22 22 23 0 24 24 25 25 26 G -1 0 -1 0 -1 0 -1 0 -1 0 -1 0 -1 0 -1 0 -1 0 0 0 0 0 0 0 0 0 0 0 0 1 0 1 0 1 0 1 0 1 -1 0 -1 0 -1 0 -1 0 -1 0 -1 0 -1 0
27 0 1 1 2 2 3 3 4 4 5 5 6 6 7 7 8 8 9 0 10 10 11 11 12 12 13 13 14 0 15 15 16 16 17 17 18 18 19 0 20 20 21 21 22 22 23 0 24 24 25 0 26 G -1 0 -1 0 -1 0 -1 0 -1 0 -1 0 -1 0 -1 0 -1 0 0 0 0 0 0 0 0 0 0 0 0 1 0 1 0 1 0 1 0 1 -1 0 -1 0 -1 0 -1 0 -1 0 -1 0 -1 0
27 0 1 1 2 2 3 3 4 4 5 5 6 6 7 7 8 8 9 0 10 10 11 11 12 12 13 13 14 0 15 15 16 16 17 17 18 18 19 0 20 20 21 21 22 22 23 0 24 0 25 0 26 G -1 0 -1 0 -1 0 -1 0 -1 0 -1 0 -1 0 -1 0 -1 0 0 0 0 0 0 0 0 0 0 0 0 1 0 1 0 1 0 1 0 1 -1 0 -1 0 -1 0 -1 0 -1 0 -1 0 -1 0
27 0 1 1 2 2 3 3 4 4 5 5 6 6 7 7 8 8 9 0 10 10 11 11 12 12 13 13 14 0 15 15 16 16 17 17 18 18 19 0 20 20 21 21 22 0 23 23 24 24 25 0 26 G -1 0 -1 0 -1 0 -1 0 -1 0 -1 0 -1 0 -1 0 -1 0 1 0 1 0 1 0 1 0 1 0 1 1 1 1 1 1 1 1 1 1 0 0 0 0 0 0 0 1 0 1 0 1 -1 0
27 0 1 1 2 2 3 3 4 4 5 5 6 6 7 7 8 8 9 0 10 10 11 11 12 12 13 13 14 0 15 15 16 16 17 17 18 18 19 0 20 20 21 21 22 0 23 23 24 0 25 25 26 G -1 0 -1 0 -1 0 -1 0 -1 0 -1 0 -1 0 -1 0 -1 0 1 0 1 0 1 0 1 0 1 0 1 1 1 1 1 1 1 1 1 1 -1 0 -1 0 -1 0 0 0 0 0 0 1 0 1
27 0 1 1 2 2 3 3 4 4 5 5 6 6 7 7 8 8 9 0 10 10 11 11 12 12 13 13 14 0 15 15 16 16 17 17 18 18 19 0 20 20 21 21 22 0 23 23 24 0 25 0 26 G -1 0 -1 0 -1 0 -1 0 -1 0 -1 0 -1 0 -1 0 -1 0 0 0 0 0 0 0 0 0 0 0 0 1 0 1 0 1 0 1 0 1 -1 0 -1 0 -1 0 -1 0 -1 0 -1 0 -1 0
27 0 1 1 2 2 3 3 4 4 5 5 6 6 7 7 8 8 9 0 10 10 11 11 12 12 13 13 14 0 15 15 16 16 17 17 18 18 19 0 20 20 21 21 22 0 23 0 24 0 25 0 26 G -1 0 -1 0 -1 0 -1 0 -1 0 -1 0 -1 0 -1 0 -1 0 0 0 0 0 0 0 0 0 0 0 0 1 0 1 0 1 0 1 0 1 -1 0 -1 0 -1 0 -1 0 -1 0 -1 0 -1 0
27 0 1 1 2 2 3 3 4 4 5 5 6 6 7 7 8 8 9 0 10 10 11 11 12 12 13 13 14 0 15 15 16 16 17 17 18 18 19 0 20 20 21 0 22 22 23 0 24 24 25 0 26 G -1 0 -1 0 -1 0 -1 0 -1 0 -1 0 -1 0 -1 0 -1 0 1 0 1 0 1 0 1 0 1 0 1 1 1 1 1 1 1 1 1 1 0 0 0 0 0 1 0 1 0 2 0 2 -1 0
27 0 1 1 2 2 3 3 4 4 5 5 6 6 7 7 8 8 9 0 10 10 11 11 12 12 13 13 14 0 15 15 16 16 17 17 18 18 19 0 20 20 21 0 22 22 23 0 24 0 25 0 26 G -1 0 -1 0 -1 0 -1 0 -1 0 -1 0 -1 0 -1 0 -1 0 1 0 1 0 1 0 1 0 1 0 1 1 1 1 1 1 1 1 1 1 0 0 0 0 0 1 0 1 -1 0 -1 0 -1 0
27 0 1 1 2 2 3 3 4 4 5 5 6 6 7 7 8 8 9 0 10 10 11 11 12 12 13 13 14 0 15 15 16 16 17 17 18 18 19 0 20 20 21 0 22 0 23 0 24 0 25 0 26 G -1 0 -1 0 -1 0 -1 0 -1 0 -1 0 -1 0 -1 0 -1 0 0 0 0 0 0 0 0 0 0 0 0 1 0 1 0 1 0 1 0 1 -1 0 -1 0 -1 0 -1 0 -1 0 -1 0 -1 0
27 0 1 1 2 2 3 3 4 4 5 5 6 6 7 7 8 8 9 0 10 10 11 11 12 12 13 13 14 0 15 15 16 16 17 17 18 18 19 0 20 0 21 0 22 0 23 0 24 0 25 0 26 G -1 0 -1 0 -1 0 -1 0 -1 0 -1 0 -1 0 -1 0 -1 0 0 0 0 0 0 0 0 0 0 0 0 1 0 1 0 1 0 1 0 1 -1 0 -1 0 -1 0 -1 0 -1 0 -1 0 -1 0
27 0 1 1 2 2 3 3 4 4 5 5 6 6 7 7 8 8 9 0 10 10 11 11 12 12 13 13 14 0 15 15 16 16 17 17 18 0 19 19 20 20 21 21 22 0 23 23 24 24 25 25 26 G -1 0 -1 0 -1 0 -1 0 -1 0 -1 0 -1 0 -1 0 -1 0 -1 0 -1 0 -1 0 -1 0 -1 0 0 0 0 0 0 0 0 0 0 1 0 1 0 1 0 1 0 2 0 2 0 2 0 2
27 0 1 1 2 2 3 3 4 4 5 5 6 6 7 7 8 8 9 0 10 10 11 11 12 12 13 13 14 0 15 15 16 16 17 17 18 0 19 19 20 20 21 21 22 0 23 23 24 24 25 0 26 G -1 0 -1 0 -1 0 -1 0 -1 0 -1 0 -1 0 -1 0 -1 0 -1 0 -1 0 -1 0 -1 0 -1 0 0 0 0 0 0 0 0 0 0 1 0 1 0 1 0 1 -1 0 -1 0 -1 0 -1 0
27 0 1 1 2 2 3 3 4 4 5 5 6 6 7 7 8 8 9 0 10 10 11 11 12 12 13 13 14 0 15 15 16 16 17 17 18 0 19 19 20 20 21 21 22 0 23 23 24 0 25 25 26 G -1 0 -1 0 -1 0 -1 0 -1 0 -1 0 -1 0 -1 0 -1 0 -1 0 -1 0 -1 0 -1 0 -1 0 1 0 1 0 1 0 1 0 1 1 1 1 1 1 1 1 0 0 0 0 0 1 0 1
27 0 1 1 2 2 3 3 4 4 5 5 6 6 7 7 8 8 9 0 10 10 11 11 12 12 13 13 14 0 15 15 16 16 17 17 18 0 19 19 20 20 21 21 22 0 23 23 24 0 25 0 26 G -1 0 -1 0 -1 0 -1 0 -1 0 -1 0 -1 0 -1 0 -1 0 -1 0 -1 0 -1 0 -1 0 -1 0 0 0 0 0 0 0 0 0 0 1 0 1 0 1 0 1 -1 0 -1 0 -1 0 -1 0
27 0 1 1 2 2 3 3 4 4 5 5 6 6 7 7 8 8 9 0 10 10 11 11 12 12 13 13 14 0 15 15 16 16 17 17 18 0 19 19 20 20 21 21 22 0 23 0 24 0 25 0 26 G -1 0 -1 0 -1 0 -1 0 -1 0 -1 0 -1 0 -1 0 -1 0 -1 0 -1 0 -1 0 -1 0 -1 0 0 0 0 0 0 0 0 0 0 1 0 1 0 1 0 1 -1 0 -1 0 -1 0 -1 0
27 0 1 1 2 2 3 3 4 4 5 5 6 6 7 7 8 8 9 0 10 10 11 11 12 12 13 13 14 0 15 15 16 16 17 17 18 0 19 19 20 20 21 0 22 22 23 23 24 0 25 25 26 G -1 0 -1 0 -1 0 -1 0 -1 0 -1 0 -1 0 -1 0 -1 0 -1 0 -1 0 -1 0 -1 0 -1 0 -1 0 -1 0 -1 0 -1 0 0 0 0 0 0 0 0 1 0 1 0 1 -1 0 -1 0
27 0 1 1 2 2 3 3 4 4 5 5 6 6 7 7 8 8 9 0 10 10 11 11 12 12 13 13 14 0 15 15 16 16 17 17 18 0 19 19 20 20 21 0 22 22 23 23 24 0 25 0 26 G -1 0 -1 0 -1 0 -1 0 -1 0 -1 0 -1 0 -1 0 -1 0 -1 0 -1 0 -1 0 -1 0 -1 0 -1 0 -1 0 -1 0 -1 0 0 0 0 0 0 0 0 1 0 1 0 1 -1 0 -1 0
27 0 1 1 2 2 3 3 4 4 5 5 6 6 7 7 8 8 9 0 10 10 11 11 12 12 13 13 14 0 15 15 16 16 17 17 18 0 19 19 20 20 21 0 22 22 23 0 24 24 25 0 26 G -1 0 -1 0 -1 0 -1 0 -1 0 -1 0 -1 0 -1 0 -1 0 -1 0 -1 0 -1 0 -1 0 -1 0 -1 0 -1 0 -1 0 -1 0 -1 0 -1 0 -1 0 0 0 0 0 0 1 0 1 -1 0
27 0 1 1 2 2 3 3 4 4 5 5 6 6 7 7 8 8 9 0 10 10 11 11 12 12 13 13 14 0 15 15 16 16 17 17 18 0 19 19 20 20 21 0 22 22 23 0 24 0 25 0 26 G -1 0 -1 0 -1 0 -1 0 -1 0 -1 0 -1 0 -1 0 -1 0 -1 0 -1 0 -1 0 -1 0 -1 0 -1 0 -1 0 -1 0 -1 0 -1 0 -1 0 -1 0 -1 0 -1 0 -1 0 -1 0 -1 0
27 0 1 1 2 2 3 3 4 4 5 5 6 6 7 7 8 8 9 0 10 10 11 11 12 12 13 13 14 0 15 15 16 16 17 17 18 0 19 19 20 20 21 0 22 0 23 0 24 0 25 0 26 G -1 0 -1 0 -1 0 -1 0 -1 0 -1 0 -1 0 -1 0 -1 0 -1 0 -1 0 -1 0 -1 0 -1 0 -1 0 -1 0 -1 0 -1 0 -1 0 -1 0 -1 0 -1 0 -1 0 -1 0 -1 0 -1 0
27 0 1 1 2 2 3 3 4 4 5 5 6 6 7 7 8 8 9 0 10 10 11 11 12 12 13 13 14 0 15 15 16 16 17 17 18 0 19 19 20 0 21 21 22 0 23 23 24 0 25 25 26 G -1 0 -1 0 -1 0 -1 0 -1 0 -1 0 -1 0 -1 0 -1 0 -1 0 -1 0 -1 0 -1 0 -1 0 -1 0 -1 0 -1 0 -1 0 0 0 0 0 0 1 0 1 0 2 0 2 0 3 0 3
27 0 1 1 2 2 3 3 4 4 5 5 6 6 7 7 8 8 9 0 10 10 11 11 12 12 13 13 14 0 15 15 16 16 17 17 18 0 19 19 20 0 21 21 22 0 23 23 24 0 25 0 26 G -1 0 -1 0 -1 0 -1 0 -1 0 -1 0 -1 0 -1 0 -1 0 -1 0 -1 0 -1 0 -1 0 -1 0 -1 0 -1 0 -1 0 -1 0 0 0 0 0 0 1 0 1 0 2 0 2 -1 0 -1 0
27 0 1 1 2 2 3 3 4 4 5 5 6 6 7 7 8 8 9 0 10 10 11 11 12 12 13 13 14 0 15 15 16 16 17 17 18 0 19 19 20 0 21 21 22 0 23 0 24 0 25 0 26 G -1 0 -1 0 -1 0 -1 0 -1 0 -1 0 -1 0 -1 0 -1 0 -1 0 -1 0 -1 0 -1 0 -1 0 -1 0 -1 0 -1 0 -1 0 0 0 0 0 0 1 0 1 -1 0 -1 0 -1 0 -1 0
27 0 1 1 2 2 3 3 4 4 5 5 6 6 7 7 8 8 9 0 10 10 11 11 12 12 13 13 14 0 15 15 16 16 17 17 18 0 19 19 20 0 21 0 22 0 23 0 24 0 25 0 26 G -1 0 -1 0 -1 0 -1 0 -1 0 -1 0 -1 0 -1 0 -1 0 -1 0 -1 0 -1 0 -1 0 -1 0 -1 0 -1 0 -1 0 -1 0 -1 0 -1 0 -1 0 -1 0 -1 0 -1 0 -1 0 -1 0
27 0 1 1 2 2 3 3 4 4 5 5 6 6 7 7 8 8 9 0 10 10 11 11 12 12 13 13 14 0 15 15 16 16 17 17 18 0 19 0 20 0 21 0 22 0 23 0 24 0 25 0 26 G -1 0 -1 0 -1 0 -1 0 -1 0 -1 0 -1 0 -1 0 -1 0 -1 0 -1 0 -1 0 -1 0 -1 0 -1 0 -1 0 -1 0 -1 0 -1 0 -1 0 -1 0 -1 0 -1 0 -1 0 -1 0 -1 0
27 0 1 1 2 2 3 3 4 4 5 5 6 6 7 7 8 8 9 0 10 10 11 11 12 12 13 13 14 0 15 15 16 16 17 0 18 18 19 19 20 0 21 21 22 22 23 0 24 24 25 25 26 G -1 0 -1 0 -1 0 -1 0 -1 0 -1 0 -1 0 -1 0 -1 0 -1 0 -1 0 -1 0 -1 0 -1 0 0 0 0 0 0 0 0 1 0 1 0 1 0 2 0 2 0 2 0 3 0 3 0 3
27 0 1 1 2 2 3 3 4 4 5 5 6 6 7 7 8 8 9 0 10 10 11 11 12 12 13 13 14 0 15 15 16 16 17 0 18 18 19 19 20 0 21 21 22 22 23 0 24 24 25 0 26 G -1 0 -1 0 -1 0 -1 0 -1 0 -1 0 -1 0 -1 0 -1 0 -1 0 -1 0 -1 0 -1 0 -1 0 0 0 0 0 0 0 0 1 0 1 0 1 0 2 0 2 0 2 -1 0 -1 0 -1 0
27 0 1 1 2 2 3 3 4 4 5 5 6 6 7 7 8 8 9 0 10 10 11 11 12 12 13 13 14 0 15 15 16 16 17 0 18 18 19 19 20 0 21 21 22 22 23 0 24 0 25 0 26 G -1 0 -1 0 -1 0 -1 0 -1 0 -1 0 -1 0 -1 0 -1 0 -1 0 -1 0 -1 0 -1 0 -1 0 0 0 0 0 0 0 0 1 0 1 0 1 0 2 0 2 0 2 -1 0 -1 0 -1 0
27 0 1 1 2 2 3 3 4 4 5 5 6 6 7 7 8 8 9 0 10 10 11 11 12 12 13 13 14 0 15 15 16 16 17 0 18 18 19 19 20 0 21 21 22 0 23 23 24 0 25 25 26 G -1 0 -1 0 -1 0 -1 0 -1 0 -1 0 -1 0 -1 0 -1 0 -1 0 -1 0 -1 0 -1 0 -1 0 1 0 1 0 1 0 1 1 1 1 1 1 0 0 0 0 0 1 0 1 0 2 0 2
27 0 1 1 2 2 3 3 4 4 5 5 6 6 7 7 8 8 9 0 10 10 11 11 12 12 13 13 14 0 15 15 16 16 17 0 18 18 19 19 20 0 21 21 22 0 23 23 24 0 25 0 26 G -1 0 -1 0 -1 0 -1 0 -1 0 -1 0 -1 0 -1 0 -1 0 -1 0 -1 0 -1 0 -1 0 -1 0 1 0 1 0 1 0 1 1 1 1 1 1 0 0 0 0 0 1 0 1 -1 0 -1 0
27 0 1 1 2 2 3 3 4 4 5 5 6 6 7 7 8 8 9 0 10 10 11 11 12 12 13 13 14 0 15 15 16 16 17 0 18 18 19 19 20 0 21 21 22 0 23 0 24 0 25 0 26 G -1 0 -1 0 -1 0 -1 0 -1 0 -1 0 -1 0 -1 0 -1 0 -1 0 -1 0 -1 0 -1 0 -1 0 0 0 0 0 0 0 0 1 0 1 0 1 -1 0 -1 0 -1 0 -1 0 -1 0 -1 0
27 0 1 1 2 2 3 3 4 4 5 5 6 6 7 7 8 8 9 0 10 10 11 11 12 12 13 13 14 0 15 15 16 16 17 0 18 18 19 19 20 0 21 0 22 0 23 0 24 0 25 0 26 G -1 0 -1 0 -1 0 -1 0 -1 0 -1 0 -1 0 -1 0 -1 0 -1 0 -1 0 -1 0 -1 0 -1 0 0 0 0 0 0 0 0 1 0 1 0 1 -1 0 -1 0 -1 0 -1 0 -1 0 -1 0
27 0 1 1 2 2 3 3 4 4 5 5 6 6 7 7 8 8 9 0 10 10 11 11 12 12 13 13 14 0 15 15 16 16 17 0 18 18 19 0 20 20 21 0 22 22 23 0 24 24 25 0 26 G -1 0 -1 0 -1 0 -1 0 -1 0 -1 0 -1 0 -1 0 -1 0 -1 0 -1 0 -1 0 -1 0 -1 0 -1 0 -1 0 -1 0 0 0 0 0 0 1 0 1 0 2 0 2 0 3 0 3 -1 0
27 0 1 1 2 2 3 3 4 4 5 5 6 6 7 7 8 8 9 0 10 10 11 11 12 12 13 13 14 0 15 15 16 16 17 0 18 18 19 0 20 20 21 0 22 22 23 0 24 0 25 0 26 G -1 0 -1 0 -1 0 -1 0 -1 0 -1 0 -1 0 -1 0 -1 0 -1 0 -1 0 -1 0 -1 0 -1 0 -1 0 -1 0 -1 0 0 0 0 0 0 1 0 1 0 2 0 2 -1 0 -1 0 -1 0
27 0 1 1 2 2 3 3 4 4 5 5 6 6 7 7 8 8 9 0 10 10 11 11 12 12 13 13 14 0 15 15 16 16 17 0 18 18 19 0 20 20 21 0 22 0 23 0 24 0 25 0 26 G -1 0 -1 0 -1 0 -1 0 -1 0 -1 0 -1 0 -1 0 -1 0 -1 0 -1 0 -1 0 -1 0 -1 0 -1 0 -1 0 -1 0 0 0 0 0 0 1 0 1 -1 0 -1 0 -1 0 -1 0 -1 0
27 0 1 1 2 2 3 3 4 4 5 5 6 6 7 7 8 8 9 0 10 10 11 11 12 12 13 13 14 0 15 15 16 16 17 0 18 18 19 0 20 0 21 0 22 0 23 0 24 0 25 0 26 G -1 0 -1 0 -1 0 -1 0 -1 0 -1 0 -1 0 -1 0 -1 0 -1 0 -1 0 -1 0 -1 0 -1 0 -1 0 -1 0 -1 0 -1 0 -1 0 -1 0 -1 0 -1 0 -1 0 -1 0 -1 0 -1 0
27 0 1 1 2 2 3 3 4 4 5 5 6 6 7 7 8 8 9 0 10 10 11 11 12 12 13 13 14 0 15 15 16 16 17 0 18 0 19 0 20 0 21 0 22 0 23 0 24 0 25 0 26 G -1 0 -1 0 -1 0 -1 0 -1 0 -1 0 -1 0 -1 0 -1 0 -1 0 -1 0 -1 0 -1 0 -1 0 -1 0 -1 0 -1 0 -1 0 -1 0 -1 0 -1 0 -1 0 -1 0 -1 0 -1 0 -1 0
27 0 1 1 2 2 3 3 4 4 5 5 6 6 7 7 8 8 9 0 10 10 11 11 12 12 13 13 14 0 15 15 16 0 17 17 18 0 19 19 20 0 21 21 22 0 23 23 24 0 25 25 26 G -1 0 -1 0 -1 0 -1 0 -1 0 -1 0 -1 0 -1 0 -1 0 -1 0 -1 0 -1 0 -1 0 -1 0 0 0 0 0 0 1 0 1 0 2 0 2 0 3 0 3 0 4 0 4 0 5 0 5
27 0 1 1 2 2 3 3 4 4 5 5 6 6 7 7 8 8 9 0 10 10 11 11 12 12 13 13 14 0 15 15 16 0 17 17 18 0 19 19 20 0 21 21 22 0 23 23 24 0 25 0 26 G -1 0 -1 0 -1 0 -1 0 -1 0 -1 0 -1 0 -1 0 -1 0 -1 0 -1 0 -1 0 -1 0 -1 0 0 0 0 0 0 1 0 1 0 2 0 2 0 3 0 3 0 4 0 4 -1 0 -1 0
27 0 1 1 2 2 3 3 4 4 5 5 6 6 7 7 8 8 9 0 10 10 11 11 12 12 13 13 14 0 15 15 16 0 17 17 18 0 19 19 20 0 21 21 22 0 23 0 24 0 25 0 26 G -1 0 -1 0 -1 0 -1 0 -1 0 -1 0 -1 0 -1 0 -1 0 -1 0 -1 0 -1 0 -1 0 -1 0 0 0 0 0 0 1 0 1 0 2 0 2 0 3 0 3 -1 0 -1 0 -1 0 -1 0
27 0 1 1 2 2 3 3 4 4 5 5 6 6 7 7 8 8 9 0 10 10 11 11 12 12 13 13 14 0 15 15 16 0 17 17 18 0 19 19 20 0 21 0 22 0 23 0 24 0 25 0 26 G -1 0 -1 0 -1 0 -1 0 -1 0 -1 0 -1 0 -1 0 -1 0 -1 0 -1 0 -1 0 -1 0 -1 0 0 0 0 0 0 1 0 1 0 2 0 2 -1 0 -1 0 -1 0 -1 0 -1 0 -1 0
27 0 1 1 2 2 3 3 4 4 5 5 6 6 7 7 8 8 9 0 10 10 11 11 12 12 13 13 14 0 15 15 16 0 17 17 18 0 19 0 20 0 21 0 22 0 23 0 24 0 25 0 26 G -1 0 -1 0 -1 0 -1 0 -1 0 -1 0 -1 0 -1 0 -1 0 -1 0 -1 0 -1 0 -1 0 -1 0 0 0 0 0 0 1 0 1 -1 0 -1 0 -1 0 -1 0 -1 0 -1 0 -1 0 -1 0
27 0 1 1 2 2 3 3 4 4 5 5 6 6 7 7 8 8 9 0 10 10 11 11 12 12 13 13 14 0 15 15 16 0 17 0 18 0 19 0 20 0 21 0 22 0 23 0 24 0 25 0 26 G -1 0 -1 0 -1 0 -1 0 -1 0 -1 0 -1 0 -1 0 -1 0 -1 0 -1 0 -1 0 -1 0 -1 0 -1 0 -1 0 -1 0 -1 0 -1 0 -1 0 -1 0 -1 0 -1 0 -1 0 -1 0 -1 0
27 0 1 1 2 2 3 3 4 4 5 5 6 6 7 7 8 8 9 0 10 10 11 11 12 12 13 13 14 0 15 0 16 0 17 0 18 0 19 0 20 0 21 0 22 0 23 0 24 0 25 0 26 G -1 0 -1 0 -1 0 -1 0 -1 0 -1 0 -1 0 -1 0 -1 0 -1 0 -1 0 -1 0 -1 0 -1 0 -1 0 -1 0 -1 0 -1 0 -1 0 -1 0 -1 0 -1 0 -1 0 -1 0 -1 0 -1 0
27 0 1 1 2 2 3 3 4 4 5 5 6 6 7 7 8 8 9 0 10 10 11 11 12 12 13 0 14 14 15 15 16 16 17 0 18 18 19 19 20 20 21 0 22 22 23 23 24 24 25 0 26 G -1 0 -1 0 -1 0 -1 0 -1 0 -1 0 -1 0 -1 0 -1 0 0 0 0 0 0 0 0 0 0 1 0 1 0 1 0 1 0 2 0 2 0 2 0 2 0 3 0 3 0 3 0 3 -1 0
27 0 1 1 2 2 3 3 4 4 5 5 6 6 7 7 8 8 9 0 10 10 11 11 12 12 13 0 14 14 15 15 16 16 17 0 18 18 19 19 20 20 21 0 22 22 23 23 24 0 25 25 26 G -1 0 -1 0 -1 0 -1 0 -1 0 -1 0 -1 0 -1 0 -1 0 0 0 0 0 0 0 0 0 0 1 0 1 0 1 0 1 0 2 0 2 0 2 0 2 -1 0 -1 0 -1 0 -1 0 -1 0
27 0 1 1 2 2 3 3 4 4 5 5 6 6 7 7 8 8 9 0 10 10 11 11 12 12 13 0 14 14 15 15 16 16 17 0 18 18 19 19 20 20 21 0 22 22 23 23 24 0 25 0 26 G -1 0 -1 0 -1 0 -1 0 -1 0 -1 0 -1 0 -1 0 -1 0 0 0 0 0 0 0 0 0 0 1 0 1 0 1 0 1 0 2 0 2 0 2 0 2 -1 0 -1 0 -1 0 -1 0 -1 0
27 0 1 1 2 2 3 3 4 4 5 5 6 6 7 7 8 8 9 0 10 10 11 11 12 12 13 0 14 14 15 15 16 16 17 0 18 18 19 19 20 20 21 0 22 22 23 0 24 24 25 0 26 G -1 0 -1 0 -1 0 -1 0 -1 0 -1 0 -1 0 -1 0 -1 0 1 0 1 0 1 0 1 0 1 1 1 1 1 1 1 1 1 2 1 2 1 2 1 2 0 0 0 0 0 1 0 1 -1 0
27 0 1 1 2 2 3 3 4 4 5 5 6 6 7 7 8 8 9 0 10 10 11 11 12 12 13 0 14 14 15 15 16 16 17 0 18 18 19 19 20 20 21 0 22 22 23 0 24 0 25 0 26 G -1 0 -1 0 -1 0 -1 0 -1 0 -1 0 -1 0 -1 0 -1 0 0 0 0 0 0 0 0 0 0 1 0 1 0 1 0 1 0 2 0 2 0 2 0 2 -1 0 -1 0 -1 0 -1 0 -1 0
27 0 1 1 2 2 3 3 4 4 5 5 6 6 7 7 8 8 9 0 10 10 11 11 12 12 13 0 14 14 15 15 16 16 17 0 18 18 19 19 20 20 21 0 22 0 23 0 24 0 25 0 26 G -1 0 -1 0 -1 0 -1 0 -1 0 -1 0 -1 0 -1 0 -1 0 0 0 0 0 0 0 0 0 0 1 0 1 0 1 0 1 0 2 0 2 0 2 0 2 -1 0 -1 0 -1 0 -1 0 -1 0
27 0 1 1 2 2 3 3 4 4 5 5 6 6 7 7 8 8 9 0 10 10 11 11 12 12 13 0 14 14 15 15 16 16 17 0 18 18 19 19 20 0 21 21 22 22 23 0 24 24 25 25 26 G -1 0 -1 0 -1 0 -1 0 -1 0 -1 0 -1 0 -1 0 -1 0 1 0 1 0 1 0 1 0 1 1 1 1 1 1 1 1 0 0 0 0 0 0 0 1 0 1 0 1 0 2 0 2 0 2
27 0 1 1 2 2 3 3 4 4 5 5 6 6 7 7 8 8 9 0 10 10 11 11 12 12 13 0 14 14 15 15 16 16 17 0 18 18 19 19 20 0 21 21 22 22 23 0 24 24 25 0 26 G -1 0 -1 0 -1 0 -1 0 -1 0 -1 0 -1 0 -1 0 -1 0 1 0 1 0 1 0 1 0 1 1 1 1 1 1 1 1 0 0 0 0 0 0 0 1 0 1 0 1 -1 0 -1 0 -1 0
27 0 1 1 2 2 3 3 4 4 5 5 6 6 7 7 8 8 9 0 10 10 11 11 12 12 13 0 14 14 15 15 16 16 17 0 18 18 19 19 20 0 21 21 22 22 23 0 24 0 25 0 26 G -1 0 -1 0 -1 0 -1 0 -1 0 -1 0 -1 0 -1 0 -1 0 1 0 1 0 1 0 1 0 1 1 1 1 1 1 1 1 0 0 0 0 0 0 0 1 0 1 0 1 -1 0 -1 0 -1 0
27 0 1 1 2 2 3 3 4 4 5 5 6 6 7 7 8 8 9 0 10 10 11 11 12 12 13 0 14 14 15 15 16 16 17 0 18 18 19 19 20 0 21 21 22 0 23 23 24 0 25 25 26 G -1 0 -1 0 -1 0 -1 0 -1 0 -1 0 -1 0 -1 0 -1 0 1 0 1 0 1 0 1 0 1 1 1 1 1 1 1 1 -1 0 -1 0 -1 0 0 0 0 0 0 1 0 1 0 2 0 2
27 0 1 1 2 2 3 3 4 4 5 5 6 6 7 7 8 8 9 0 10 10 11 11 12 12 13 0 14 14 15 15 16 16 17 0 18 18 19 19 20 0 21 21 22 0 23 23 24 0 25 0 26 G -1 0 -1 0 -1 0 -1 0 -1 0 -1 0 -1 0 -1 0 -1 0 1 0 1 0 1 0 1 0 1 1 1 1 1 1 1 1 -1 0 -1 0 -1 0 0 0 0 0 0 1 0 1 -1 0 -1 0
27 0 1 1 2 2 3 3 4 4 5 5 6 6 7 7 8 8 9 0 10 10 11 11 12 12 13 0 14 14 15 15 16 16 17 0 18 18 19 19 20 0 21 21 22 0 23 0 24 0 25 0 26 G -1 0 -1 0 -1 0 -1 0 -1 0 -1 0 -1 0 -1 0 -1 0 0 0 0 0 0 0 0 0 0 1 0 1 0 1 0 1 -1 0 -1 0 -1 0 -1 0 -1 0 -1 0 -1 0 -1 0 -1 0
27 0 1 1 2 2 3 3 4 4 5 5 6 6 7 7 8 8 9 0 10 10 11 11 12 12 13 0 14 14 15 15 16 16 17 0 18 18 19 19 20 0 21 0 22 0 23 0 24 0 25 0 26 G -1 0 -1 0 -1 0 -1 0 -1 0 -1 0 -1 0 -1 0 -1 0 0 0 0 0 0 0 0 0 0 1 0 1 0 1 0 1 -1 0 -1 0 -1 0 -1 0 -1 0 -1 0 -1 0 -1 0 -1 0
27 0 1 1 2 2 3 3 4 4 5 5 6 6 7 7 8 8 9 0 10 10 11 11 12 12 13 0 14 14 15 15 16 16 17 0 18 18 19 0 20 20 21 0 22 22 23 0 24 24 25 0 26 G -1 0 -1 0 -1 0 -1 0 -1 0 -1 0 -1 0 -1 0 -1 0 1 0 1 0 1 0 1 0 1 1 1 1 1 1 1 1 0 0 0 0 0 1 0 1 0 2 0 2 0 3 0 3 -1 0
27 0 1 1 2 2 3 3 4 4 5 5 6 6 7 7 8 8 9 0 10 10 11 11 12 12 13 0 14 14 15 15 16 16 17 0 18 18 19 0 20 20 21 0 22 22 23 0 24 0 25 0 26 G -1 0 -1 0 -1 0 -1 0 -1 0 -1 0 -1 0 -1 0 -1 0 1 0 1 0 1 0 1 0 1 1 1 1 1 1 1 1 0 0 0 0 0 1 0 1 0 2 0 2 -1 0 -1 0 -1 0
27 0 1 1 2 2 3 3 4 4 5 5 6 6 7 7 8 8 9 0 10 10 11 11 12 12 13 0 14 14 15 15 16 16 17 0 18 18 19 0 20 20 21 0 22 0 23 0 24 0 25 0 26 G -1 0 -1 0 -1 0 -1 0 -1 0 -1 0 -1 0 -1 0 -1 0 1 0 1 0 1 0 1 0 1 1 1 1 1 1 1 1 0 0 0 0 0 1 0 1 -1 0 -1 0 -1 0 -1 0 -1 0
27 0 1 1 2 2 3 3 4 4 5 5 6 6 7 7 8 8 9 0 10 10 11 11 12 12 13 0 14 14 15 15 16 16 17 0 18 18 19 0 20 0 21 0 22 0 23 0 24 0 25 0 26 G -1 0 -1 0 -1 0 -1 0 -1 0 -1 0 -1 0 -1 0 -1 0 0 0 0 0 0 0 0 0 0 1 0 1 0 1 0 1 -1 0 -1 0 -1 0 -1 0 -1 0 -1 0 -1 0 -1 0 -1 0
27 0 1 1 2 2 3 3 4 4 5 5 6 6 7 7 8 8 9 0 10 10 11 11 12 12 13 0 14 14 15 15 16 16 17 0 18 0 19 0 20 0 21 0 22 0 23 0 24 0 25 0 26 G -1 0 -1 0 -1 0 -1 0 -1 0 -1 0 -1 0 -1 0 -1 0 0 0 0 0 0 0 0 0 0 1 0 1 0 1 0 1 -1 0 -1 0 -1 0 -1 0 -1 0 -1 0 -1 0 -1 0 -1 0
27 0 1 1 2 2 3 3 4 4 5 5 6 6 7 7 8 8 9 0 10 10 11 11 12 12 13 0 14 14 15 15 16 0 17 17 18 18 19 0 20 20 21 21 22 0 23 23 24 24 25 0 26 G -1 0 -1 0 -1 0 -1 0 -1 0 -1 0 -1 0 -1 0 -1 0 -1 0 -1 0 -1 0 -1 0 0 0 0 0 0 0 0 1 0 1 0 1 0 2 0 2 0 2 0 3 0 3 0 3 -1 0
27 0 1 1 2 2 3 3 4 4 5 5 6 6 7 7 8 8 9 0 10 10 11 11 12 12 13 0 14 14 15 15 16 0 17 17 18 18 19 0 20 20 21 21 22 0 23 23 24 0 25 25 26 G -1 0 -1 0 -1 0 -1 0 -1 0 -1 0 -1 0 -1 0 -1 0 -1 0 -1 0 -1 0 -1 0 1 0 1 0 1 0 1 1 1 1 1 1 1 2 1 2 1 2 0 0 0 0 0 1 0 1
27 0 1 1 2 2 3 3 4 4 5 5 6 6 7 7 8 8 9 0 10 10 11 11 12 12 13 0 14 14 15 15 16 0 17 17 18 18 19 0 20 20 21 21 22 0 23 23 24 0 25 0 26 G -1 0 -1 0 -1 0 -1 0 -1 0 -1 0 -1 0 -1 0 -1 0 -1 0 -1 0 -1 0 -1 0 0 0 0 0 0 0 0 1 0 1 0 1 0 2 0 2 0 2 -1 0 -1 0 -1 0 -1 0
27 0 1 1 2 2 3 3 4 4 5 5 6 6 7 7 8 8 9 0 10 10 11 11 12 12 13 0 14 14 15 15 16 0 17 17 18 18 19 0 20 20 21 21 22 0 23 0 24 0 25 0 26 G -1 0 -1 0 -1 0 -1 0 -1 0 -1 0 -1 0 -1 0 -1 0 -1 0 -1 0 -1 0 -1 0 0 0 0 0 0 0 0 1 0 1 0 1 0 2 0 2 0 2 -1 0 -1 0 -1 0 -1 0
27 0 1 1 2 2 3 3 4 4 5 5 6 6 7 7 8 8 9 0 10 10 11 11 12 12 13 0 14 14 15 15 16 0 17 17 18 18 19 0 20 20 21 0 22 22 23 0 24 24 25 0 26 G -1 0 -1 0 -1 0 -1 0 -1 0 -1 0 -1 0 -1 0 -1 0 -1 0 -1 0 -1 0 -1 0 1 0 1 0 1 0 1 1 1 1 1 1 0 0 0 0 0 1 0 1 0 2 0 2 -1 0
27 0 1 1 2 2 3 3 4 4 5 5 6 6 7 7 8 8 9 0 10 10 11 11 12 12 13 0 14 14 15 15 16 0 17 17 18 18 19 0 20 20 21 0 22 22 23 0 24 0 25 0 26 G -1 0 -1 0 -1 0 -1 0 -1 0 -1 0 -1 0 -1 0 -1 0 -1 0 -1 0 -1 0 -1 0 1 0 1 0 1 0 1 1 1 1 1 1 0 0 0 0 0 1 0 1 -1 0 -1 0 -1 0
27 0 1 1 2 2 3 3 4 4 5 5 6 6 7 7 8 8 9 0 10 10 11 11 12 12 13 0 14 14 15 15 16 0 17 17 18 18 19 0 20 20 21 0 22 0 23 0 24 0 25 0 26 G -1 0 -1 0 -1 0 -1 0 -1 0 -1 0 -1 0 -1 0 -1 0 -1 0 -1 0 -1 0 -1 0 0 0 0 0 0 0 0 1 0 1 0 1 -1 0 -1 0 -1 0 -1 0 -1 0 -1 0 -1 0
27 0 1 1 2 2 3 3 4 4 5 5 6 6 7 7 8 8 9 0 10 10 11 11 12 12 13 0 14 14 15 15 16 0 17 17 18 18 19 0 20 0 21 0 22 0 23 0 24 0 25 0 26 G -1 0 -1 0 -1 0 -1 0 -1 0 -1 0 -1 0 -1 0 -1 0 -1 0 -1 0 -1 0 -1 0 0 0 0 0 0 0 0 1 0 1 0 1 -1 0 -1 0 -1 0 -1 0 -1 0 -1 0 -1 0
27 0 1 1 2 2 3 3 4 4 5 5 6 6 7 7 8 8 9 0 10 10 11 11 12 12 13 0 14 14 15 15 16 0 17 17 18 0 19 19 20 0 21 21 22 0 23 23 24 0 25 25 26 G -1 0 -1 0 -1 0 -1 0 -1 0 -1 0 -1 0 -1 0 -1 0 -1 0 -1 0 -1 0 -1 0 -1 0 -1 0 -1 0 0 0 0 0 0 1 0 1 0 2 0 2 0 3 0 3 0 4 0 4
27 0 1 1 2 2 3 3 4 4 5 5 6 6 7 7 8 8 9 0 10 10 11 11 12 12 13 0 14 14 15 15 16 0 17 17 18 0 19 19 20 0 21 21 22 0 23 23 24 0 25 0 26 G -1 0 -1 0 -1 0 -1 0 -1 0 -1 0 -1 0 -1 0 -1 0 -1 0 -1 0 -1 0 -1 0 -1 0 -1 0 -1 0 0 0 0 0 0 1 0 1 0 2 0 2 0 3 0 3 -1 0 -1 0
27 0 1 1 2 2 3 3 4 4 5 5 6 6 7 7 8 8 9 0 10 10 11 11 12 12 13 0 14 14 15 15 16 0 17 17 18 0 19 19 20 0 21 21 22 0 23 0 24 0 25 0 26 G -1 0 -1 0 -1 0 -1 0 -1 0 -1 0 -1 0 -1 0 -1 0 -1 0 -1 0 -1 0 -1 0 -1 0 -1 0 -1 0 0 0 0 0 0 1 0 1 0 2 0 2 -1 0 -1 0 -1 0 -1 0
27 0 1 1 2 2 3 3 4 4 5 5 6 6 7 7 8 8 9 0 10 10 11 11 12 12 13 0 14 14 15 15 16 0 17 17 18 0 19 19 20 0 21 0 22 0 23 0 24 0 25 0 26 G -1 0 -1 0 -1 0 -1 0 -1 0 -1 0 -1 0 -1 0 -1 0 -1 0 -1 0 -1 0 -1 0 -1 0 -1 0 -1 0 0 0 0 0 0 1 0 1 -1 0 -1 0 -1 0 -1 0 -1 0 -1 0
27 0 1 1 2 2 3 3 4 4 5 5 6 6 7 7 8 8 9 0 10 10 11 11 12 12 13 0 14 14 15 15 16 0 17 17 18 0 19 0 20 0 21 0 22 0 23 0 24 0 25 0 26 G -1 0 -1 0 -1 0 -1 0 -1 0 -1 0 -1 0 -1 0 -1 0 -1 0 -1 0 -1 0 -1 0 -1 0 -1 0 -1 0 -1 0 -1 0 -1 0 -1 0 -1 0 -1 0 -1 0 -1 0 -1 0 -1 0
27 0 1 1 2 2 3 3 4 4 5 5 6 6 7 7 8 8 9 0 10 10 11 11 12 12 13 0 14 14 15 15 16 0 17 0 18 0 19 0 20 0 21 0 22 0 23 0 24 0 25 0 26 G -1 0 -1 0 -1 0 -1 0 -1 0 -1 0 -1 0 -1 0 -1 0 -1 0 -1 0 -1 0 -1 0 -1 0 -1 0 -1 0 -1 0 -1 0 -1 0 -1 0 -1 0 -1 0 -1 0 -1 0 -1 0 -1 0
27 0 1 1 2 2 3 3 4 4 5 5 6 6 7 7 8 8 9 0 10 10 11 11 12 12 13 0 14 14 15 0 16 16 17 0 18 18 19 0 20 20 21 0 22 22 23 0 24 24 25 0 26 G -1 0 -1 0 -1 0 -1 0 -1 0 -1 0 -1 0 -1 0 -1 0 -1 0 -1 0 -1 0 -1 0 0 0 0 0 0 1 0 1 0 2 0 2 0 3 0 3 0 4 0 4 0 5 0 5 -1 0
27 0 1 1 2 2 3 3 4 4 5 5 6 6 7 7 8 8 9 0 10 10 11 11 12 12 13 0 14 14 15 0 16 16 17 0 18 18 19 0 20 20 21 0 22 22 23 0 24 0 25 0 26 G -1 0 -1 0 -1 0 -1 0 -1 0 -1 0 -1 0 -1 0 -1 0 -1 0 -1 0 -1 0 -1 0 0 0 0 0 0 1 0 1 0 2 0 2 0 3 0 3 0 4 0 4 -1 0 -1 0 -1 0
27 0 1 1 2 2 3 3 4 4 5 5 6 6 7 7 8 8 9 0 10 10 11 11 12 12 13 0 14 14 15 0 16 16 17 0 18 18 19 0 20 20 21 0 22 0 23 0 24 0 25 0 26 G -1 0 -1 0 -1 0 -1 0 -1 0 -1 0 -1 0 -1 0 -1 0 -1 0 -1 0 -1 0 -1 0 0 0 0 0 0 1 0 1 0 2 0 2 0 3 0 3 -1 0 -1 0 -1 0 -1 0 -1 0
27 0 1 1 2 2 3 3 4 4 5 5 6 6 7 7 8 8 9 0 10 10 11 11 12 12 13 0 14 14 15 0 16 16 17 0 18 18 19 0 20 0 21 0 22 0 23 0 24 0 25 0 26 G -1 0 -1 0 -1 0 -1 0 -1 0 -1 0 -1 0 -1 0 -1 0 -1 0 -1 0 -1 0 -1 0 0 0 0 0 0 1 0 1 0 2 0 2 -1 0 -1 0 -1 0 -1 0 -1 0 -1 0 -1 0
27 0 1 1 2 2 3 3 4 4 5 5 6 6 7 7 8 8 9 0 10 10 11 11 12 12 13 0 14 14 15 0 16 16 17 0 18 0 19 0 20 0 21 0 22 0 23 0 24 0 25 0 26 G -1 0 -1 0 -1 0 -1 0 -1 0 -1 0 -1 0 -1 0 -1 0 -1 0 -1 0 -1 0 -1 0 0 0 0 0 0 1 0 1 -1 0 -1 0 -1 0 -1 0 -1 0 -1 0 -1 0 -1 0 -1 0
27 0 1 1 2 2 3 3 4 4 5 5 6 6 7 7 8 8 9 0 10 10 11 11 12 12 13 0 14 14 15 0 16 0 17 0 18 0 19 0 20 0 21 0 22 0 23 0 24 0 25 0 26 G -1 0 -1 0 -1 0 -1 0 -1 0 -1 0 -1 0 -1 0 -1 0 -1 0 -1 0 -1 0 -1 0 -1 0 -1 0 -1 0 -1 0 -1 0 -1 0 -1 0 -1 0 -1 0 -1 0 -1 0 -1 0 -1 0
27 0 1 1 2 2 3 3 4 4 5 5 6 6 7 7 8 8 9 0 10 10 11 11 12 12 13 0 14 0 15 0 16 0 17 0 18 0 19 0 20 0 21 0 22 0 23 0 24 0 25 0 26 G -1 0 -1 0 -1 0 -1 0 -1 0 -1 0 -1 0 -1 0 -1 0 -1 0 -1 0 -1 0 -1 0 -1 0 -1 0 -1 0 -1 0 -1 0 -1 0 -1 0 -1 0 -1 0 -1 0 -1 0 -1 0 -1 0
27 0 1 1 2 2 3 3 4 4 5 5 6 6 7 7 8 8 9 0 10 10 11 11 12 0 13 13 14 14 15 0 16 16 17 17 18 0 19 19 20 20 21 0 22 22 23 23 24 0 25 25 26 G -1 0 -1 0 -1 0 -1 0 -1 0 -1 0 -1 0 -1 0 -1 0 0 0 0 0 0 0 0 1 0 1 0 1 0 2 0 2 0 2 0 3 0 3 0 3 0 4 0 4 0 4 -1 0 -1 0
27 0 1 1 2 2 3 3 4 4 5 5 6 6 7 7 8 8 9 0 10 10 11 11 12 0 13 13 14 14 15 0 16 16 17 17 18 0 19 19 20 20 21 0 22 22 23 23 24 0 25 0 26 G -1 0 -1 0 -1 0 -1 0 -1 0 -1 0 -1 0 -1 0 -1 0 0 0 0 0 0 0 0 1 0 1 0 1 0 2 0 2 0 2 0 3 0 3 0 3 0 4 0 4 0 4 -1 0 -1 0
27 0 1 1 2 2 3 3 4 4 5 5 6 6 7 7 8 8 9 0 10 10 11 11 12 0 13 13 14 14 15 0 16 16 17 17 18 0 19 19 20 20 21 0 22 22 23 0 24 24 25 0 26 G -1 0 -1 0 -1 0 -1 0 -1 0 -1 0 -1 0 -1 0 -1 0 1 0 1 0 1 0 1 1 1 1 1 1 1 2 1 2 1 2 1 3 1 3 1 3 0 0 0 0 0 1 0 1 -1 0
27 0 1 1 2 2 3 3 4 4 5 5 6 6 7 7 8 8 9 0 10 10 11 11 12 0 13 13 14 14 15 0 16 16 17 17 18 0 19 19 20 20 21 0 22 22 23 0 24 0 25 0 26 G -1 0 -1 0 -1 0 -1 0 -1 0 -1 0 -1 0 -1 0 -1 0 0 0 0 0 0 0 0 1 0 1 0 1 0 2 0 2 0 2 0 3 0 3 0 3 -1 0 -1 0 -1 0 -1 0 -1 0
27 0 1 1 2 2 3 3 4 4 5 5 6 6 7 7 8 8 9 0 10 10 11 11 12 0 13 13 14 14 15 0 16 16 17 17 18 0 19 19 20 20 21 0 22 0 23 0 24 0 25 0 26 G -1 0 -1 0 -1 0 -1 0 -1 0 -1 0 -1 0 -1 0 -1 0 0 0 0 0 0 0 0 1 0 1 0 1 0 2 0 2 0 2 0 3 0 3 0 3 -1 0 -1 0 -1 0 -1 0 -1 0
27 0 1 1 2 2 3 3 4 4 5 5 6 6 7 7 8 8 9 0 10 10 11 11 12 0 13 13 14 14 15 0 16 16 17 17 18 0 19 19 20 0 21 21 22 0 23 23 24 0 25 25 26 G -1 0 -1 0 -1 0 -1 0 -1 0 -1 0 -1 0 -1 0 -1 0 1 0 1 0 1 0 1 1 1 1 1 1 1 2 1 2 1 2 0 0 0 0 0 1 0 1 0 2 0 2 0 3 0 3
27 0 1 1 2 2 3 3 4 4 5 5 6 6 7 7 8 8 9 0 10 10 11 11 12 0 13 13 14 14 15 0 16 16 17 17 18 0 19 19 20 0 21 21 22 0 23 23 24 0 25 0 26 G -1 0 -1 0 -1 0 -1 0 -1 0 -1 0 -1 0 -1 0 -1 0 1 0 1 0 1 0 1 1 1 1 1 1 1 2 1 2 1 2 0 0 0 0 0 1 0 1 0 2 0 2 -1 0 -1 0
27 0 1 1 2 2 3 3 4 4 5 5 6 6 7 7 8 8 9 0 10 10 11 11 12 0 13 13 14 14 15 0 16 16 17 17 18 0 19 19 20 0 21 21 22 0 23 0 24 0 25 0 26 G -1 0 -1 0 -1 0 -1 0 -1 0 -1 0 -1 0 -1 0 -1 0 1 0 1 0 1 0 1 1 1 1 1 1 1 2 1 2 1 2 0 0 0 0 0 1 0 1 -1 0 -1 0 -1 0 -1 0
27 0 1 1 2 2 3 3 4 4 5 5 6 6 7 7 8 8 9 0 10 10 11 11 12 0 13 13 14 14 15 0 16 16 17 17 18 0 19 19 20 0 21 0 22 0 23 0 24 0 25 0 26 G -1 0 -1 0 -1 0 -1 0 -1 0 -1 0 -1 0 -1 0 -1 0 0 0 0 0 0 0 0 1 0 1 0 1 0 2 0 2 0 2 -1 0 -1 0 -1 0 -1 0 -1 0 -1 0 -1 0 -1 0
27 0 1 1 2 2 3 3 4 4 5 5 6 6 7 7 8 8 9 0 10 10 11 11 12 0 13 13 14 14 15 0 16 16 17 17 18 0 19 0 20 0 21 0 22 0 23 0 24 0 25 0 26 G -1 0 -1 0 -1 0 -1 0 -1 0 -1 0 -1 0 -1 0 -1 0 0 0 0 0 0 0 0 1 0 1 0 1 0 2 0 2 0 2 -1 0 -1 0 -1 0 -1 0 -1 0 -1 0 -1 0 -1 0
27 0 1 1 2 2 3 3 4 4 5 5 6 6 7 7 8 8 9 0 10 10 11 11 12 0 13 13 14 14 15 0 16 16 17 0 18 18 19 0 20 20 21 0 22 22 23 0 24 24 25 0 26 G -1 0 -1 0 -1 0 -1 0 -1 0 -1 0 -1 0 -1 0 -1 0 1 0 1 0 1 0 1 1 1 1 1 1 0 0 0 0 0 1 0 1 0 2 0 2 0 3 0 3 0 4 0 4 -1 0
27 0 1 1 2 2 3 3 4 4 5 5 6 6 7 7 8 8 9 0 10 10 11 11 12 0 13 13 14 14 15 0 16 16 17 0 18 18 19 0 20 20 21 0 22 22 23 0 24 0 25 0 26 G -1 0 -1 0 -1 0 -1 0 -1 0 -1 0 -1 0 -1 0 -1 0 1 0 1 0 1 0 1 1 1 1 1 1 0 0 0 0 0 1 0 1 0 2 0 2 0 3 0 3 -1 0 -1 0 -1 0
27 0 1 1 2 2 3 3 4 4 5 5 6 6 7 7 8 8 9 0 10 10 11 11 12 0 13 13 14 14 15 0 16 16 17 0 18 18 19 0 20 20 21 0 22 0 23 0 24 0 25 0 26 G -1 0 -1 0 -1 0 -1 0 -1 0 -1 0 -1 0 -1 0 -1 0 1 0 1 0 1 0 1 1 1 1 1 1 0 0 0 0 0 1 0 1 0 2 0 2 -1 0 -1 0 -1 0 -1 0 -1 0
27 0 1 1 2 2 3 3 4 4 5 5 6 6 7 7 8 8 9 0 10 10 11 11 12 0 13 13 14 14 15 0 16 16 17 0 18 18 19 0 20 0 21 0 22 0 23 0 24 0 25 0 26 G -1 0 -1 0 -1 0 -1 0 -1 0 -1 0 -1 0 -1 0 -1 0 1 0 1 0 1 0 1 1 1 1 1 1 0 0 0 0 0 1 0 1 -1 0 -1 0 -1 0 -1 0 -1 0 -1 0 -1 0
27 0 1 1 2 2 3 3 4 4 5 5 6 6 7 7 8 8 9 0 10 10 11 11 12 0 13 13 14 14 15 0 16 16 17 0 18 0 19 0 20 0 21 0 22 0 23 0 24 0 25 0 26 G -1 0 -1 0 -1 0 -1 0 -1 0 -1 0 -1 0 -1 0 -1 0 0 0 0 0 0 0 0 1 0 1 0 1 -1 0 -1 0 -1 0 -1 0 -1 0 -1 0 -1 0 -1 0 -1 0 -1 0 -1 0
27 0 1 1 2 2 3 3 4 4 5 5 6 6 7 7 8 8 9 0 10 10 11 11 12 0 13 13 14 14 15 0 16 0 17 0 18 0 19 0 20 0 21 0 22 0 23 0 24 0 25 0 26 G -1 0 -1 0 -1 0 -1 0 -1 0 -1 0 -1 0 -1 0 -1 0 0 0 0 0 0 0 0 1 0 1 0 1 -1 0 -1 0 -1 0 -1 0 -1 0 -1 0 -1 0 -1 0 -1 0 -1 0 -1 0
27 0 1 1 2 2 3 3 4 4 5 5 6 6 7 7 8 8 9 0 10 10 11 11 12 0 13 13 14 0 15 15 16 0 17 17 18 0 19 19 20 0 21 21 22 0 23 23 24 0 25 25 26 G -1 0 -1 0 -1 0 -1 0 -1 0 -1 0 -1 0 -1 0 -1 0 -1 0 -1 0 -1 0 0 0 0 0 0 1 0 1 0 2 0 2 0 3 0 3 0 4 0 4 0 5 0 5 0 6 0 6
27 0 1 1 2 2 3 3 4 4 5 5 6 6 7 7 8 8 9 0 10 10 11 11 12 0 13 13 14 0 15 15 16 0 17 17 18 0 19 19 20 0 21 21 22 0 23 23 24 0 25 0 26 G -1 0 -1 0 -1 0 -1 0 -1 0 -1 0 -1 0 -1 0 -1 0 -1 0 -1 0 -1 0 0 0 0 0 0 1 0 1 0 2 0 2 0 3 0 3 0 4 0 4 0 5 0 5 -1 0 -1 0
27 0 1 1 2 2 3 3 4 4 5 5 6 6 7 7 8 8 9 0 10 10 11 11 12 0 13 13 14 0 15 15 16 0 17 17 18 0 19 19 20 0 21 21 22 0 23 0 24 0 25 0 26 G -1 0 -1 0 -1 0 -1 0 -1 0 -1 0 -1 0 -1 0 -1 0 -1 0 -1 0 -1 0 0 0 0 0 0 1 0 1 0 2 0 2 0 3 0 3 0 4 0 4 -1 0 -1 0 -1 0 -1 0
27 0 1 1 2 2 3 3 4 4 5 5 6 6 7 7 8 8 9 0 10 10 11 11 12 0 13 13 14 0 15 15 16 0 17 17 18 0 19 19 20 0 21 0 22 0 23 0 24 0 25 0 26 G -1 0 -1 0 -1 0 -1 0 -1 0 -1 0 -1 0 -1 0 -1 0 -1 0 -1 0 -1 0 0 0 0 0 0 1 0 1 0 2 0 2 0 3 0 3 -1 0 -1 0 -1 0 -1 0 -1 0 -1 0
27 0 1 1 2 2 3 3 4 4 5 5 6 6 7 7 8 8 9 0 10 10 11 11 12 0 13 13 14 0 15 15 16 0 17 17 18 0 19 0 20 0 21 0 22 0 23 0 24 0 25 0 26 G -1 0 -1 0 -1 0 -1 0 -1 0 -1 0 -1 0 -1 0 -1 0 -1 0 -1 0 -1 0 0 0 0 0 0 1 0 1 0 2 0 2 -1 0 -1 0 -1 0 -1 0 -1 0 -1 0 -1 0 -1 0
27 0 1 1 2 2 3 3 4 4 5 5 6 6 7 7 8 8 9 0 10 10 11 11 12 0 13 13 14 0 15 15 16 0 17 0 18 0 19 0 20 0 21 0 22 0 23 0 24 0 25 0 26 G -1 0 -1 0 -1 0 -1 0 -1 0 -1 0 -1 0 -1 0 -1 0 -1 0 -1 0 -1 0 0 0 0 0 0 1 0 1 -1 0 -1 0 -1 0 -1 0 -1 0 -1 0 -1 0 -1 0 -1 0 -1 0
27 0 1 1 2 2 3 3 4 4 5 5 6 6 7 7 8 8 9 0 10 10 11 11 12 0 13 13 14 0 15 0 16 0 17 0 18 0 19 0 20 0 21 0 22 0 23 0 24 0 25 0 26 G -1 0 -1 0 -1 0 -1 0 -1 0 -1 0 -1 0 -1 0 -1 0 -1 0 -1 0 -1 0 -1 0 -1 0 -1 0 -1 0 -1 0 -1 0 -1 0 -1 0 -1 0 -1 0 -1 0 -1 0 -1 0 -1 0
27 0 1 1 2 2 3 3 4 4 5 5 6 6 7 7 8 8 9 0 10 10 11 11 12 0 13 0 14 0 15 0 16 0 17 0 18 0 19 0 20 0 21 0 22 0 23 0 24 0 25 0 26 G -1 0 -1 0 -1 0 -1 0 -1 0 -1 0 -1 0 -1 0 -1 0 -1 0 -1 0 -1 0 -1 0 -1 0 -1 0 -1 0 -1 0 -1 0 -1 0 -1 0 -1 0 -1 0 -1 0 -1 0 -1 0 -1 0
27 0 1 1 2 2 3 3 4 4 5 5 6 6 7 7 8 8 9 0 10 10 11 0 12 12 13 0 14 14 15 0 16 16 17 0 18 18 19 0 20 20 21 0 22 22 23 0 24 24 25 0 26 G -1 0 -1 0 -1 0 -1 0 -1 0 -1 0 -1 0 -1 0 -1 0 0 0 0 0 0 1 0 1 0 2 0 2 0 3 0 3 0 4 0 4 0 5 0 5 0 6 0 6 0 7 0 7 -1 0
27 0 1 1 2 2 3 3 4 4 5 5 6 6 7 7 8 8 9 0 10 10 11 0 12 12 13 0 14 14 15 0 16 16 17 0 18 18 19 0 20 20 21 0 22 22 23 0 24 0 25 0 26 G -1 0 -1 0 -1 0 -1 0 -1 0 -1 0 -1 0 -1 0 -1 0 0 0 0 0 0 1 0 1 0 2 0 2 0 3 0 3 0 4 0 4 0 5 0 5 0 6 0 6 -1 0 -1 0 -1 0
27 0 1 1 2 2 3 3 4 4 5 5 6 6 7 7 8 8 9 0 10 10 11 0 12 12 13 0 14 14 15 0 16 16 17 0 18 18 19 0 20 20 21 0 22 0 23 0 24 0 25 0 26 G -1 0 -1 0 -1 0 -1 0 -1 0 -1 0 -1 0 -1 0 -1 0 0 0 0 0 0 1 0 1 0 2 0 2 0 3 0 3 0 4 0 4 0 5 0 5 -1 0 -1 0 -1 0 -1 0 -1 0
27 0 1 1 2 2 3 3 4 4 5 5 6 6 7 7 8 8 9 0 10 10 11 0 12 12 13 0 14 14 15 0 16 16 17 0 18 18 19 0 20 0 21 0 22 0 23 0 24 0 25 0 26 G -1 0 -1 0 -1 0 -1 0 -1 0 -1 0 -1 0 -1 0 -1 0 0 0 0 0 0 1 0 1 0 2 0 2 0 3 0 3 0 4 0 4 -1 0 -1 0 -1 0 -1 0 -1 0 -1 0 -1 0
27 0 1 1 2 2 3 3 4 4 5 5 6 6 7 7 8 8 9 0 10 10 11 0 12 12 13 0 14 14 15 0 16 16 17 0 18 0 19 0 20 0 21 0 22 0 23 0 24 0 25 0 26 G -1 0 -1 0 -1 0 -1 0 -1 0 -1 0 -1 0 -1 0 -1 0 0 0 0 0 0 1 0 1 0 2 0 2 0 3 0 3 -1 0 -1 0 -1 0 -1 0 -1 0 -1 0 -1 0 -1 0 -1 0
27 0 1 1 2 2 3 3 4 4 5 5 6 6 7 7 8 8 9 0 10 10 11 0 12 12 13 0 14 14 15 0 16 0 17 0 18 0 19 0 20 0 21 0 22 0 23 0 24 0 25 0 26 G -1 0 -1 0 -1 0 -1 0 -1 0 -1 0 -1 0 -1 0 -1 0 0 0 0 0 0 1 0 1 0 2 0 2 -1 0 -1 0 -1 0 -1 0 -1 0 -1 0 -1 0 -1 0 -1 0 -1 0 -1 0
27 0 1 1 2 2 3 3 4 4 5 5 6 6 7 7 8 8 9 0 10 10 11 0 12 12 13 0 14 0 15 0 16 0 17 0 18 0 19 0 20 0 21 0 22 0 23 0 24 0 25 0 26 G -1 0 -1 0 -1 0 -1 0 -1 0 -1 0 -1 0 -1 0 -1 0 0 0 0 0 0 1 0 1 -1 0 -1 0 -1 0 -1 0 -1 0 -1 0 -1 0 -1 0 -1 0 -1 0 -1 0 -1 0 -1 0
27 0 1 1 2 2 3 3 4 4 5 5 6 6 7 7 8 8 9 0 10 10 11 0 12 0 13 0 14 0 15 0 16 0 17 0 18 0 19 0 20 0 21 0 22 0 23 0 24 0 25 0 26 G -1 0 -1 0 -1 0 -1 0 -1 0 -1 0 -1 0 -1 0 -1 0 -1 0 -1 0 -1 0 -1 0 -1 0 -1 0 -1 0 -1 0 -1 0 -1 0 -1 0 -1 0 -1 0 -1 0 -1 0 -1 0 -1 0
27 0 1 1 2 2 3 3 4 4 5 5 6 6 7 7 8 8 9 0 10 0 11 0 12 0 13 0 14 0 15 0 16 0 17 0 18 0 19 0 20 0 21 0 22 0 23 0 24 0 25 0 26 G -1 0 -1 0 -1 0 -1 0 -1 0 -1 0 -1 0 -1 0 -1 0 -1 0 -1 0 -1 0 -1 0 -1 0 -1 0 -1 0 -1 0 -1 0 -1 0 -1 0 -1 0 -1 0 -1 0 -1 0 -1 0 -1 0
27 0 1 1 2 2 3 3 4 4 5 5 6 6 7 7 8 0 9 9 10 10 11 11 12 12 13 13 14 14 15 15 16 0 17 17 18 18 19 19 20 20 21 21 22 22 23 23 24 0 25 25 26 G 0 0 0 0 0 0 0 0 0 0 0 0 0 0 0 0 0 1 0 1 0 1 0 1 0 1 0 1 0 1 0 1 0 2 0 2 0 2 0 2 0 2 0 2 0 2 0 2 -1 0 -1 0
27 0 1 1 2 2 3 3 4 4 5 5 6 6 7 7 8 0 9 9 10 10 11 11 12 12 13 13 14 14 15 15 16 0 17 17 18 18 19 19 20 20 21 21 22 22 23 23 24 0 25 0 26 G 0 0 0 0 0 0 0 0 0 0 0 0 0 0 0 0 0 1 0 1 0 1 0 1 0 1 0 1 0 1 0 1 0 2 0 2 0 2 0 2 0 2 0 2 0 2 0 2 -1 0 -1 0
27 0 1 1 2 2 3 3 4 4 5 5 6 6 7 7 8 0 9 9 10 10 11 11 12 12 13 13 14 14 15 15 16 0 17 17 18 18 19 19 20 20 21 21 22 22 23 0 24 24 25 25 26 G 0 0 0 0 0 0 0 0 0 0 0 0 0 0 0 0 0 1 0 1 0 1 0 1 0 1 0 1 0 1 0 1 -1 0 -1 0 -1 0 -1 0 -1 0 -1 0 -1 0 -1 0 -1 0 -1 0
27 0 1 1 2 2 3 3 4 4 5 5 6 6 7 7 8 0 9 9 10 10 11 11 12 12 13 13 14 14 15 15 16 0 17 17 18 18 19 19 20 20 21 21 22 22 23 0 24 24 25 0 26 G 0 0 0 0 0 0 0 0 0 0 0 0 0 0 0 0 0 1 0 1 0 1 0 1 0 1 0 1 0 1 0 1 -1 0 -1 0 -1 0 -1 0 -1 0 -1 0 -1 0 -1 0 -1 0 -1 0
27 0 1 1 2 2 3 3 4 4 5 5 6 6 7 7 8 0 9 9 10 10 11 11 12 12 13 13 14 14 15 15 16 0 17 17 18 18 19 19 20 20 21 21 22 22 23 0 24 0 25 0 26 G 0 0 0 0 0 0 0 0 0 0 0 0 0 0 0 0 0 1 0 1 0 1 0 1 0 1 0 1 0 1 0 1 -1 0 -1 0 -1 0 -1 0 -1 0 -1 0 -1 0 -1 0 -1 0 -1 0
27 0 1 1 2 2 3 3 4 4 5 5 6 6 7 7 8 0 9 9 10 10 11 11 12 12 13 13 14 14 15 15 16 0 17 17 18 18 19 19 20 20 21 21 22 0 23 23 24 24 25 25 26 G 0 0 0 0 0 0 0 0 0 0 0 0 0 0 0 0 0 1 0 1 0 1 0 1 0 1 0 1 0 1 0 1 -1 0 -1 0 -1 0 -1 0 -1 0 -1 0 -1 0 -1 0 -1 0 -1 0
27 0 1 1 2 2 3 3 4 4 5 5 6 6 7 7 8 0 9 9 10 10 11 11 12 12 13 13 14 14 15 15 16 0 17 17 18 18 19 19 20 20 21 21 22 0 23 23 24 24 25 0 26 G 0 0 0 0 0 0 0 0 0 0 0 0 0 0 0 0 0 1 0 1 0 1 0 1 0 1 0 1 0 1 0 1 -1 0 -1 0 -1 0 -1 0 -1 0 -1 0 -1 0 -1 0 -1 0 -1 0
27 0 1 1 2 2 3 3 4 4 5 5 6 6 7 7 8 0 9 9 10 10 11 11 12 12 13 13 14 14 15 15 16 0 17 17 18 18 19 19 20 20 21 21 22 0 23 23 24 0 25 25 26 G 1 0 1 0 1 0 1 0 1 0 1 0 1 0 1 0 1 1 1 1 1 1 1 1 1 1 1 1 1 1 1 1 -1 0 -1 0 -1 0 -1 0 -1 0 -1 0 0 0 0 0 0 1 0 1
27 0 1 1 2 2 3 3 4 4 5 5 6 6 7 7 8 0 9 9 10 10 11 11 12 12 13 13 14 14 15 15 16 0 17 17 18 18 19 19 20 20 21 21 22 0 23 23 24 0 25 0 26 G 0 0 0 0 0 0 0 0 0 0 0 0 0 0 0 0 0 1 0 1 0 1 0 1 0 1 0 1 0 1 0 1 -1 0 -1 0 -1 0 -1 0 -1 0 -1 0 -1 0 -1 0 -1 0 -1 0
27 0 1 1 2 2 3 3 4 4 5 5 6 6 7 7 8 0 9 9 10 10 11 11 12 12 13 13 14 14 15 15 16 0 17 17 18 18 19 19 20 20 21 21 22 0 23 0 24 0 25 0 26 G 0 0 0 0 0 0 0 0 0 0 0 0 0 0 0 0 0 1 0 1 0 1 0 1 0 1 0 1 0 1 0 1 -1 0 -1 0 -1 0 -1 0 -1 0 -1 0 -1 0 -1 0 -1 0 -1 0
27 0 1 1 2 2 3 3 4 4 5 5 6 6 7 7 8 0 9 9 10 10 11 11 12 12 13 13 14 14 15 15 16 0 17 17 18 18 19 19 20 20 21 0 22 22 23 23 24 24 25 25 26 G 1 0 1 0 1 0 1 0 1 0 1 0 1 0 1 0 1 1 1 1 1 1 1 1 1 1 1 1 1 1 1 1 0 0 0 0 0 0 0 0 0 0 0 1 0 1 0 1 0 1 0 1
27 0 1 1 2 2 3 3 4 4 5 5 6 6 7 7 8 0 9 9 10 10 11 11 12 12 13 13 14 14 15 15 16 0 17 17 18 18 19 19 20 20 21 0 22 22 23 23 24 24 25 0 26 G 0 0 0 0 0 0 0 0 0 0 0 0 0 0 0 0 0 1 0 1 0 1 0 1 0 1 0 1 0 1 0 1 -1 0 -1 0 -1 0 -1 0 -1 0 -1 0 -1 0 -1 0 -1 0 -1 0
27 0 1 1 2 2 3 3 4 4 5 5 6 6 7 7 8 0 9 9 10 10 11 11 12 12 13 13 14 14 15 15 16 0 17 17 18 18 19 19 20 20 21 0 22 22 23 23 24 0 25 25 26 G 0 0 0 0 0 0 0 0 0 0 0 0 0 0 0 0 0 1 0 1 0 1 0 1 0 1 0 1 0 1 0 1 -1 0 -1 0 -1 0 -1 0 -1 0 -1 0 -1 0 -1 0 -1 0 -1 0
27 0 1 1 2 2 3 3 4 4 5 5 6 6 7 7 8 0 9 9 10 10 11 11 12 12 13 13 14 14 15 15 16 0 17 17 18 18 19 19 20 20 21 0 22 22 23 23 24 0 25 0 26 G 0 0 0 0 0 0 0 0 0 0 0 0 0 0 0 0 0 1 0 1 0 1 0 1 0 1 0 1 0 1 0 1 -1 0 -1 0 -1 0 -1 0 -1 0 -1 0 -1 0 -1 0 -1 0 -1 0
27 0 1 1 2 2 3 3 4 4 5 5 6 6 7 7 8 0 9 9 10 10 11 11 12 12 13 13 14 14 15 15 16 0 17 17 18 18 19 19 20 20 21 0 22 22 23 0 24 24 25 0 26 G 1 0 1 0 1 0 1 0 1 0 1 0 1 0 1 0 1 1 1 1 1 1 1 1 1 1 1 1 1 1 1 1 -1 0 -1 0 -1 0 -1 0 -1 0 0 0 0 0 0 1 0 1 -1 0
27 0 1 1 2 2 3 3 4 4 5 5 6 6 7 7 8 0 9 9 10 10 11 11 12 12 13 13 14 14 15 15 16 0 17 17 18 18 19 19 20 20 21 0 22 22 23 0 24 0 25 0 26 G 0 0 0 0 0 0 0 0 0 0 0 0 0 0 0 0 0 1 0 1 0 1 0 1 0 1 0 1 0 1 0 1 -1 0 -1 0 -1 0 -1 0 -1 0 -1 0 -1 0 -1 0 -1 0 -1 0
27 0 1 1 2 2 3 3 4 4 5 5 6 6 7 7 8 0 9 9 10 10 11 11 12 12 13 13 14 14 15 15 16 0 17 17 18 18 19 19 20 20 21 0 22 0 23 0 24 0 25 0 26 G 0 0 0 0 0 0 0 0 0 0 0 0 0 0 0 0 0 1 0 1 0 1 0 1 0 1 0 1 0 1 0 1 -1 0 -1 0 -1 0 -1 0 -1 0 -1 0 -1 0 -1 0 -1 0 -1 0
27 0 1 1 2 2 3 3 4 4 5 5 6 6 7 7 8 0 9 9 10 10 11 11 12 12 13 13 14 14 15 15 16 0 17 17 18 18 19 19 20 0 21 21 22 22 23 23 24 0 25 25 26 G 1 0 1 0 1 0 1 0 1 0 1 0 1 0 1 0 1 1 1 1 1 1 1 1 1 1 1 1 1 1 1 1 0 0 0 0 0 0 0 0 0 1 0 1 0 1 0 1 -1 0 -1 0
27 0 1 1 2 2 3 3 4 4 5 5 6 6 7 7 8 0 9 9 10 10 11 11 12 12 13 13 14 14 15 15 16 0 17 17 18 18 19 19 20 0 21 21 22 22 23 23 24 0 25 0 26 G 1 0 1 0 1 0 1 0 1 0 1 0 1 0 1 0 1 1 1 1 1 1 1 1 1 1 1 1 1 1 1 1 0 0 0 0 0 0 0 0 0 1 0 1 0 1 0 1 -1 0 -1 0
27 0 1 1 2 2 3 3 4 4 5 5 6 6 7 7 8 0 9 9 10 10 11 11 12 12 13 13 14 14 15 15 16 0 17 17 18 18 19 19 20 0 21 21 22 22 23 0 24 24 25 25 26 G 1 0 1 0 1 0 1 0 1 0 1 0 1 0 1 0 1 1 1 1 1 1 1 1 1 1 1 1 1 1 1 1 -1 0 -1 0 -1 0 -1 0 0 0 0 0 0 0 0 1 0 1 0 1
27 0 1 1 2 2 3 3 4 4 5 5 6 6 7 7 8 0 9 9 10 10 11 11 12 12 13 13 14 14 15 15 16 0 17 17 18 18 19 19 20 0 21 21 22 22 23 0 24 24 25 0 26 G 0 0 0 0 0 0 0 0 0 0 0 0 0 0 0 0 0 1 0 1 0 1 0 1 0 1 0 1 0 1 0 1 -1 0 -1 0 -1 0 -1 0 -1 0 -1 0 -1 0 -1 0 -1 0 -1 0
27 0 1 1 2 2 3 3 4 4 5 5 6 6 7 7 8 0 9 9 10 10 11 11 12 12 13 13 14 14 15 15 16 0 17 17 18 18 19 19 20 0 21 21 22 22 23 0 24 0 25 0 26 G 0 0 0 0 0 0 0 0 0 0 0 0 0 0 0 0 0 1 0 1 0 1 0 1 0 1 0 1 0 1 0 1 -1 0 -1 0 -1 0 -1 0 -1 0 -1 0 -1 0 -1 0 -1 0 -1 0
27 0 1 1 2 2 3 3 4 4 5 5 6 6 7 7 8 0 9 9 10 10 11 11 12 12 13 13 14 14 15 15 16 0 17 17 18 18 19 19 20 0 21 21 22 0 23 23 24 0 25 25 26 G 1 0 1 0 1 0 1 0 1 0 1 0 1 0 1 0 1 1 1 1 1 1 1 1 1 1 1 1 1 1 1 1 -1 0 -1 0 -1 0 -1 0 0 0 0 0 0 1 0 1 0 2 0 2
27 0 1 1 2 2 3 3 4 4 5 5 6 6 7 7 8 0 9 9 10 10 11 11 12 12 13 13 14 14 15 15 16 0 17 17 18 18 19 19 20 0 21 21 22 0 23 23 24 0 25 0 26 G 1 0 1 0 1 0 1 0 1 0 1 0 1 0 1 0 1 1 1 1 1 1 1 1 1 1 1 1 1 1 1 1 -1 0 -1 0 -1 0 -1 0 0 0 0 0 0 1 0 1 -1 0 -1 0
27 0 1 1 2 2 3 3 4 4 5 5 6 6 7 7 8 0 9 9 10 10 11 11 12 12 13 13 14 14 15 15 16 0 17 17 18 18 19 19 20 0 21 21 22 0 23 0 24 0 25 0 26 G 0 0 0 0 0 0 0 0 0 0 0 0 0 0 0 0 0 1 0 1 0 1 0 1 0 1 0 1 0 1 0 1 -1 0 -1 0 -1 0 -1 0 -1 0 -1 0 -1 0 -1 0 -1 0 -1 0
27 0 1 1 2 2 3 3 4 4 5 5 6 6 7 7 8 0 9 9 10 10 11 11 12 12 13 13 14 14 15 15 16 0 17 17 18 18 19 19 20 0 21 0 22 0 23 0 24 0 25 0 26 G 0 0 0 0 0 0 0 0 0 0 0 0 0 0 0 0 0 1 0 1 0 1 0 1 0 1 0 1 0 1 0 1 -1 0 -1 0 -1 0 -1 0 -1 0 -1 0 -1 0 -1 0 -1 0 -1 0
27 0 1 1 2 2 3 3 4 4 5 5 6 6 7 7 8 0 9 9 10 10 11 11 12 12 13 13 14 14 15 15 16 0 17 17 18 18 19 0 20 20 21 21 22 0 23 23 24 24 25 0 26 G 1 0 1 0 1 0 1 0 1 0 1 0 1 0 1 0 1 1 1 1 1 1 1 1 1 1 1 1 1 1 1 1 0 0 0 0 0 0 0 1 0 1 0 1 0 2 0 2 0 2 -1 0
27 0 1 1 2 2 3 3 4 4 5 5 6 6 7 7 8 0 9 9 10 10 11 11 12 12 13 13 14 14 15 15 16 0 17 17 18 18 19 0 20 20 21 21 22 0 23 23 24 0 25 25 26 G 2 0 2 0 2 0 2 0 2 0 2 0 2 0 2 0 2 1 2 1 2 1 2 1 2 1 2 1 2 1 2 1 1 0 1 0 1 0 1 1 1 1 1 1 0 0 0 0 0 1 0 1
27 0 1 1 2 2 3 3 4 4 5 5 6 6 7 7 8 0 9 9 10 10 11 11 12 12 13 13 14 14 15 15 16 0 17 17 18 18 19 0 20 20 21 21 22 0 23 23 24 0 25 0 26 G 1 0 1 0 1 0 1 0 1 0 1 0 1 0 1 0 1 1 1 1 1 1 1 1 1 1 1 1 1 1 1 1 0 0 0 0 0 0 0 1 0 1 0 1 -1 0 -1 0 -1 0 -1 0
27 0 1 1 2 2 3 3 4 4 5 5 6 6 7 7 8 0 9 9 10 10 11 11 12 12 13 13 14 14 15 15 16 0 17 17 18 18 19 0 20 20 21 21 22 0 23 0 24 0 25 0 26 G 1 0 1 0 1 0 1 0 1 0 1 0 1 0 1 0 1 1 1 1 1 1 1 1 1 1 1 1 1 1 1 1 0 0 0 0 0 0 0 1 0 1 0 1 -1 0 -1 0 -1 0 -1 0
27 0 1 1 2 2 3 3 4 4 5 5 6 6 7 7 8 0 9 9 10 10 11 11 12 12 13 13 14 14 15 15 16 0 17 17 18 18 19 0 20 20 21 0 22 22 23 0 24 24 25 0 26 G 1 0 1 0 1 0 1 0 1 0 1 0 1 0 1 0 1 1 1 1 1 1 1 1 1 1 1 1 1 1 1 1 -1 0 -1 0 -1 0 0 0 0 0 0 1 0 1 0 2 0 2 -1 0
27 0 1 1 2 2 3 3 4 4 5 5 6 6 7 7 8 0 9 9 10 10 11 11 12 12 13 13 14 14 15 15 16 0 17 17 18 18 19 0 20 20 21 0 22 22 23 0 24 0 25 0 26 G 1 0 1 0 1 0 1 0 1 0 1 0 1 0 1 0 1 1 1 1 1 1 1 1 1 1 1 1 1 1 1 1 -1 0 -1 0 -1 0 0 0 0 0 0 1 0 1 -1 0 -1 0 -1 0
27 0 1 1 2 2 3 3 4 4 5 5 6 6 7 7 8 0 9 9 10 10 11 11 12 12 13 13 14 14 15 15 16 0 17 17 18 18 19 0 20 20 21 0 22 0 23 0 24 0 25 0 26 G 0 0 0 0 0 0 0 0 0 0 0 0 0 0 0 0 0 1 0 1 0 1 0 1 0 1 0 1 0 1 0 1 -1 0 -1 0 -1 0 -1 0 -1 0 -1 0 -1 0 -1 0 -1 0 -1 0
27 0 1 1 2 2 3 3 4 4 5 5 6 6 7 7 8 0 9 9 10 10 11 11 12 12 13 13 14 14 15 15 16 0 17 17 18 18 19 0 20 0 21 0 22 0 23 0 24 0 25 0 26 G 0 0 0 0 0 0 0 0 0 0 0 0 0 0 0 0 0 1 0 1 0 1 0 1 0 1 0 1 0 1 0 1 -1 0 -1 0 -1 0 -1 0 -1 0 -1 0 -1 0 -1 0 -1 0 -1 0
27 0 1 1 2 2 3 3 4 4 5 5 6 6 7 7 8 0 9 9 10 10 11 11 12 12 13 13 14 14 15 15 16 0 17 17 18 0 19 19 20 0 21 21 22 0 23 23 24 0 25 25 26 G 1 0 1 0 1 0 1 0 1 0 1 0 1 0 1 0 1 1 1 1 1 1 1 1 1 1 1 1 1 1 1 1 0 0 0 0 0 1 0 1 0 2 0 2 0 3 0 3 0 4 0 4
27 0 1 1 2 2 3 3 4 4 5 5 6 6 7 7 8 0 9 9 10 10 11 11 12 12 13 13 14 14 15 15 16 0 17 17 18 0 19 19 20 0 21 21 22 0 23 23 24 0 25 0 26 G 1 0 1 0 1 0 1 0 1 0 1 0 1 0 1 0 1 1 1 1 1 1 1 1 1 1 1 1 1 1 1 1 0 0 0 0 0 1 0 1 0 2 0 2 0 3 0 3 -1 0 -1 0
27 0 1 1 2 2 3 3 4 4 5 5 6 6 7 7 8 0 9 9 10 10 11 11 12 12 13 13 14 14 15 15 16 0 17 17 18 0 19 19 20 0 21 21 22 0 23 0 24 0 25 0 26 G 1 0 1 0 1 0 1 0 1 0 1 0 1 0 1 0 1 1 1 1 1 1 1 1 1 1 1 1 1 1 1 1 0 0 0 0 0 1 0 1 0 2 0 2 -1 0 -1 0 -1 0 -1 0
27 0 1 1 2 2 3 3 4 4 5 5 6 6 7 7 8 0 9 9 10 10 11 11 12 12 13 13 14 14 15 15 16 0 17 17 18 0 19 19 20 0 21 0 22 0 23 0 24 0 25 0 26 G 1 0 1 0 1 0 1 0 1 0 1 0 1 0 1 0 1 1 1 1 1 1 1 1 1 1 1 1 1 1 1 1 0 0 0 0 0 1 0 1 -1 0 -1 0 -1 0 -1 0 -1 0 -1 0
27 0 1 1 2 2 3 3 4 4 5 5 6 6 7 7 8 0 9 9 10 10 11 11 12 12 13 13 14 14 15 15 16 0 17 17 18 0 19 0 20 0 21 0 22 0 23 0 24 0 25 0 26 G 0 0 0 0 0 0 0 0 0 0 0 0 0 0 0 0 0 1 0 1 0 1 0 1 0 1 0 1 0 1 0 1 -1 0 -1 0 -1 0 -1 0 -1 0 -1 0 -1 0 -1 0 -1 0 -1 0
27 0 1 1 2 2 3 3 4 4 5 5 6 6 7 7 8 0 9 9 10 10 11 11 12 12 13 13 14 14 15 15 16 0 17 0 18 0 19 0 20 0 21 0 22 0 23 0 24 0 25 0 26 G 0 0 0 0 0 0 0 0 0 0 0 0 0 0 0 0 0 1 0 1 0 1 0 1 0 1 0 1 0 1 0 1 -1 0 -1 0 -1 0 -1 0 -1 0 -1 0 -1 0 -1 0 -1 0 -1 0
27 0 1 1 2 2 3 3 4 4 5 5 6 6 7 7 8 0 9 9 10 10 11 11 12 12 13 13 14 14 15 0 16 16 17 17 18 18 19 19 20 20 21 21 22 0 23 23 24 24 25 25 26 G -1 0 -1 0 -1 0 -1 0 -1 0 -1 0 -1 0 -1 0 0 0 0 0 0 0 0 0 0 0 0 0 0 0 0 1 0 1 0 1 0 1 0 1 0 1 0 1 -1 0 -1 0 -1 0 -1 0
27 0 1 1 2 2 3 3 4 4 5 5 6 6 7 7 8 0 9 9 10 10 11 11 12 12 13 13 14 14 15 0 16 16 17 17 18 18 19 19 20 20 21 21 22 0 23 23 24 24 25 0 26 G -1 0 -1 0 -1 0 -1 0 -1 0 -1 0 -1 0 -1 0 0 0 0 0 0 0 0 0 0 0 0 0 0 0 0 1 0 1 0 1 0 1 0 1 0 1 0 1 -1 0 -1 0 -1 0 -1 0
27 0 1 1 2 2 3 3 4 4 5 5 6 6 7 7 8 0 9 9 10 10 11 11 12 12 13 13 14 14 15 0 16 16 17 17 18 18 19 19 20 20 21 21 22 0 23 23 24 0 25 25 26 G -1 0 -1 0 -1 0 -1 0 -1 0 -1 0 -1 0 -1 0 1 0 1 0 1 0 1 0 1 0 1 0 1 0 1 1 1 1 1 1 1 1 1 1 1 1 1 1 0 0 0 0 0 1 0 1
27 0 1 1 2 2 3 3 4 4 5 5 6 6 7 7 8 0 9 9 10 10 11 11 12 12 13 13 14 14 15 0 16 16 17 17 18 18 19 19 20 20 21 21 22 0 23 23 24 0 25 0 26 G -1 0 -1 0 -1 0 -1 0 -1 0 -1 0 -1 0 -1 0 0 0 0 0 0 0 0 0 0 0 0 0 0 0 0 1 0 1 0 1 0 1 0 1 0 1 0 1 -1 0 -1 0 -1 0 -1 0
27 0 1 1 2 2 3 3 4 4 5 5 6 6 7 7 8 0 9 9 10 10 11 11 12 12 13 13 14 14 15 0 16 16 17 17 18 18 19 19 20 20 21 21 22 0 23 0 24 0 25 0 26 G -1 0 -1 0 -1 0 -1 0 -1 0 -1 0 -1 0 -1 0 0 0 0 0 0 0 0 0 0 0 0 0 0 0 0 1 0 1 0 1 0 1 0 1 0 1 0 1 -1 0 -1 0 -1 0 -1 0
27 0 1 1 2 2 3 3 4 4 5 5 6 6 7 7 8 0 9 9 10 10 11 11 12 12 13 13 14 14 15 0 16 16 17 17 18 18 19 19 20 20 21 0 22 22 23 23 24 24 25 25 26 G -1 0 -1 0 -1 0 -1 0 -1 0 -1 0 -1 0 -1 0 -1 0 -1 0 -1 0 -1 0 -1 0 -1 0 -1 0 -1 0 -1 0 -1 0 -1 0 -1 0 -1 0 -1 0 -1 0 -1 0 -1 0 -1 0
27 0 1 1 2 2 3 3 4 4 5 5 6 6 7 7 8 0 9 9 10 10 11 11 12 12 13 13 14 14 15 0 16 16 17 17 18 18 19 19 20 20 21 0 22 22 23 23 24 24 25 0 26 G -1 0 -1 0 -1 0 -1 0 -1 0 -1 0 -1 0 -1 0 -1 0 -1 0 -1 0 -1 0 -1 0 -1 0 -1 0 -1 0 -1 0 -1 0 -1 0 -1 0 -1 0 -1 0 -1 0 -1 0 -1 0 -1 0
27 0 1 1 2 2 3 3 4 4 5 5 6 6 7 7 8 0 9 9 10 10 11 11 12 12 13 13 14 14 15 0 16 16 17 17 18 18 19 19 20 20 21 0 22 22 23 23 24 0 25 25 26 G -1 0 -1 0 -1 0 -1 0 -1 0 -1 0 -1 0 -1 0 -1 0 -1 0 -1 0 -1 0 -1 0 -1 0 -1 0 -1 0 -1 0 -1 0 -1 0 -1 0 -1 0 -1 0 -1 0 -1 0 -1 0 -1 0
27 0 1 1 2 2 3 3 4 4 5 5 6 6 7 7 8 0 9 9 10 10 11 11 12 12 13 13 14 14 15 0 16 16 17 17 18 18 19 19 20 20 21 0 22 22 23 23 24 0 25 0 26 G -1 0 -1 0 -1 0 -1 0 -1 0 -1 0 -1 0 -1 0 -1 0 -1 0 -1 0 -1 0 -1 0 -1 0 -1 0 -1 0 -1 0 -1 0 -1 0 -1 0 -1 0 -1 0 -1 0 -1 0 -1 0 -1 0
27 0 1 1 2 2 3 3 4 4 5 5 6 6 7 7 8 0 9 9 10 10 11 11 12 12 13 13 14 14 15 0 16 16 17 17 18 18 19 19 20 20 21 0 22 22 23 0 24 24 25 0 26 G -1 0 -1 0 -1 0 -1 0 -1 0 -1 0 -1 0 -1 0 -1 0 -1 0 -1 0 -1 0 -1 0 -1 0 -1 0 -1 0 -1 0 -1 0 -1 0 -1 0 -1 0 0 0 0 0 0 1 0 1 -1 0
27 0 1 1 2 2 3 3 4 4 5 5 6 6 7 7 8 0 9 9 10 10 11 11 12 12 13 13 14 14 15 0 16 16 17 17 18 18 19 19 20 20 21 0 22 22 23 0 24 0 25 0 26 G -1 0 -1 0 -1 0 -1 0 -1 0 -1 0 -1 0 -1 0 -1 0 -1 0 -1 0 -1 0 -1 0 -1 0 -1 0 -1 0 -1 0 -1 0 -1 0 -1 0 -1 0 -1 0 -1 0 -1 0 -1 0 -1 0
27 0 1 1 2 2 3 3 4 4 5 5 6 6 7 7 8 0 9 9 10 10 11 11 12 12 13 13 14 14 15 0 16 16 17 17 18 18 19 19 20 20 21 0 22 0 23 0 24 0 25 0 26 G -1 0 -1 0 -1 0 -1 0 -1 0 -1 0 -1 0 -1 0 -1 0 -1 0 -1 0 -1 0 -1 0 -1 0 -1 0 -1 0 -1 0 -1 0 -1 0 -1 0 -1 0 -1 0 -1 0 -1 0 -1 0 -1 0
27 0 1 1 2 2 3 3 4 4 5 5 6 6 7 7 8 0 9 9 10 10 11 11 12 12 13 13 14 14 15 0 16 16 17 17 18 18 19 19 20 0 21 21 22 22 23 23 24 24 25 0 26 G -1 0 -1 0 -1 0 -1 0 -1 0 -1 0 -1 0 -1 0 -1 0 -1 0 -1 0 -1 0 -1 0 -1 0 -1 0 0 0 0 0 0 0 0 0 0 0 0 1 0 1 0 1 0 1 0 1 -1 0
27 0 1 1 2 2 3 3 4 4 5 5 6 6 7 7 8 0 9 9 10 10 11 11 12 12 13 13 14 14 15 0 16 16 17 17 18 18 19 19 20 0 21 21 22 22 23 23 24 0 25 25 26 G -1 0 -1 0 -1 0 -1 0 -1 0 -1 0 -1 0 -1 0 -1 0 -1 0 -1 0 -1 0 -1 0 -1 0 -1 0 -1 0 -1 0 -1 0 -1 0 -1 0 -1 0 -1 0 -1 0 -1 0 -1 0 -1 0
27 0 1 1 2 2 3 3 4 4 5 5 6 6 7 7 8 0 9 9 10 10 11 11 12 12 13 13 14 14 15 0 16 16 17 17 18 18 19 19 20 0 21 21 22 22 23 23 24 0 25 0 26 G -1 0 -1 0 -1 0 -1 0 -1 0 -1 0 -1 0 -1 0 -1 0 -1 0 -1 0 -1 0 -1 0 -1 0 -1 0 -1 0 -1 0 -1 0 -1 0 -1 0 -1 0 -1 0 -1 0 -1 0 -1 0 -1 0
27 0 1 1 2 2 3 3 4 4 5 5 6 6 7 7 8 0 9 9 10 10 11 11 12 12 13 13 14 14 15 0 16 16 17 17 18 18 19 19 20 0 21 21 22 22 23 0 24 24 25 25 26 G -1 0 -1 0 -1 0 -1 0 -1 0 -1 0 -1 0 -1 0 -1 0 -1 0 -1 0 -1 0 -1 0 -1 0 -1 0 -1 0 -1 0 -1 0 -1 0 -1 0 0 0 0 0 0 0 0 1 0 1 0 1
27 0 1 1 2 2 3 3 4 4 5 5 6 6 7 7 8 0 9 9 10 10 11 11 12 12 13 13 14 14 15 0 16 16 17 17 18 18 19 19 20 0 21 21 22 22 23 0 24 24 25 0 26 G -1 0 -1 0 -1 0 -1 0 -1 0 -1 0 -1 0 -1 0 -1 0 -1 0 -1 0 -1 0 -1 0 -1 0 -1 0 -1 0 -1 0 -1 0 -1 0 -1 0 -1 0 -1 0 -1 0 -1 0 -1 0 -1 0
27 0 1 1 2 2 3 3 4 4 5 5 6 6 7 7 8 0 9 9 10 10 11 11 12 12 13 13 14 14 15 0 16 16 17 17 18 18 19 19 20 0 21 21 22 22 23 0 24 0 25 0 26 G -1 0 -1 0 -1 0 -1 0 -1 0 -1 0 -1 0 -1 0 -1 0 -1 0 -1 0 -1 0 -1 0 -1 0 -1 0 -1 0 -1 0 -1 0 -1 0 -1 0 -1 0 -1 0 -1 0 -1 0 -1 0 -1 0
27 0 1 1 2 2 3 3 4 4 5 5 6 6 7 7 8 0 9 9 10 10 11 11 12 12 13 13 14 14 15 0 16 16 17 17 18 18 19 19 20 0 21 21 22 0 23 23 24 0 25 25 26 G -1 0 -1 0 -1 0 -1 0 -1 0 -1 0 -1 0 -1 0 -1 0 -1 0 -1 0 -1 0 -1 0 -1 0 -1 0 -1 0 -1 0 -1 0 -1 0 -1 0 0 0 0 0 0 1 0 1 0 2 0 2
27 0 1 1 2 2 3 3 4 4 5 5 6 6 7 7 8 0 9 9 10 10 11 11 12 12 13 13 14 14 15 0 16 16 17 17 18 18 19 19 20 0 21 21 22 0 23 23 24 0 25 0 26 G -1 0 -1 0 -1 0 -1 0 -1 0 -1 0 -1 0 -1 0 -1 0 -1 0 -1 0 -1 0 -1 0 -1 0 -1 0 -1 0 -1 0 -1 0 -1 0 -1 0 0 0 0 0 0 1 0 1 -1 0 -1 0
27 0 1 1 2 2 3 3 4 4 5 5 6 6 7 7 8 0 9 9 10 10 11 11 12 12 13 13 14 14 15 0 16 16 17 17 18 18 19 19 20 0 21 21 22 0 23 0 24 0 25 0 26 G -1 0 -1 0 -1 0 -1 0 -1 0 -1 0 -1 0 -1 0 -1 0 -1 0 -1 0 -1 0 -1 0 -1 0 -1 0 -1 0 -1 0 -1 0 -1 0 -1 0 -1 0 -1 0 -1 0 -1 0 -1 0 -1 0
27 0 1 1 2 2 3 3 4 4 5 5 6 6 7 7 8 0 9 9 10 10 11 11 12 12 13 13 14 14 15 0 16 16 17 17 18 18 19 19 20 0 21 0 22 0 23 0 24 0 25 0 26 G -1 0 -1 0 -1 0 -1 0 -1 0 -1 0 -1 0 -1 0 -1 0 -1 0 -1 0 -1 0 -1 0 -1 0 -1 0 -1 0 -1 0 -1 0 -1 0 -1 0 -1 0 -1 0 -1 0 -1 0 -1 0 -1 0
27 0 1 1 2 2 3 3 4 4 5 5 6 6 7 7 8 0 9 9 10 10 11 11 12 12 13 13 14 14 15 0 16 16 17 17 18 18 19 0 20 20 21 21 22 22 23 0 24 24 25 25 26 G -1 0 -1 0 -1 0 -1 0 -1 0 -1 0 -1 0 -1 0 -1 0 -1 0 -1 0 -1 0 -1 0 -1 0 -1 0 0 0 0 0 0 0 0 0 0 1 0 1 0 1 0 1 -1 0 -1 0 -1 0
27 0 1 1 2 2 3 3 4 4 5 5 6 6 7 7 8 0 9 9 10 10 11 11 12 12 13 13 14 14 15 0 16 16 17 17 18 18 19 0 20 20 21 21 22 22 23 0 24 24 25 0 26 G -1 0 -1 0 -1 0 -1 0 -1 0 -1 0 -1 0 -1 0 -1 0 -1 0 -1 0 -1 0 -1 0 -1 0 -1 0 0 0 0 0 0 0 0 0 0 1 0 1 0 1 0 1 -1 0 -1 0 -1 0
27 0 1 1 2 2 3 3 4 4 5 5 6 6 7 7 8 0 9 9 10 10 11 11 12 12 13 13 14 14 15 0 16 16 17 17 18 18 19 0 20 20 21 21 22 22 23 0 24 0 25 0 26 G -1 0 -1 0 -1 0 -1 0 -1 0 -1 0 -1 0 -1 0 -1 0 -1 0 -1 0 -1 0 -1 0 -1 0 -1 0 0 0 0 0 0 0 0 0 0 1 0 1 0 1 0 1 -1 0 -1 0 -1 0
27 0 1 1 2 2 3 3 4 4 5 5 6 6 7 7 8 0 9 9 10 10 11 11 12 12 13 13 14 14 15 0 16 16 17 17 18 18 19 0 20 20 21 21 22 0 23 23 24 24 25 0 26 G -1 0 -1 0 -1 0 -1 0 -1 0 -1 0 -1 0 -1 0 -1 0 -1 0 -1 0 -1 0 -1 0 -1 0 -1 0 -1 0 -1 0 -1 0 -1 0 0 0 0 0 0 0 0 1 0 1 0 1 -1 0
27 0 1 1 2 2 3 3 4 4 5 5 6 6 7 7 8 0 9 9 10 10 11 11 12 12 13 13 14 14 15 0 16 16 17 17 18 18 19 0 20 20 21 21 22 0 23 23 24 0 25 25 26 G -1 0 -1 0 -1 0 -1 0 -1 0 -1 0 -1 0 -1 0 -1 0 -1 0 -1 0 -1 0 -1 0 -1 0 -1 0 -1 0 -1 0 -1 0 -1 0 -1 0 -1 0 -1 0 0 0 0 0 0 1 0 1
27 0 1 1 2 2 3 3 4 4 5 5 6 6 7 7 8 0 9 9 10 10 11 11 12 12 13 13 14 14 15 0 16 16 17 17 18 18 19 0 20 20 21 21 22 0 23 23 24 0 25 0 26 G -1 0 -1 0 -1 0 -1 0 -1 0 -1 0 -1 0 -1 0 -1 0 -1 0 -1 0 -1 0 -1 0 -1 0 -1 0 -1 0 -1 0 -1 0 -1 0 -1 0 -1 0 -1 0 -1 0 -1 0 -1 0 -1 0
27 0 1 1 2 2 3 3 4 4 5 5 6 6 7 7 8 0 9 9 10 10 11 11 12 12 13 13 14 14 15 0 16 16 17 17 18 18 19 0 20 20 21 21 22 0 23 0 24 0 25 0 26 G -1 0 -1 0 -1 0 -1 0 -1 0 -1 0 -1 0 -1 0 -1 0 -1 0 -1 0 -1 0 -1 0 -1 0 -1 0 -1 0 -1 0 -1 0 -1 0 -1 0 -1 0 -1 0 -1 0 -1 0 -1 0 -1 0
27 0 1 1 2 2 3 3 4 4 5 5 6 6 7 7 8 0 9 9 10 10 11 11 12 12 13 13 14 14 15 0 16 16 17 17 18 18 19 0 20 20 21 0 22 22 23 0 24 24 25 0 26 G -1 0 -1 0 -1 0 -1 0 -1 0 -1 0 -1 0 -1 0 -1 0 -1 0 -1 0 -1 0 -1 0 -1 0 -1 0 -1 0 -1 0 -1 0 -1 0 0 0 0 0 0 1 0 1 0 2 0 2 -1 0
27 0 1 1 2 2 3 3 4 4 5 5 6 6 7 7 8 0 9 9 10 10 11 11 12 12 13 13 14 14 15 0 16 16 17 17 18 18 19 0 20 20 21 0 22 22 23 0 24 0 25 0 26 G -1 0 -1 0 -1 0 -1 0 -1 0 -1 0 -1 0 -1 0 -1 0 -1 0 -1 0 -1 0 -1 0 -1 0 -1 0 -1 0 -1 0 -1 0 -1 0 0 0 0 0 0 1 0 1 -1 0 -1 0 -1 0
27 0 1 1 2 2 3 3 4 4 5 5 6 6 7 7 8 0 9 9 10 10 11 11 12 12 13 13 14 14 15 0 16 16 17 17 18 18 19 0 20 20 21 0 22 0 23 0 24 0 25 0 26 G -1 0 -1 0 -1 0 -1 0 -1 0 -1 0 -1 0 -1 0 -1 0 -1 0 -1 0 -1 0 -1 0 -1 0 -1 0 -1 0 -1 0 -1 0 -1 0 -1 0 -1 0 -1 0 -1 0 -1 0 -1 0 -1 0
27 0 1 1 2 2 3 3 4 4 5 5 6 6 7 7 8 0 9 9 10 10 11 11 12 12 13 13 14 14 15 0 16 16 17 17 18 18 19 0 20 0 21 0 22 0 23 0 24 0 25 0 26 G -1 0 -1 0 -1 0 -1 0 -1 0 -1 0 -1 0 -1 0 -1 0 -1 0 -1 0 -1 0 -1 0 -1 0 -1 0 -1 0 -1 0 -1 0 -1 0 -1 0 -1 0 -1 0 -1 0 -1 0 -1 0 -1 0
27 0 1 1 2 2 3 3 4 4 5 5 6 6 7 7 8 0 9 9 10 10 11 11 12 12 13 13 14 14 15 0 16 16 17 17 18 0 19 19 20 20 21 0 22 22 23 23 24 0 25 25 26 G -1 0 -1 0 -1 0 -1 0 -1 0 -1 0 -1 0 -1 0 -1 0 -1 0 -1 0 -1 0 -1 0 -1 0 -1 0 0 0 0 0 0 0 0 1 0 1 0 1 0 2 0 2 0 2 -1 0 -1 0
27 0 1 1 2 2 3 3 4 4 5 5 6 6 7 7 8 0 9 9 10 10 11 11 12 12 13 13 14 14 15 0 16 16 17 17 18 0 19 19 20 20 21 0 22 22 23 23 24 0 25 0 26 G -1 0 -1 0 -1 0 -1 0 -1 0 -1 0 -1 0 -1 0 -1 0 -1 0 -1 0 -1 0 -1 0 -1 0 -1 0 0 0 0 0 0 0 0 1 0 1 0 1 0 2 0 2 0 2 -1 0 -1 0
27 0 1 1 2 2 3 3 4 4 5 5 6 6 7 7 8 0 9 9 10 10 11 11 12 12 13 13 14 14 15 0 16 16 17 17 18 0 19 19 20 20 21 0 22 22 23 0 24 24 25 0 26 G -1 0 -1 0 -1 0 -1 0 -1 0 -1 0 -1 0 -1 0 -1 0 -1 0 -1 0 -1 0 -1 0 -1 0 -1 0 1 0 1 0 1 0 1 1 1 1 1 1 0 0 0 0 0 1 0 1 -1 0
27 0 1 1 2 2 3 3 4 4 5 5 6 6 7 7 8 0 9 9 10 10 11 11 12 12 13 13 14 14 15 0 16 16 17 17 18 0 19 19 20 20 21 0 22 22 23 0 24 0 25 0 26 G -1 0 -1 0 -1 0 -1 0 -1 0 -1 0 -1 0 -1 0 -1 0 -1 0 -1 0 -1 0 -1 0 -1 0 -1 0 0 0 0 0 0 0 0 1 0 1 0 1 -1 0 -1 0 -1 0 -1 0 -1 0
27 0 1 1 2 2 3 3 4 4 5 5 6 6 7 7 8 0 9 9 10 10 11 11 12 12 13 13 14 14 15 0 16 16 17 17 18 0 19 19 20 20 21 0 22 0 23 0 24 0 25 0 26 G -1 0 -1 0 -1 0 -1 0 -1 0 -1 0 -1 0 -1 0 -1 0 -1 0 -1 0 -1 0 -1 0 -1 0 -1 0 0 0 0 0 0 0 0 1 0 1 0 1 -1 0 -1 0 -1 0 -1 0 -1 0
27 0 1 1 2 2 3 3 4 4 5 5 6 6 7 7 8 0 9 9 10 10 11 11 12 12 13 13 14 14 15 0 16 16 17 17 18 0 19 19 20 0 21 21 22 0 23 23 24 0 25 25 26 G -1 0 -1 0 -1 0 -1 0 -1 0 -1 0 -1 0 -1 0 -1 0 -1 0 -1 0 -1 0 -1 0 -1 0 -1 0 -1 0 -1 0 -1 0 0 0 0 0 0 1 0 1 0 2 0 2 0 3 0 3
27 0 1 1 2 2 3 3 4 4 5 5 6 6 7 7 8 0 9 9 10 10 11 11 12 12 13 13 14 14 15 0 16 16 17 17 18 0 19 19 20 0 21 21 22 0 23 23 24 0 25 0 26 G -1 0 -1 0 -1 0 -1 0 -1 0 -1 0 -1 0 -1 0 -1 0 -1 0 -1 0 -1 0 -1 0 -1 0 -1 0 -1 0 -1 0 -1 0 0 0 0 0 0 1 0 1 0 2 0 2 -1 0 -1 0
27 0 1 1 2 2 3 3 4 4 5 5 6 6 7 7 8 0 9 9 10 10 11 11 12 12 13 13 14 14 15 0 16 16 17 17 18 0 19 19 20 0 21 21 22 0 23 0 24 0 25 0 26 G -1 0 -1 0 -1 0 -1 0 -1 0 -1 0 -1 0 -1 0 -1 0 -1 0 -1 0 -1 0 -1 0 -1 0 -1 0 -1 0 -1 0 -1 0 0 0 0 0 0 1 0 1 -1 0 -1 0 -1 0 -1 0
27 0 1 1 2 2 3 3 4 4 5 5 6 6 7 7 8 0 9 9 10 10 11 11 12 12 13 13 14 14 15 0 16 16 17 17 18 0 19 19 20 0 21 0 22 0 23 0 24 0 25 0 26 G -1 0 -1 0 -1 0 -1 0 -1 0 -1 0 -1 0 -1 0 -1 0 -1 0 -1 0 -1 0 -1 0 -1 0 -1 0 -1 0 -1 0 -1 0 -1 0 -1 0 -1 0 -1 0 -1 0 -1 0 -1 0 -1 0
27 0 1 1 2 2 3 3 4 4 5 5 6 6 7 7 8 0 9 9 10 10 11 11 12 12 13 13 14 14 15 0 16 16 17 17 18 0 19 0 20 0 21 0 22 0 23 0 24 0 25 0 26 G -1 0 -1 0 -1 0 -1 0 -1 0 -1 0 -1 0 -1 0 -1 0 -1 0 -1 0 -1 0 -1 0 -1 0 -1 0 -1 0 -1 0 -1 0 -1 0 -1 0 -1 0 -1 0 -1 0 -1 0 -1 0 -1 0
27 0 1 1 2 2 3 3 4 4 5 5 6 6 7 7 8 0 9 9 10 10 11 11 12 12 13 13 14 14 15 0 16 16 17 0 18 18 19 0 20 20 21 0 22 22 23 0 24 24 25 0 26 G -1 0 -1 0 -1 0 -1 0 -1 0 -1 0 -1 0 -1 0 -1 0 -1 0 -1 0 -1 0 -1 0 -1 0 -1 0 0 0 0 0 0 1 0 1 0 2 0 2 0 3 0 3 0 4 0 4 -1 0
27 0 1 1 2 2 3 3 4 4 5 5 6 6 7 7 8 0 9 9 10 10 11 11 12 12 13 13 14 14 15 0 16 16 17 0 18 18 19 0 20 20 21 0 22 22 23 0 24 0 25 0 26 G -1 0 -1 0 -1 0 -1 0 -1 0 -1 0 -1 0 -1 0 -1 0 -1 0 -1 0 -1 0 -1 0 -1 0 -1 0 0 0 0 0 0 1 0 1 0 2 0 2 0 3 0 3 -1 0 -1 0 -1 0
27 0 1 1 2 2 3 3 4 4 5 5 6 6 7 7 8 0 9 9 10 10 11 11 12 12 13 13 14 14 15 0 16 16 17 0 18 18 19 0 20 20 21 0 22 0 23 0 24 0 25 0 26 G -1 0 -1 0 -1 0 -1 0 -1 0 -1 0 -1 0 -1 0 -1 0 -1 0 -1 0 -1 0 -1 0 -1 0 -1 0 0 0 0 0 0 1 0 1 0 2 0 2 -1 0 -1 0 -1 0 -1 0 -1 0
27 0 1 1 2 2 3 3 4 4 5 5 6 6 7 7 8 0 9 9 10 10 11 11 12 12 13 13 14 14 15 0 16 16 17 0 18 18 19 0 20 0 21 0 22 0 23 0 24 0 25 0 26 G -1 0 -1 0 -1 0 -1 0 -1 0 -1 0 -1 0 -1 0 -1 0 -1 0 -1 0 -1 0 -1 0 -1 0 -1 0 0 0 0 0 0 1 0 1 -1 0 -1 0 -1 0 -1 0 -1 0 -1 0 -1 0
27 0 1 1 2 2 3 3 4 4 5 5 6 6 7 7 8 0 9 9 10 10 11 11 12 12 13 13 14 14 15 0 16 16 17 0 18 0 19 0 20 0 21 0 22 0 23 0 24 0 25 0 26 G -1 0 -1 0 -1 0 -1 0 -1 0 -1 0 -1 0 -1 0 -1 0 -1 0 -1 0 -1 0 -1 0 -1 0 -1 0 -1 0 -1 0 -1 0 -1 0 -1 0 -1 0 -1 0 -1 0 -1 0 -1 0 -1 0
27 0 1 1 2 2 3 3 4 4 5 5 6 6 7 7 8 0 9 9 10 10 11 11 12 12 13 13 14 14 15 0 16 0 17 0 18 0 19 0 20 0 21 0 22 0 23 0 24 0 25 0 26 G -1 0 -1 0 -1 0 -1 0 -1 0 -1 0 -1 0 -1 0 -1 0 -1 0 -1 0 -1 0 -1 0 -1 0 -1 0 -1 0 -1 0 -1 0 -1 0 -1 0 -1 0 -1 0 -1 0 -1 0 -1 0 -1 0
27 0 1 1 2 2 3 3 4 4 5 5 6 6 7 7 8 0 9 9 10 10 11 11 12 12 13 13 14 0 15 15 16 16 17 17 18 18 19 19 20 0 21 21 22 22 23 23 24 24 25 25 26 G -1 0 -1 0 -1 0 -1 0 -1 0 -1 0 -1 0 -1 0 0 0 0 0 0 0 0 0 0 0 0 0 0 1 0 1 0 1 0 1 0 1 0 1 0 2 0 2 0 2 0 2 0 2 0 2
27 0 1 1 2 2 3 3 4 4 5 5 6 6 7 7 8 0 9 9 10 10 11 11 12 12 13 13 14 0 15 15 16 16 17 17 18 18 19 19 20 0 21 21 22 22 23 23 24 24 25 0 26 G -1 0 -1 0 -1 0 -1 0 -1 0 -1 0 -1 0 -1 0 0 0 0 0 0 0 0 0 0 0 0 0 0 1 0 1 0 1 0 1 0 1 0 1 -1 0 -1 0 -1 0 -1 0 -1 0 -1 0
27 0 1 1 2 2 3 3 4 4 5 5 6 6 7 7 8 0 9 9 10 10 11 11 12 12 13 13 14 0 15 15 16 16 17 17 18 18 19 19 20 0 21 21 22 22 23 23 24 0 25 25 26 G -1 0 -1 0 -1 0 -1 0 -1 0 -1 0 -1 0 -1 0 0 0 0 0 0 0 0 0 0 0 0 0 0 1 0 1 0 1 0 1 0 1 0 1 -1 0 -1 0 -1 0 -1 0 -1 0 -1 0
27 0 1 1 2 2 3 3 4 4 5 5 6 6 7 7 8 0 9 9 10 10 11 11 12 12 13 13 14 0 15 15 16 16 17 17 18 18 19 19 20 0 21 21 22 22 23 23 24 0 25 0 26 G -1 0 -1 0 -1 0 -1 0 -1 0 -1 0 -1 0 -1 0 0 0 0 0 0 0 0 0 0 0 0 0 0 1 0 1 0 1 0 1 0 1 0 1 -1 0 -1 0 -1 0 -1 0 -1 0 -1 0
27 0 1 1 2 2 3 3 4 4 5 5 6 6 7 7 8 0 9 9 10 10 11 11 12 12 13 13 14 0 15 15 16 16 17 17 18 18 19 19 20 0 21 21 22 22 23 0 24 24 25 25 26 G -1 0 -1 0 -1 0 -1 0 -1 0 -1 0 -1 0 -1 0 1 0 1 0 1 0 1 0 1 0 1 0 1 1 1 1 1 1 1 1 1 1 1 1 0 0 0 0 0 0 0 1 0 1 0 1
27 0 1 1 2 2 3 3 4 4 5 5 6 6 7 7 8 0 9 9 10 10 11 11 12 12 13 13 14 0 15 15 16 16 17 17 18 18 19 19 20 0 21 21 22 22 23 0 24 24 25 0 26 G -1 0 -1 0 -1 0 -1 0 -1 0 -1 0 -1 0 -1 0 0 0 0 0 0 0 0 0 0 0 0 0 0 1 0 1 0 1 0 1 0 1 0 1 -1 0 -1 0 -1 0 -1 0 -1 0 -1 0
27 0 1 1 2 2 3 3 4 4 5 5 6 6 7 7 8 0 9 9 10 10 11 11 12 12 13 13 14 0 15 15 16 16 17 17 18 18 19 19 20 0 21 21 22 22 23 0 24 0 25 0 26 G -1 0 -1 0 -1 0 -1 0 -1 0 -1 0 -1 0 -1 0 0 0 0 0 0 0 0 0 0 0 0 0 0 1 0 1 0 1 0 1 0 1 0 1 -1 0 -1 0 -1 0 -1 0 -1 0 -1 0
27 0 1 1 2 2 3 3 4 4 5 5 6 6 7 7 8 0 9 9 10 10 11 11 12 12 13 13 14 0 15 15 16 16 17 17 18 18 19 19 20 0 21 21 22 0 23 23 24 0 25 25 26 G -1 0 -1 0 -1 0 -1 0 -1 0 -1 0 -1 0 -1 0 1 0 1 0 1 0 1 0 1 0 1 0 1 1 1 1 1 1 1 1 1 1 1 1 0 0 0 0 0 1 0 1 0 2 0 2
27 0 1 1 2 2 3 3 4 4 5 5 6 6 7 7 8 0 9 9 10 10 11 11 12 12 13 13 14 0 15 15 16 16 17 17 18 18 19 19 20 0 21 21 22 0 23 23 24 0 25 0 26 G -1 0 -1 0 -1 0 -1 0 -1 0 -1 0 -1 0 -1 0 1 0 1 0 1 0 1 0 1 0 1 0 1 1 1 1 1 1 1 1 1 1 1 1 0 0 0 0 0 1 0 1 -1 0 -1 0
27 0 1 1 2 2 3 3 4 4 5 5 6 6 7 7 8 0 9 9 10 10 11 11 12 12 13 13 14 0 15 15 16 16 17 17 18 18 19 19 20 0 21 21 22 0 23 0 24 0 25 0 26 G -1 0 -1 0 -1 0 -1 0 -1 0 -1 0 -1 0 -1 0 0 0 0 0 0 0 0 0 0 0 0 0 0 1 0 1 0 1 0 1 0 1 0 1 -1 0 -1 0 -1 0 -1 0 -1 0 -1 0
27 0 1 1 2 2 3 3 4 4 5 5 6 6 7 7 8 0 9 9 10 10 11 11 12 12 13 13 14 0 15 15 16 16 17 17 18 18 19 19 20 0 21 0 22 0 23 0 24 0 25 0 26 G -1 0 -1 0 -1 0 -1 0 -1 0 -1 0 -1 0 -1 0 0 0 0 0 0 0 0 0 0 0 0 0 0 1 0 1 0 1 0 1 0 1 0 1 -1 0 -1 0 -1 0 -1 0 -1 0 -1 0
27 0 1 1 2 2 3 3 4 4 5 5 6 6 7 7 8 0 9 9 10 10 11 11 12 12 13 13 14 0 15 15 16 16 17 17 18 18 19 0 20 20 21 21 22 22 23 23 24 0 25 25 26 G -1 0 -1 0 -1 0 -1 0 -1 0 -1 0 -1 0 -1 0 -1 0 -1 0 -1 0 -1 0 -1 0 -1 0 0 0 0 0 0 0 0 0 0 0 0 1 0 1 0 1 0 1 0 1 -1 0 -1 0
27 0 1 1 2 2 3 3 4 4 5 5 6 6 7 7 8 0 9 9 10 10 11 11 12 12 13 13 14 0 15 15 16 16 17 17 18 18 19 0 20 20 21 21 22 22 23 23 24 0 25 0 26 G -1 0 -1 0 -1 0 -1 0 -1 0 -1 0 -1 0 -1 0 -1 0 -1 0 -1 0 -1 0 -1 0 -1 0 0 0 0 0 0 0 0 0 0 0 0 1 0 1 0 1 0 1 0 1 -1 0 -1 0
27 0 1 1 2 2 3 3 4 4 5 5 6 6 7 7 8 0 9 9 10 10 11 11 12 12 13 13 14 0 15 15 16 16 17 17 18 18 19 0 20 20 21 21 22 22 23 0 24 24 25 25 26 G -1 0 -1 0 -1 0 -1 0 -1 0 -1 0 -1 0 -1 0 -1 0 -1 0 -1 0 -1 0 -1 0 -1 0 -1 0 -1 0 -1 0 -1 0 -1 0 -1 0 -1 0 -1 0 -1 0 -1 0 -1 0 -1 0
27 0 1 1 2 2 3 3 4 4 5 5 6 6 7 7 8 0 9 9 10 10 11 11 12 12 13 13 14 0 15 15 16 16 17 17 18 18 19 0 20 20 21 21 22 22 23 0 24 24 25 0 26 G -1 0 -1 0 -1 0 -1 0 -1 0 -1 0 -1 0 -1 0 -1 0 -1 0 -1 0 -1 0 -1 0 -1 0 -1 0 -1 0 -1 0 -1 0 -1 0 -1 0 -1 0 -1 0 -1 0 -1 0 -1 0 -1 0
27 0 1 1 2 2 3 3 4 4 5 5 6 6 7 7 8 0 9 9 10 10 11 11 12 12 13 13 14 0 15 15 16 16 17 17 18 18 19 0 20 20 21 21 22 22 23 0 24 0 25 0 26 G -1 0 -1 0 -1 0 -1 0 -1 0 -1 0 -1 0 -1 0 -1 0 -1 0 -1 0 -1 0 -1 0 -1 0 -1 0 -1 0 -1 0 -1 0 -1 0 -1 0 -1 0 -1 0 -1 0 -1 0 -1 0 -1 0
27 0 1 1 2 2 3 3 4 4 5 5 6 6 7 7 8 0 9 9 10 10 11 11 12 12 13 13 14 0 15 15 16 16 17 17 18 18 19 0 20 20 21 21 22 0 23 23 24 24 25 0 26 G -1 0 -1 0 -1 0 -1 0 -1 0 -1 0 -1 0 -1 0 -1 0 -1 0 -1 0 -1 0 -1 0 -1 0 -1 0 -1 0 -1 0 -1 0 -1 0 0 0 0 0 0 0 0 1 0 1 0 1 -1 0
27 0 1 1 2 2 3 3 4 4 5 5 6 6 7 7 8 0 9 9 10 10 11 11 12 12 13 13 14 0 15 15 16 16 17 17 18 18 19 0 20 20 21 21 22 0 23 23 24 0 25 25 26 G -1 0 -1 0 -1 0 -1 0 -1 0 -1 0 -1 0 -1 0 -1 0 -1 0 -1 0 -1 0 -1 0 -1 0 -1 0 -1 0 -1 0 -1 0 -1 0 -1 0 -1 0 -1 0 0 0 0 0 0 1 0 1
27 0 1 1 2 2 3 3 4 4 5 5 6 6 7 7 8 0 9 9 10 10 11 11 12 12 13 13 14 0 15 15 16 16 17 17 18 18 19 0 20 20 21 21 22 0 23 23 24 0 25 0 26 G -1 0 -1 0 -1 0 -1 0 -1 0 -1 0 -1 0 -1 0 -1 0 -1 0 -1 0 -1 0 -1 0 -1 0 -1 0 -1 0 -1 0 -1 0 -1 0 -1 0 -1 0 -1 0 -1 0 -1 0 -1 0 -1 0
27 0 1 1 2 2 3 3 4 4 5 5 6 6 7 7 8 0 9 9 10 10 11 11 12 12 13 13 14 0 15 15 16 16 17 17 18 18 19 0 20 20 21 21 22 0 23 0 24 0 25 0 26 G -1 0 -1 0 -1 0 -1 0 -1 0 -1 0 -1 0 -1 0 -1 0 -1 0 -1 0 -1 0 -1 0 -1 0 -1 0 -1 0 -1 0 -1 0 -1 0 -1 0 -1 0 -1 0 -1 0 -1 0 -1 0 -1 0
27 0 1 1 2 2 3 3 4 4 5 5 6 6 7 7 8 0 9 9 10 10 11 11 12 12 13 13 14 0 15 15 16 16 17 17 18 18 19 0 20 20 21 0 22 22 23 0 24 24 25 0 26 G -1 0 -1 0 -1 0 -1 0 -1 0 -1 0 -1 0 -1 0 -1 0 -1 0 -1 0 -1 0 -1 0 -1 0 -1 0 -1 0 -1 0 -1 0 -1 0 0 0 0 0 0 1 0 1 0 2 0 2 -1 0
27 0 1 1 2 2 3 3 4 4 5 5 6 6 7 7 8 0 9 9 10 10 11 11 12 12 13 13 14 0 15 15 16 16 17 17 18 18 19 0 20 20 21 0 22 22 23 0 24 0 25 0 26 G -1 0 -1 0 -1 0 -1 0 -1 0 -1 0 -1 0 -1 0 -1 0 -1 0 -1 0 -1 0 -1 0 -1 0 -1 0 -1 0 -1 0 -1 0 -1 0 0 0 0 0 0 1 0 1 -1 0 -1 0 -1 0
27 0 1 1 2 2 3 3 4 4 5 5 6 6 7 7 8 0 9 9 10 10 11 11 12 12 13 13 14 0 15 15 16 16 17 17 18 18 19 0 20 20 21 0 22 0 23 0 24 0 25 0 26 G -1 0 -1 0 -1 0 -1 0 -1 0 -1 0 -1 0 -1 0 -1 0 -1 0 -1 0 -1 0 -1 0 -1 0 -1 0 -1 0 -1 0 -1 0 -1 0 -1 0 -1 0 -1 0 -1 0 -1 0 -1 0 -1 0
27 0 1 1 2 2 3 3 4 4 5 5 6 6 7 7 8 0 9 9 10 10 11 11 12 12 13 13 14 0 15 15 16 16 17 17 18 18 19 0 20 0 21 0 22 0 23 0 24 0 25 0 26 G -1 0 -1 0 -1 0 -1 0 -1 0 -1 0 -1 0 -1 0 -1 0 -1 0 -1 0 -1 0 -1 0 -1 0 -1 0 -1 0 -1 0 -1 0 -1 0 -1 0 -1 0 -1 0 -1 0 -1 0 -1 0 -1 0
27 0 1 1 2 2 3 3 4 4 5 5 6 6 7 7 8 0 9 9 10 10 11 11 12 12 13 13 14 0 15 15 16 16 17 17 18 0 19 19 20 20 21 21 22 0 23 23 24 24 25 25 26 G -1 0 -1 0 -1 0 -1 0 -1 0 -1 0 -1 0 -1 0 -1 0 -1 0 -1 0 -1 0 -1 0 -1 0 0 0 0 0 0 0 0 0 0 1 0 1 0 1 0 1 0 2 0 2 0 2 0 2
27 0 1 1 2 2 3 3 4 4 5 5 6 6 7 7 8 0 9 9 10 10 11 11 12 12 13 13 14 0 15 15 16 16 17 17 18 0 19 19 20 20 21 21 22 0 23 23 24 24 25 0 26 G -1 0 -1 0 -1 0 -1 0 -1 0 -1 0 -1 0 -1 0 -1 0 -1 0 -1 0 -1 0 -1 0 -1 0 0 0 0 0 0 0 0 0 0 1 0 1 0 1 0 1 -1 0 -1 0 -1 0 -1 0
27 0 1 1 2 2 3 3 4 4 5 5 6 6 7 7 8 0 9 9 10 10 11 11 12 12 13 13 14 0 15 15 16 16 17 17 18 0 19 19 20 20 21 21 22 0 23 23 24 0 25 25 26 G -1 0 -1 0 -1 0 -1 0 -1 0 -1 0 -1 0 -1 0 -1 0 -1 0 -1 0 -1 0 -1 0 -1 0 1 0 1 0 1 0 1 0 1 1 1 1 1 1 1 1 0 0 0 0 0 1 0 1
27 0 1 1 2 2 3 3 4 4 5 5 6 6 7 7 8 0 9 9 10 10 11 11 12 12 13 13 14 0 15 15 16 16 17 17 18 0 19 19 20 20 21 21 22 0 23 23 24 0 25 0 26 G -1 0 -1 0 -1 0 -1 0 -1 0 -1 0 -1 0 -1 0 -1 0 -1 0 -1 0 -1 0 -1 0 -1 0 0 0 0 0 0 0 0 0 0 1 0 1 0 1 0 1 -1 0 -1 0 -1 0 -1 0
27 0 1 1 2 2 3 3 4 4 5 5 6 6 7 7 8 0 9 9 10 10 11 11 12 12 13 13 14 0 15 15 16 16 17 17 18 0 19 19 20 20 21 21 22 0 23 0 24 0 25 0 26 G -1 0 -1 0 -1 0 -1 0 -1 0 -1 0 -1 0 -1 0 -1 0 -1 0 -1 0 -1 0 -1 0 -1 0 0 0 0 0 0 0 0 0 0 1 0 1 0 1 0 1 -1 0 -1 0 -1 0 -1 0
27 0 1 1 2 2 3 3 4 4 5 5 6 6 7 7 8 0 9 9 10 10 11 11 12 12 13 13 14 0 15 15 16 16 17 17 18 0 19 19 20 20 21 0 22 22 23 23 24 0 25 25 26 G -1 0 -1 0 -1 0 -1 0 -1 0 -1 0 -1 0 -1 0 -1 0 -1 0 -1 0 -1 0 -1 0 -1 0 -1 0 -1 0 -1 0 -1 0 0 0 0 0 0 0 0 1 0 1 0 1 -1 0 -1 0
27 0 1 1 2 2 3 3 4 4 5 5 6 6 7 7 8 0 9 9 10 10 11 11 12 12 13 13 14 0 15 15 16 16 17 17 18 0 19 19 20 20 21 0 22 22 23 23 24 0 25 0 26 G -1 0 -1 0 -1 0 -1 0 -1 0 -1 0 -1 0 -1 0 -1 0 -1 0 -1 0 -1 0 -1 0 -1 0 -1 0 -1 0 -1 0 -1 0 0 0 0 0 0 0 0 1 0 1 0 1 -1 0 -1 0
27 0 1 1 2 2 3 3 4 4 5 5 6 6 7 7 8 0 9 9 10 10 11 11 12 12 13 13 14 0 15 15 16 16 17 17 18 0 19 19 20 20 21 0 22 22 23 0 24 24 25 0 26 G -1 0 -1 0 -1 0 -1 0 -1 0 -1 0 -1 0 -1 0 -1 0 -1 0 -1 0 -1 0 -1 0 -1 0 -1 0 -1 0 -1 0 -1 0 -1 0 -1 0 -1 0 0 0 0 0 0 1 0 1 -1 0
27 0 1 1 2 2 3 3 4 4 5 5 6 6 7 7 8 0 9 9 10 10 11 11 12 12 13 13 14 0 15 15 16 16 17 17 18 0 19 19 20 20 21 0 22 22 23 0 24 0 25 0 26 G -1 0 -1 0 -1 0 -1 0 -1 0 -1 0 -1 0 -1 0 -1 0 -1 0 -1 0 -1 0 -1 0 -1 0 -1 0 -1 0 -1 0 -1 0 -1 0 -1 0 -1 0 -1 0 -1 0 -1 0 -1 0 -1 0
27 0 1 1 2 2 3 3 4 4 5 5 6 6 7 7 8 0 9 9 10 10 11 11 12 12 13 13 14 0 15 15 16 16 17 17 18 0 19 19 20 20 21 0 22 0 23 0 24 0 25 0 26 G -1 0 -1 0 -1 0 -1 0 -1 0 -1 0 -1 0 -1 0 -1 0 -1 0 -1 0 -1 0 -1 0 -1 0 -1 0 -1 0 -1 0 -1 0 -1 0 -1 0 -1 0 -1 0 -1 0 -1 0 -1 0 -1 0
27 0 1 1 2 2 3 3 4 4 5 5 6 6 7 7 8 0 9 9 10 10 11 11 12 12 13 13 14 0 15 15 16 16 17 17 18 0 19 19 20 0 21 21 22 0 23 23 24 0 25 25 26 G -1 0 -1 0 -1 0 -1 0 -1 0 -1 0 -1 0 -1 0 -1 0 -1 0 -1 0 -1 0 -1 0 -1 0 -1 0 -1 0 -1 0 -1 0 0 0 0 0 0 1 0 1 0 2 0 2 0 3 0 3
27 0 1 1 2 2 3 3 4 4 5 5 6 6 7 7 8 0 9 9 10 10 11 11 12 12 13 13 14 0 15 15 16 16 17 17 18 0 19 19 20 0 21 21 22 0 23 23 24 0 25 0 26 G -1 0 -1 0 -1 0 -1 0 -1 0 -1 0 -1 0 -1 0 -1 0 -1 0 -1 0 -1 0 -1 0 -1 0 -1 0 -1 0 -1 0 -1 0 0 0 0 0 0 1 0 1 0 2 0 2 -1 0 -1 0
27 0 1 1 2 2 3 3 4 4 5 5 6 6 7 7 8 0 9 9 10 10 11 11 12 12 13 13 14 0 15 15 16 16 17 17 18 0 19 19 20 0 21 21 22 0 23 0 24 0 25 0 26 G -1 0 -1 0 -1 0 -1 0 -1 0 -1 0 -1 0 -1 0 -1 0 -1 0 -1 0 -1 0 -1 0 -1 0 -1 0 -1 0 -1 0 -1 0 0 0 0 0 0 1 0 1 -1 0 -1 0 -1 0 -1 0
27 0 1 1 2 2 3 3 4 4 5 5 6 6 7 7 8 0 9 9 10 10 11 11 12 12 13 13 14 0 15 15 16 16 17 17 18 0 19 19 20 0 21 0 22 0 23 0 24 0 25 0 26 G -1 0 -1 0 -1 0 -1 0 -1 0 -1 0 -1 0 -1 0 -1 0 -1 0 -1 0 -1 0 -1 0 -1 0 -1 0 -1 0 -1 0 -1 0 -1 0 -1 0 -1 0 -1 0 -1 0 -1 0 -1 0 -1 0
27 0 1 1 2 2 3 3 4 4 5 5 6 6 7 7 8 0 9 9 10 10 11 11 12 12 13 13 14 0 15 15 16 16 17 17 18 0 19 0 20 0 21 0 22 0 23 0 24 0 25 0 26 G -1 0 -1 0 -1 0 -1 0 -1 0 -1 0 -1 0 -1 0 -1 0 -1 0 -1 0 -1 0 -1 0 -1 0 -1 0 -1 0 -1 0 -1 0 -1 0 -1 0 -1 0 -1 0 -1 0 -1 0 -1 0 -1 0
27 0 1 1 2 2 3 3 4 4 5 5 6 6 7 7 8 0 9 9 10 10 11 11 12 12 13 13 14 0 15 15 16 16 17 0 18 18 19 19 20 0 21 21 22 22 23 0 24 24 25 25 26 G -1 0 -1 0 -1 0 -1 0 -1 0 -1 0 -1 0 -1 0 -1 0 -1 0 -1 0 -1 0 -1 0 -1 0 0 0 0 0 0 0 0 1 0 1 0 1 0 2 0 2 0 2 0 3 0 3 0 3
27 0 1 1 2 2 3 3 4 4 5 5 6 6 7 7 8 0 9 9 10 10 11 11 12 12 13 13 14 0 15 15 16 16 17 0 18 18 19 19 20 0 21 21 22 22 23 0 24 24 25 0 26 G -1 0 -1 0 -1 0 -1 0 -1 0 -1 0 -1 0 -1 0 -1 0 -1 0 -1 0 -1 0 -1 0 -1 0 0 0 0 0 0 0 0 1 0 1 0 1 0 2 0 2 0 2 -1 0 -1 0 -1 0
27 0 1 1 2 2 3 3 4 4 5 5 6 6 7 7 8 0 9 9 10 10 11 11 12 12 13 13 14 0 15 15 16 16 17 0 18 18 19 19 20 0 21 21 22 22 23 0 24 0 25 0 26 G -1 0 -1 0 -1 0 -1 0 -1 0 -1 0 -1 0 -1 0 -1 0 -1 0 -1 0 -1 0 -1 0 -1 0 0 0 0 0 0 0 0 1 0 1 0 1 0 2 0 2 0 2 -1 0 -1 0 -1 0
27 0 1 1 2 2 3 3 4 4 5 5 6 6 7 7 8 0 9 9 10 10 11 11 12 12 13 13 14 0 15 15 16 16 17 0 18 18 19 19 20 0 21 21 22 0 23 23 24 0 25 25 26 G -1 0 -1 0 -1 0 -1 0 -1 0 -1 0 -1 0 -1 0 -1 0 -1 0 -1 0 -1 0 -1 0 -1 0 1 0 1 0 1 0 1 1 1 1 1 1 0 0 0 0 0 1 0 1 0 2 0 2
27 0 1 1 2 2 3 3 4 4 5 5 6 6 7 7 8 0 9 9 10 10 11 11 12 12 13 13 14 0 15 15 16 16 17 0 18 18 19 19 20 0 21 21 22 0 23 23 24 0 25 0 26 G -1 0 -1 0 -1 0 -1 0 -1 0 -1 0 -1 0 -1 0 -1 0 -1 0 -1 0 -1 0 -1 0 -1 0 1 0 1 0 1 0 1 1 1 1 1 1 0 0 0 0 0 1 0 1 -1 0 -1 0
27 0 1 1 2 2 3 3 4 4 5 5 6 6 7 7 8 0 9 9 10 10 11 11 12 12 13 13 14 0 15 15 16 16 17 0 18 18 19 19 20 0 21 21 22 0 23 0 24 0 25 0 26 G -1 0 -1 0 -1 0 -1 0 -1 0 -1 0 -1 0 -1 0 -1 0 -1 0 -1 0 -1 0 -1 0 -1 0 0 0 0 0 0 0 0 1 0 1 0 1 -1 0 -1 0 -1 0 -1 0 -1 0 -1 0
27 0 1 1 2 2 3 3 4 4 5 5 6 6 7 7 8 0 9 9 10 10 11 11 12 12 13 13 14 0 15 15 16 16 17 0 18 18 19 19 20 0 21 0 22 0 23 0 24 0 25 0 26 G -1 0 -1 0 -1 0 -1 0 -1 0 -1 0 -1 0 -1 0 -1 0 -1 0 -1 0 -1 0 -1 0 -1 0 0 0 0 0 0 0 0 1 0 1 0 1 -1 0 -1 0 -1 0 -1 0 -1 0 -1 0
27 0 1 1 2 2 3 3 4 4 5 5 6 6 7 7 8 0 9 9 10 10 11 11 12 12 13 13 14 0 15 15 16 16 17 0 18 18 19 0 20 20 21 0 22 22 23 0 24 24 25 0 26 G -1 0 -1 0 -1 0 -1 0 -1 0 -1 0 -1 0 -1 0 -1 0 -1 0 -1 0 -1 0 -1 0 -1 0 -1 0 -1 0 -1 0 0 0 0 0 0 1 0 1 0 2 0 2 0 3 0 3 -1 0
27 0 1 1 2 2 3 3 4 4 5 5 6 6 7 7 8 0 9 9 10 10 11 11 12 12 13 13 14 0 15 15 16 16 17 0 18 18 19 0 20 20 21 0 22 22 23 0 24 0 25 0 26 G -1 0 -1 0 -1 0 -1 0 -1 0 -1 0 -1 0 -1 0 -1 0 -1 0 -1 0 -1 0 -1 0 -1 0 -1 0 -1 0 -1 0 0 0 0 0 0 1 0 1 0 2 0 2 -1 0 -1 0 -1 0
27 0 1 1 2 2 3 3 4 4 5 5 6 6 7 7 8 0 9 9 10 10 11 11 12 12 13 13 14 0 15 15 16 16 17 0 18 18 19 0 20 20 21 0 22 0 23 0 24 0 25 0 26 G -1 0 -1 0 -1 0 -1 0 -1 0 -1 0 -1 0 -1 0 -1 0 -1 0 -1 0 -1 0 -1 0 -1 0 -1 0 -1 0 -1 0 0 0 0 0 0 1 0 1 -1 0 -1 0 -1 0 -1 0 -1 0
27 0 1 1 2 2 3 3 4 4 5 5 6 6 7 7 8 0 9 9 10 10 11 11 12 12 13 13 14 0 15 15 16 16 17 0 18 18 19 0 20 0 21 0 22 0 23 0 24 0 25 0 26 G -1 0 -1 0 -1 0 -1 0 -1 0 -1 0 -1 0 -1 0 -1 0 -1 0 -1 0 -1 0 -1 0 -1 0 -1 0 -1 0 -1 0 -1 0 -1 0 -1 0 -1 0 -1 0 -1 0 -1 0 -1 0 -1 0
27 0 1 1 2 2 3 3 4 4 5 5 6 6 7 7 8 0 9 9 10 10 11 11 12 12 13 13 14 0 15 15 16 16 17 0 18 0 19 0 20 0 21 0 22 0 23 0 24 0 25 0 26 G -1 0 -1 0 -1 0 -1 0 -1 0 -1 0 -1 0 -1 0 -1 0 -1 0 -1 0 -1 0 -1 0 -1 0 -1 0 -1 0 -1 0 -1 0 -1 0 -1 0 -1 0 -1 0 -1 0 -1 0 -1 0 -1 0
27 0 1 1 2 2 3 3 4 4 5 5 6 6 7 7 8 0 9 9 10 10 11 11 12 12 13 13 14 0 15 15 16 0 17 17 18 0 19 19 20 0 21 21 22 0 23 23 24 0 25 25 26 G -1 0 -1 0 -1 0 -1 0 -1 0 -1 0 -1 0 -1 0 -1 0 -1 0 -1 0 -1 0 -1 0 -1 0 0 0 0 0 0 1 0 1 0 2 0 2 0 3 0 3 0 4 0 4 0 5 0 5
27 0 1 1 2 2 3 3 4 4 5 5 6 6 7 7 8 0 9 9 10 10 11 11 12 12 13 13 14 0 15 15 16 0 17 17 18 0 19 19 20 0 21 21 22 0 23 23 24 0 25 0 26 G -1 0 -1 0 -1 0 -1 0 -1 0 -1 0 -1 0 -1 0 -1 0 -1 0 -1 0 -1 0 -1 0 -1 0 0 0 0 0 0 1 0 1 0 2 0 2 0 3 0 3 0 4 0 4 -1 0 -1 0
27 0 1 1 2 2 3 3 4 4 5 5 6 6 7 7 8 0 9 9 10 10 11 11 12 12 13 13 14 0 15 15 16 0 17 17 18 0 19 19 20 0 21 21 22 0 23 0 24 0 25 0 26 G -1 0 -1 0 -1 0 -1 0 -1 0 -1 0 -1 0 -1 0 -1 0 -1 0 -1 0 -1 0 -1 0 -1 0 0 0 0 0 0 1 0 1 0 2 0 2 0 3 0 3 -1 0 -1 0 -1 0 -1 0
27 0 1 1 2 2 3 3 4 4 5 5 6 6 7 7 8 0 9 9 10 10 11 11 12 12 13 13 14 0 15 15 16 0 17 17 18 0 19 19 20 0 21 0 22 0 23 0 24 0 25 0 26 G -1 0 -1 0 -1 0 -1 0 -1 0 -1 0 -1 0 -1 0 -1 0 -1 0 -1 0 -1 0 -1 0 -1 0 0 0 0 0 0 1 0 1 0 2 0 2 -1 0 -1 0 -1 0 -1 0 -1 0 -1 0
27 0 1 1 2 2 3 3 4 4 5 5 6 6 7 7 8 0 9 9 10 10 11 11 12 12 13 13 14 0 15 15 16 0 17 17 18 0 19 0 20 0 21 0 22 0 23 0 24 0 25 0 26 G -1 0 -1 0 -1 0 -1 0 -1 0 -1 0 -1 0 -1 0 -1 0 -1 0 -1 0 -1 0 -1 0 -1 0 0 0 0 0 0 1 0 1 -1 0 -1 0 -1 0 -1 0 -1 0 -1 0 -1 0 -1 0
27 0 1 1 2 2 3 3 4 4 5 5 6 6 7 7 8 0 9 9 10 10 11 11 12 12 13 13 14 0 15 15 16 0 17 0 18 0 19 0 20 0 21 0 22 0 23 0 24 0 25 0 26 G -1 0 -1 0 -1 0 -1 0 -1 0 -1 0 -1 0 -1 0 -1 0 -1 0 -1 0 -1 0 -1 0 -1 0 -1 0 -1 0 -1 0 -1 0 -1 0 -1 0 -1 0 -1 0 -1 0 -1 0 -1 0 -1 0
27 0 1 1 2 2 3 3 4 4 5 5 6 6 7 7 8 0 9 9 10 10 11 11 12 12 13 13 14 0 15 0 16 0 17 0 18 0 19 0 20 0 21 0 22 0 23 0 24 0 25 0 26 G -1 0 -1 0 -1 0 -1 0 -1 0 -1 0 -1 0 -1 0 -1 0 -1 0 -1 0 -1 0 -1 0 -1 0 -1 0 -1 0 -1 0 -1 0 -1 0 -1 0 -1 0 -1 0 -1 0 -1 0 -1 0 -1 0
27 0 1 1 2 2 3 3 4 4 5 5 6 6 7 7 8 0 9 9 10 10 11 11 12 12 13 0 14 14 15 15 16 16 17 17 18 0 19 19 20 20 21 21 22 22 23 0 24 24 25 25 26 G -1 0 -1 0 -1 0 -1 0 -1 0 -1 0 -1 0 -1 0 0 0 0 0 0 0 0 0 0 0 0 1 0 1 0 1 0 1 0 1 0 2 0 2 0 2 0 2 0 2 -1 0 -1 0 -1 0
27 0 1 1 2 2 3 3 4 4 5 5 6 6 7 7 8 0 9 9 10 10 11 11 12 12 13 0 14 14 15 15 16 16 17 17 18 0 19 19 20 20 21 21 22 22 23 0 24 24 25 0 26 G -1 0 -1 0 -1 0 -1 0 -1 0 -1 0 -1 0 -1 0 0 0 0 0 0 0 0 0 0 0 0 1 0 1 0 1 0 1 0 1 0 2 0 2 0 2 0 2 0 2 -1 0 -1 0 -1 0
27 0 1 1 2 2 3 3 4 4 5 5 6 6 7 7 8 0 9 9 10 10 11 11 12 12 13 0 14 14 15 15 16 16 17 17 18 0 19 19 20 20 21 21 22 22 23 0 24 0 25 0 26 G -1 0 -1 0 -1 0 -1 0 -1 0 -1 0 -1 0 -1 0 0 0 0 0 0 0 0 0 0 0 0 1 0 1 0 1 0 1 0 1 0 2 0 2 0 2 0 2 0 2 -1 0 -1 0 -1 0
27 0 1 1 2 2 3 3 4 4 5 5 6 6 7 7 8 0 9 9 10 10 11 11 12 12 13 0 14 14 15 15 16 16 17 17 18 0 19 19 20 20 21 21 22 0 23 23 24 24 25 25 26 G -1 0 -1 0 -1 0 -1 0 -1 0 -1 0 -1 0 -1 0 1 0 1 0 1 0 1 0 1 0 1 1 1 1 1 1 1 1 1 1 0 0 0 0 0 0 0 0 0 1 0 1 0 1 0 1
27 0 1 1 2 2 3 3 4 4 5 5 6 6 7 7 8 0 9 9 10 10 11 11 12 12 13 0 14 14 15 15 16 16 17 17 18 0 19 19 20 20 21 21 22 0 23 23 24 24 25 0 26 G -1 0 -1 0 -1 0 -1 0 -1 0 -1 0 -1 0 -1 0 0 0 0 0 0 0 0 0 0 0 0 1 0 1 0 1 0 1 0 1 -1 0 -1 0 -1 0 -1 0 -1 0 -1 0 -1 0 -1 0
27 0 1 1 2 2 3 3 4 4 5 5 6 6 7 7 8 0 9 9 10 10 11 11 12 12 13 0 14 14 15 15 16 16 17 17 18 0 19 19 20 20 21 21 22 0 23 23 24 0 25 25 26 G -1 0 -1 0 -1 0 -1 0 -1 0 -1 0 -1 0 -1 0 1 0 1 0 1 0 1 0 1 0 1 1 1 1 1 1 1 1 1 1 -1 0 -1 0 -1 0 -1 0 0 0 0 0 0 1 0 1
27 0 1 1 2 2 3 3 4 4 5 5 6 6 7 7 8 0 9 9 10 10 11 11 12 12 13 0 14 14 15 15 16 16 17 17 18 0 19 19 20 20 21 21 22 0 23 23 24 0 25 0 26 G -1 0 -1 0 -1 0 -1 0 -1 0 -1 0 -1 0 -1 0 0 0 0 0 0 0 0 0 0 0 0 1 0 1 0 1 0 1 0 1 -1 0 -1 0 -1 0 -1 0 -1 0 -1 0 -1 0 -1 0
27 0 1 1 2 2 3 3 4 4 5 5 6 6 7 7 8 0 9 9 10 10 11 11 12 12 13 0 14 14 15 15 16 16 17 17 18 0 19 19 20 20 21 21 22 0 23 0 24 0 25 0 26 G -1 0 -1 0 -1 0 -1 0 -1 0 -1 0 -1 0 -1 0 0 0 0 0 0 0 0 0 0 0 0 1 0 1 0 1 0 1 0 1 -1 0 -1 0 -1 0 -1 0 -1 0 -1 0 -1 0 -1 0
27 0 1 1 2 2 3 3 4 4 5 5 6 6 7 7 8 0 9 9 10 10 11 11 12 12 13 0 14 14 15 15 16 16 17 17 18 0 19 19 20 20 21 0 22 22 23 23 24 0 25 25 26 G -1 0 -1 0 -1 0 -1 0 -1 0 -1 0 -1 0 -1 0 1 0 1 0 1 0 1 0 1 0 1 1 1 1 1 1 1 1 1 1 0 0 0 0 0 0 0 1 0 1 0 1 -1 0 -1 0
27 0 1 1 2 2 3 3 4 4 5 5 6 6 7 7 8 0 9 9 10 10 11 11 12 12 13 0 14 14 15 15 16 16 17 17 18 0 19 19 20 20 21 0 22 22 23 23 24 0 25 0 26 G -1 0 -1 0 -1 0 -1 0 -1 0 -1 0 -1 0 -1 0 1 0 1 0 1 0 1 0 1 0 1 1 1 1 1 1 1 1 1 1 0 0 0 0 0 0 0 1 0 1 0 1 -1 0 -1 0
27 0 1 1 2 2 3 3 4 4 5 5 6 6 7 7 8 0 9 9 10 10 11 11 12 12 13 0 14 14 15 15 16 16 17 17 18 0 19 19 20 20 21 0 22 22 23 0 24 24 25 0 26 G -1 0 -1 0 -1 0 -1 0 -1 0 -1 0 -1 0 -1 0 1 0 1 0 1 0 1 0 1 0 1 1 1 1 1 1 1 1 1 1 -1 0 -1 0 -1 0 0 0 0 0 0 1 0 1 -1 0
27 0 1 1 2 2 3 3 4 4 5 5 6 6 7 7 8 0 9 9 10 10 11 11 12 12 13 0 14 14 15 15 16 16 17 17 18 0 19 19 20 20 21 0 22 22 23 0 24 0 25 0 26 G -1 0 -1 0 -1 0 -1 0 -1 0 -1 0 -1 0 -1 0 0 0 0 0 0 0 0 0 0 0 0 1 0 1 0 1 0 1 0 1 -1 0 -1 0 -1 0 -1 0 -1 0 -1 0 -1 0 -1 0
27 0 1 1 2 2 3 3 4 4 5 5 6 6 7 7 8 0 9 9 10 10 11 11 12 12 13 0 14 14 15 15 16 16 17 17 18 0 19 19 20 20 21 0 22 0 23 0 24 0 25 0 26 G -1 0 -1 0 -1 0 -1 0 -1 0 -1 0 -1 0 -1 0 0 0 0 0 0 0 0 0 0 0 0 1 0 1 0 1 0 1 0 1 -1 0 -1 0 -1 0 -1 0 -1 0 -1 0 -1 0 -1 0
27 0 1 1 2 2 3 3 4 4 5 5 6 6 7 7 8 0 9 9 10 10 11 11 12 12 13 0 14 14 15 15 16 16 17 17 18 0 19 19 20 0 21 21 22 0 23 23 24 0 25 25 26 G -1 0 -1 0 -1 0 -1 0 -1 0 -1 0 -1 0 -1 0 1 0 1 0 1 0 1 0 1 0 1 1 1 1 1 1 1 1 1 1 0 0 0 0 0 1 0 1 0 2 0 2 0 3 0 3
27 0 1 1 2 2 3 3 4 4 5 5 6 6 7 7 8 0 9 9 10 10 11 11 12 12 13 0 14 14 15 15 16 16 17 17 18 0 19 19 20 0 21 21 22 0 23 23 24 0 25 0 26 G -1 0 -1 0 -1 0 -1 0 -1 0 -1 0 -1 0 -1 0 1 0 1 0 1 0 1 0 1 0 1 1 1 1 1 1 1 1 1 1 0 0 0 0 0 1 0 1 0 2 0 2 -1 0 -1 0
27 0 1 1 2 2 3 3 4 4 5 5 6 6 7 7 8 0 9 9 10 10 11 11 12 12 13 0 14 14 15 15 16 16 17 17 18 0 19 19 20 0 21 21 22 0 23 0 24 0 25 0 26 G -1 0 -1 0 -1 0 -1 0 -1 0 -1 0 -1 0 -1 0 1 0 1 0 1 0 1 0 1 0 1 1 1 1 1 1 1 1 1 1 0 0 0 0 0 1 0 1 -1 0 -1 0 -1 0 -1 0
27 0 1 1 2 2 3 3 4 4 5 5 6 6 7 7 8 0 9 9 10 10 11 11 12 12 13 0 14 14 15 15 16 16 17 17 18 0 19 19 20 0 21 0 22 0 23 0 24 0 25 0 26 G -1 0 -1 0 -1 0 -1 0 -1 0 -1 0 -1 0 -1 0 0 0 0 0 0 0 0 0 0 0 0 1 0 1 0 1 0 1 0 1 -1 0 -1 0 -1 0 -1 0 -1 0 -1 0 -1 0 -1 0
27 0 1 1 2 2 3 3 4 4 5 5 6 6 7 7 8 0 9 9 10 10 11 11 12 12 13 0 14 14 15 15 16 16 17 17 18 0 19 0 20 0 21 0 22 0 23 0 24 0 25 0 26 G -1 0 -1 0 -1 0 -1 0 -1 0 -1 0 -1 0 -1 0 0 0 0 0 0 0 0 0 0 0 0 1 0 1 0 1 0 1 0 1 -1 0 -1 0 -1 0 -1 0 -1 0 -1 0 -1 0 -1 0
27 0 1 1 2 2 3 3 4 4 5 5 6 6 7 7 8 0 9 9 10 10 11 11 12 12 13 0 14 14 15 15 16 16 17 0 18 18 19 19 20 20 21 0 22 22 23 23 24 24 25 0 26 G -1 0 -1 0 -1 0 -1 0 -1 0 -1 0 -1 0 -1 0 -1 0 -1 0 -1 0 -1 0 -1 0 0 0 0 0 0 0 0 0 0 1 0 1 0 1 0 1 0 2 0 2 0 2 0 2 -1 0
27 0 1 1 2 2 3 3 4 4 5 5 6 6 7 7 8 0 9 9 10 10 11 11 12 12 13 0 14 14 15 15 16 16 17 0 18 18 19 19 20 20 21 0 22 22 23 23 24 0 25 25 26 G -1 0 -1 0 -1 0 -1 0 -1 0 -1 0 -1 0 -1 0 -1 0 -1 0 -1 0 -1 0 -1 0 0 0 0 0 0 0 0 0 0 1 0 1 0 1 0 1 -1 0 -1 0 -1 0 -1 0 -1 0
27 0 1 1 2 2 3 3 4 4 5 5 6 6 7 7 8 0 9 9 10 10 11 11 12 12 13 0 14 14 15 15 16 16 17 0 18 18 19 19 20 20 21 0 22 22 23 23 24 0 25 0 26 G -1 0 -1 0 -1 0 -1 0 -1 0 -1 0 -1 0 -1 0 -1 0 -1 0 -1 0 -1 0 -1 0 0 0 0 0 0 0 0 0 0 1 0 1 0 1 0 1 -1 0 -1 0 -1 0 -1 0 -1 0
27 0 1 1 2 2 3 3 4 4 5 5 6 6 7 7 8 0 9 9 10 10 11 11 12 12 13 0 14 14 15 15 16 16 17 0 18 18 19 19 20 20 21 0 22 22 23 0 24 24 25 0 26 G -1 0 -1 0 -1 0 -1 0 -1 0 -1 0 -1 0 -1 0 -1 0 -1 0 -1 0 -1 0 -1 0 1 0 1 0 1 0 1 0 1 1 1 1 1 1 1 1 0 0 0 0 0 1 0 1 -1 0
27 0 1 1 2 2 3 3 4 4 5 5 6 6 7 7 8 0 9 9 10 10 11 11 12 12 13 0 14 14 15 15 16 16 17 0 18 18 19 19 20 20 21 0 22 22 23 0 24 0 25 0 26 G -1 0 -1 0 -1 0 -1 0 -1 0 -1 0 -1 0 -1 0 -1 0 -1 0 -1 0 -1 0 -1 0 0 0 0 0 0 0 0 0 0 1 0 1 0 1 0 1 -1 0 -1 0 -1 0 -1 0 -1 0
27 0 1 1 2 2 3 3 4 4 5 5 6 6 7 7 8 0 9 9 10 10 11 11 12 12 13 0 14 14 15 15 16 16 17 0 18 18 19 19 20 20 21 0 22 0 23 0 24 0 25 0 26 G -1 0 -1 0 -1 0 -1 0 -1 0 -1 0 -1 0 -1 0 -1 0 -1 0 -1 0 -1 0 -1 0 0 0 0 0 0 0 0 0 0 1 0 1 0 1 0 1 -1 0 -1 0 -1 0 -1 0 -1 0
27 0 1 1 2 2 3 3 4 4 5 5 6 6 7 7 8 0 9 9 10 10 11 11 12 12 13 0 14 14 15 15 16 16 17 0 18 18 19 19 20 0 21 21 22 22 23 0 24 24 25 25 26 G -1 0 -1 0 -1 0 -1 0 -1 0 -1 0 -1 0 -1 0 -1 0 -1 0 -1 0 -1 0 -1 0 -1 0 -1 0 -1 0 -1 0 0 0 0 0 0 0 0 1 0 1 0 1 0 2 0 2 0 2
27 0 1 1 2 2 3 3 4 4 5 5 6 6 7 7 8 0 9 9 10 10 11 11 12 12 13 0 14 14 15 15 16 16 17 0 18 18 19 19 20 0 21 21 22 22 23 0 24 24 25 0 26 G -1 0 -1 0 -1 0 -1 0 -1 0 -1 0 -1 0 -1 0 -1 0 -1 0 -1 0 -1 0 -1 0 -1 0 -1 0 -1 0 -1 0 0 0 0 0 0 0 0 1 0 1 0 1 -1 0 -1 0 -1 0
27 0 1 1 2 2 3 3 4 4 5 5 6 6 7 7 8 0 9 9 10 10 11 11 12 12 13 0 14 14 15 15 16 16 17 0 18 18 19 19 20 0 21 21 22 22 23 0 24 0 25 0 26 G -1 0 -1 0 -1 0 -1 0 -1 0 -1 0 -1 0 -1 0 -1 0 -1 0 -1 0 -1 0 -1 0 -1 0 -1 0 -1 0 -1 0 0 0 0 0 0 0 0 1 0 1 0 1 -1 0 -1 0 -1 0
27 0 1 1 2 2 3 3 4 4 5 5 6 6 7 7 8 0 9 9 10 10 11 11 12 12 13 0 14 14 15 15 16 16 17 0 18 18 19 19 20 0 21 21 22 0 23 23 24 0 25 25 26 G -1 0 -1 0 -1 0 -1 0 -1 0 -1 0 -1 0 -1 0 -1 0 -1 0 -1 0 -1 0 -1 0 -1 0 -1 0 -1 0 -1 0 -1 0 -1 0 -1 0 0 0 0 0 0 1 0 1 0 2 0 2
27 0 1 1 2 2 3 3 4 4 5 5 6 6 7 7 8 0 9 9 10 10 11 11 12 12 13 0 14 14 15 15 16 16 17 0 18 18 19 19 20 0 21 21 22 0 23 23 24 0 25 0 26 G -1 0 -1 0 -1 0 -1 0 -1 0 -1 0 -1 0 -1 0 -1 0 -1 0 -1 0 -1 0 -1 0 -1 0 -1 0 -1 0 -1 0 -1 0 -1 0 -1 0 0 0 0 0 0 1 0 1 -1 0 -1 0
27 0 1 1 2 2 3 3 4 4 5 5 6 6 7 7 8 0 9 9 10 10 11 11 12 12 13 0 14 14 15 15 16 16 17 0 18 18 19 19 20 0 21 21 22 0 23 0 24 0 25 0 26 G -1 0 -1 0 -1 0 -1 0 -1 0 -1 0 -1 0 -1 0 -1 0 -1 0 -1 0 -1 0 -1 0 -1 0 -1 0 -1 0 -1 0 -1 0 -1 0 -1 0 -1 0 -1 0 -1 0 -1 0 -1 0 -1 0
27 0 1 1 2 2 3 3 4 4 5 5 6 6 7 7 8 0 9 9 10 10 11 11 12 12 13 0 14 14 15 15 16 16 17 0 18 18 19 19 20 0 21 0 22 0 23 0 24 0 25 0 26 G -1 0 -1 0 -1 0 -1 0 -1 0 -1 0 -1 0 -1 0 -1 0 -1 0 -1 0 -1 0 -1 0 -1 0 -1 0 -1 0 -1 0 -1 0 -1 0 -1 0 -1 0 -1 0 -1 0 -1 0 -1 0 -1 0
27 0 1 1 2 2 3 3 4 4 5 5 6 6 7 7 8 0 9 9 10 10 11 11 12 12 13 0 14 14 15 15 16 16 17 0 18 18 19 0 20 20 21 0 22 22 23 0 24 24 25 0 26 G -1 0 -1 0 -1 0 -1 0 -1 0 -1 0 -1 0 -1 0 -1 0 -1 0 -1 0 -1 0 -1 0 -1 0 -1 0 -1 0 -1 0 0 0 0 0 0 1 0 1 0 2 0 2 0 3 0 3 -1 0
27 0 1 1 2 2 3 3 4 4 5 5 6 6 7 7 8 0 9 9 10 10 11 11 12 12 13 0 14 14 15 15 16 16 17 0 18 18 19 0 20 20 21 0 22 22 23 0 24 0 25 0 26 G -1 0 -1 0 -1 0 -1 0 -1 0 -1 0 -1 0 -1 0 -1 0 -1 0 -1 0 -1 0 -1 0 -1 0 -1 0 -1 0 -1 0 0 0 0 0 0 1 0 1 0 2 0 2 -1 0 -1 0 -1 0
27 0 1 1 2 2 3 3 4 4 5 5 6 6 7 7 8 0 9 9 10 10 11 11 12 12 13 0 14 14 15 15 16 16 17 0 18 18 19 0 20 20 21 0 22 0 23 0 24 0 25 0 26 G -1 0 -1 0 -1 0 -1 0 -1 0 -1 0 -1 0 -1 0 -1 0 -1 0 -1 0 -1 0 -1 0 -1 0 -1 0 -1 0 -1 0 0 0 0 0 0 1 0 1 -1 0 -1 0 -1 0 -1 0 -1 0
27 0 1 1 2 2 3 3 4 4 5 5 6 6 7 7 8 0 9 9 10 10 11 11 12 12 13 0 14 14 15 15 16 16 17 0 18 18 19 0 20 0 21 0 22 0 23 0 24 0 25 0 26 G -1 0 -1 0 -1 0 -1 0 -1 0 -1 0 -1 0 -1 0 -1 0 -1 0 -1 0 -1 0 -1 0 -1 0 -1 0 -1 0 -1 0 -1 0 -1 0 -1 0 -1 0 -1 0 -1 0 -1 0 -1 0 -1 0
27 0 1 1 2 2 3 3 4 4 5 5 6 6 7 7 8 0 9 9 10 10 11 11 12 12 13 0 14 14 15 15 16 16 17 0 18 0 19 0 20 0 21 0 22 0 23 0 24 0 25 0 26 G -1 0 -1 0 -1 0 -1 0 -1 0 -1 0 -1 0 -1 0 -1 0 -1 0 -1 0 -1 0 -1 0 -1 0 -1 0 -1 0 -1 0 -1 0 -1 0 -1 0 -1 0 -1 0 -1 0 -1 0 -1 0 -1 0
27 0 1 1 2 2 3 3 4 4 5 5 6 6 7 7 8 0 9 9 10 10 11 11 12 12 13 0 14 14 15 15 16 0 17 17 18 18 19 0 20 20 21 21 22 0 23 23 24 24 25 0 26 G -1 0 -1 0 -1 0 -1 0 -1 0 -1 0 -1 0 -1 0 -1 0 -1 0 -1 0 -1 0 -1 0 0 0 0 0 0 0 0 1 0 1 0 1 0 2 0 2 0 2 0 3 0 3 0 3 -1 0
27 0 1 1 2 2 3 3 4 4 5 5 6 6 7 7 8 0 9 9 10 10 11 11 12 12 13 0 14 14 15 15 16 0 17 17 18 18 19 0 20 20 21 21 22 0 23 23 24 0 25 25 26 G -1 0 -1 0 -1 0 -1 0 -1 0 -1 0 -1 0 -1 0 -1 0 -1 0 -1 0 -1 0 -1 0 1 0 1 0 1 0 1 1 1 1 1 1 1 2 1 2 1 2 0 0 0 0 0 1 0 1
27 0 1 1 2 2 3 3 4 4 5 5 6 6 7 7 8 0 9 9 10 10 11 11 12 12 13 0 14 14 15 15 16 0 17 17 18 18 19 0 20 20 21 21 22 0 23 23 24 0 25 0 26 G -1 0 -1 0 -1 0 -1 0 -1 0 -1 0 -1 0 -1 0 -1 0 -1 0 -1 0 -1 0 -1 0 0 0 0 0 0 0 0 1 0 1 0 1 0 2 0 2 0 2 -1 0 -1 0 -1 0 -1 0
27 0 1 1 2 2 3 3 4 4 5 5 6 6 7 7 8 0 9 9 10 10 11 11 12 12 13 0 14 14 15 15 16 0 17 17 18 18 19 0 20 20 21 21 22 0 23 0 24 0 25 0 26 G -1 0 -1 0 -1 0 -1 0 -1 0 -1 0 -1 0 -1 0 -1 0 -1 0 -1 0 -1 0 -1 0 0 0 0 0 0 0 0 1 0 1 0 1 0 2 0 2 0 2 -1 0 -1 0 -1 0 -1 0
27 0 1 1 2 2 3 3 4 4 5 5 6 6 7 7 8 0 9 9 10 10 11 11 12 12 13 0 14 14 15 15 16 0 17 17 18 18 19 0 20 20 21 0 22 22 23 0 24 24 25 0 26 G -1 0 -1 0 -1 0 -1 0 -1 0 -1 0 -1 0 -1 0 -1 0 -1 0 -1 0 -1 0 -1 0 1 0 1 0 1 0 1 1 1 1 1 1 0 0 0 0 0 1 0 1 0 2 0 2 -1 0
27 0 1 1 2 2 3 3 4 4 5 5 6 6 7 7 8 0 9 9 10 10 11 11 12 12 13 0 14 14 15 15 16 0 17 17 18 18 19 0 20 20 21 0 22 22 23 0 24 0 25 0 26 G -1 0 -1 0 -1 0 -1 0 -1 0 -1 0 -1 0 -1 0 -1 0 -1 0 -1 0 -1 0 -1 0 1 0 1 0 1 0 1 1 1 1 1 1 0 0 0 0 0 1 0 1 -1 0 -1 0 -1 0
27 0 1 1 2 2 3 3 4 4 5 5 6 6 7 7 8 0 9 9 10 10 11 11 12 12 13 0 14 14 15 15 16 0 17 17 18 18 19 0 20 20 21 0 22 0 23 0 24 0 25 0 26 G -1 0 -1 0 -1 0 -1 0 -1 0 -1 0 -1 0 -1 0 -1 0 -1 0 -1 0 -1 0 -1 0 0 0 0 0 0 0 0 1 0 1 0 1 -1 0 -1 0 -1 0 -1 0 -1 0 -1 0 -1 0
27 0 1 1 2 2 3 3 4 4 5 5 6 6 7 7 8 0 9 9 10 10 11 11 12 12 13 0 14 14 15 15 16 0 17 17 18 18 19 0 20 0 21 0 22 0 23 0 24 0 25 0 26 G -1 0 -1 0 -1 0 -1 0 -1 0 -1 0 -1 0 -1 0 -1 0 -1 0 -1 0 -1 0 -1 0 0 0 0 0 0 0 0 1 0 1 0 1 -1 0 -1 0 -1 0 -1 0 -1 0 -1 0 -1 0
27 0 1 1 2 2 3 3 4 4 5 5 6 6 7 7 8 0 9 9 10 10 11 11 12 12 13 0 14 14 15 15 16 0 17 17 18 0 19 19 20 0 21 21 22 0 23 23 24 0 25 25 26 G -1 0 -1 0 -1 0 -1 0 -1 0 -1 0 -1 0 -1 0 -1 0 -1 0 -1 0 -1 0 -1 0 -1 0 -1 0 -1 0 0 0 0 0 0 1 0 1 0 2 0 2 0 3 0 3 0 4 0 4
27 0 1 1 2 2 3 3 4 4 5 5 6 6 7 7 8 0 9 9 10 10 11 11 12 12 13 0 14 14 15 15 16 0 17 17 18 0 19 19 20 0 21 21 22 0 23 23 24 0 25 0 26 G -1 0 -1 0 -1 0 -1 0 -1 0 -1 0 -1 0 -1 0 -1 0 -1 0 -1 0 -1 0 -1 0 -1 0 -1 0 -1 0 0 0 0 0 0 1 0 1 0 2 0 2 0 3 0 3 -1 0 -1 0
27 0 1 1 2 2 3 3 4 4 5 5 6 6 7 7 8 0 9 9 10 10 11 11 12 12 13 0 14 14 15 15 16 0 17 17 18 0 19 19 20 0 21 21 22 0 23 0 24 0 25 0 26 G -1 0 -1 0 -1 0 -1 0 -1 0 -1 0 -1 0 -1 0 -1 0 -1 0 -1 0 -1 0 -1 0 -1 0 -1 0 -1 0 0 0 0 0 0 1 0 1 0 2 0 2 -1 0 -1 0 -1 0 -1 0
27 0 1 1 2 2 3 3 4 4 5 5 6 6 7 7 8 0 9 9 10 10 11 11 12 12 13 0 14 14 15 15 16 0 17 17 18 0 19 19 20 0 21 0 22 0 23 0 24 0 25 0 26 G -1 0 -1 0 -1 0 -1 0 -1 0 -1 0 -1 0 -1 0 -1 0 -1 0 -1 0 -1 0 -1 0 -1 0 -1 0 -1 0 0 0 0 0 0 1 0 1 -1 0 -1 0 -1 0 -1 0 -1 0 -1 0
27 0 1 1 2 2 3 3 4 4 5 5 6 6 7 7 8 0 9 9 10 10 11 11 12 12 13 0 14 14 15 15 16 0 17 17 18 0 19 0 20 0 21 0 22 0 23 0 24 0 25 0 26 G -1 0 -1 0 -1 0 -1 0 -1 0 -1 0 -1 0 -1 0 -1 0 -1 0 -1 0 -1 0 -1 0 -1 0 -1 0 -1 0 -1 0 -1 0 -1 0 -1 0 -1 0 -1 0 -1 0 -1 0 -1 0 -1 0
27 0 1 1 2 2 3 3 4 4 5 5 6 6 7 7 8 0 9 9 10 10 11 11 12 12 13 0 14 14 15 15 16 0 17 0 18 0 19 0 20 0 21 0 22 0 23 0 24 0 25 0 26 G -1 0 -1 0 -1 0 -1 0 -1 0 -1 0 -1 0 -1 0 -1 0 -1 0 -1 0 -1 0 -1 0 -1 0 -1 0 -1 0 -1 0 -1 0 -1 0 -1 0 -1 0 -1 0 -1 0 -1 0 -1 0 -1 0
27 0 1 1 2 2 3 3 4 4 5 5 6 6 7 7 8 0 9 9 10 10 11 11 12 12 13 0 14 14 15 0 16 16 17 0 18 18 19 0 20 20 21 0 22 22 23 0 24 24 25 0 26 G -1 0 -1 0 -1 0 -1 0 -1 0 -1 0 -1 0 -1 0 -1 0 -1 0 -1 0 -1 0 -1 0 0 0 0 0 0 1 0 1 0 2 0 2 0 3 0 3 0 4 0 4 0 5 0 5 -1 0
27 0 1 1 2 2 3 3 4 4 5 5 6 6 7 7 8 0 9 9 10 10 11 11 12 12 13 0 14 14 15 0 16 16 17 0 18 18 19 0 20 20 21 0 22 22 23 0 24 0 25 0 26 G -1 0 -1 0 -1 0 -1 0 -1 0 -1 0 -1 0 -1 0 -1 0 -1 0 -1 0 -1 0 -1 0 0 0 0 0 0 1 0 1 0 2 0 2 0 3 0 3 0 4 0 4 -1 0 -1 0 -1 0
27 0 1 1 2 2 3 3 4 4 5 5 6 6 7 7 8 0 9 9 10 10 11 11 12 12 13 0 14 14 15 0 16 16 17 0 18 18 19 0 20 20 21 0 22 0 23 0 24 0 25 0 26 G -1 0 -1 0 -1 0 -1 0 -1 0 -1 0 -1 0 -1 0 -1 0 -1 0 -1 0 -1 0 -1 0 0 0 0 0 0 1 0 1 0 2 0 2 0 3 0 3 -1 0 -1 0 -1 0 -1 0 -1 0
27 0 1 1 2 2 3 3 4 4 5 5 6 6 7 7 8 0 9 9 10 10 11 11 12 12 13 0 14 14 15 0 16 16 17 0 18 18 19 0 20 0 21 0 22 0 23 0 24 0 25 0 26 G -1 0 -1 0 -1 0 -1 0 -1 0 -1 0 -1 0 -1 0 -1 0 -1 0 -1 0 -1 0 -1 0 0 0 0 0 0 1 0 1 0 2 0 2 -1 0 -1 0 -1 0 -1 0 -1 0 -1 0 -1 0
27 0 1 1 2 2 3 3 4 4 5 5 6 6 7 7 8 0 9 9 10 10 11 11 12 12 13 0 14 14 15 0 16 16 17 0 18 0 19 0 20 0 21 0 22 0 23 0 24 0 25 0 26 G -1 0 -1 0 -1 0 -1 0 -1 0 -1 0 -1 0 -1 0 -1 0 -1 0 -1 0 -1 0 -1 0 0 0 0 0 0 1 0 1 -1 0 -1 0 -1 0 -1 0 -1 0 -1 0 -1 0 -1 0 -1 0
27 0 1 1 2 2 3 3 4 4 5 5 6 6 7 7 8 0 9 9 10 10 11 11 12 12 13 0 14 14 15 0 16 0 17 0 18 0 19 0 20 0 21 0 22 0 23 0 24 0 25 0 26 G -1 0 -1 0 -1 0 -1 0 -1 0 -1 0 -1 0 -1 0 -1 0 -1 0 -1 0 -1 0 -1 0 -1 0 -1 0 -1 0 -1 0 -1 0 -1 0 -1 0 -1 0 -1 0 -1 0 -1 0 -1 0 -1 0
27 0 1 1 2 2 3 3 4 4 5 5 6 6 7 7 8 0 9 9 10 10 11 11 12 12 13 0 14 0 15 0 16 0 17 0 18 0 19 0 20 0 21 0 22 0 23 0 24 0 25 0 26 G -1 0 -1 0 -1 0 -1 0 -1 0 -1 0 -1 0 -1 0 -1 0 -1 0 -1 0 -1 0 -1 0 -1 0 -1 0 -1 0 -1 0 -1 0 -1 0 -1 0 -1 0 -1 0 -1 0 -1 0 -1 0 -1 0
27 0 1 1 2 2 3 3 4 4 5 5 6 6 7 7 8 0 9 9 10 10 11 11 12 0 13 13 14 14 15 15 16 0 17 17 18 18 19 19 20 0 21 21 22 22 23 23 24 0 25 25 26 G -1 0 -1 0 -1 0 -1 0 -1 0 -1 0 -1 0 -1 0 0 0 0 0 0 0 0 0 0 1 0 1 0 1 0 1 0 2 0 2 0 2 0 2 0 3 0 3 0 3 0 3 -1 0 -1 0
27 0 1 1 2 2 3 3 4 4 5 5 6 6 7 7 8 0 9 9 10 10 11 11 12 0 13 13 14 14 15 15 16 0 17 17 18 18 19 19 20 0 21 21 22 22 23 23 24 0 25 0 26 G -1 0 -1 0 -1 0 -1 0 -1 0 -1 0 -1 0 -1 0 0 0 0 0 0 0 0 0 0 1 0 1 0 1 0 1 0 2 0 2 0 2 0 2 0 3 0 3 0 3 0 3 -1 0 -1 0
27 0 1 1 2 2 3 3 4 4 5 5 6 6 7 7 8 0 9 9 10 10 11 11 12 0 13 13 14 14 15 15 16 0 17 17 18 18 19 19 20 0 21 21 22 22 23 0 24 24 25 25 26 G -1 0 -1 0 -1 0 -1 0 -1 0 -1 0 -1 0 -1 0 1 0 1 0 1 0 1 0 1 1 1 1 1 1 1 1 1 2 1 2 1 2 1 2 0 0 0 0 0 0 0 1 0 1 0 1
27 0 1 1 2 2 3 3 4 4 5 5 6 6 7 7 8 0 9 9 10 10 11 11 12 0 13 13 14 14 15 15 16 0 17 17 18 18 19 19 20 0 21 21 22 22 23 0 24 24 25 0 26 G -1 0 -1 0 -1 0 -1 0 -1 0 -1 0 -1 0 -1 0 0 0 0 0 0 0 0 0 0 1 0 1 0 1 0 1 0 2 0 2 0 2 0 2 -1 0 -1 0 -1 0 -1 0 -1 0 -1 0
27 0 1 1 2 2 3 3 4 4 5 5 6 6 7 7 8 0 9 9 10 10 11 11 12 0 13 13 14 14 15 15 16 0 17 17 18 18 19 19 20 0 21 21 22 22 23 0 24 0 25 0 26 G -1 0 -1 0 -1 0 -1 0 -1 0 -1 0 -1 0 -1 0 0 0 0 0 0 0 0 0 0 1 0 1 0 1 0 1 0 2 0 2 0 2 0 2 -1 0 -1 0 -1 0 -1 0 -1 0 -1 0
27 0 1 1 2 2 3 3 4 4 5 5 6 6 7 7 8 0 9 9 10 10 11 11 12 0 13 13 14 14 15 15 16 0 17 17 18 18 19 19 20 0 21 21 22 0 23 23 24 0 25 25 26 G -1 0 -1 0 -1 0 -1 0 -1 0 -1 0 -1 0 -1 0 1 0 1 0 1 0 1 0 1 1 1 1 1 1 1 1 1 2 1 2 1 2 1 2 0 0 0 0 0 1 0 1 0 2 0 2
27 0 1 1 2 2 3 3 4 4 5 5 6 6 7 7 8 0 9 9 10 10 11 11 12 0 13 13 14 14 15 15 16 0 17 17 18 18 19 19 20 0 21 21 22 0 23 23 24 0 25 0 26 G -1 0 -1 0 -1 0 -1 0 -1 0 -1 0 -1 0 -1 0 1 0 1 0 1 0 1 0 1 1 1 1 1 1 1 1 1 2 1 2 1 2 1 2 0 0 0 0 0 1 0 1 -1 0 -1 0
27 0 1 1 2 2 3 3 4 4 5 5 6 6 7 7 8 0 9 9 10 10 11 11 12 0 13 13 14 14 15 15 16 0 17 17 18 18 19 19 20 0 21 21 22 0 23 0 24 0 25 0 26 G -1 0 -1 0 -1 0 -1 0 -1 0 -1 0 -1 0 -1 0 0 0 0 0 0 0 0 0 0 1 0 1 0 1 0 1 0 2 0 2 0 2 0 2 -1 0 -1 0 -1 0 -1 0 -1 0 -1 0
27 0 1 1 2 2 3 3 4 4 5 5 6 6 7 7 8 0 9 9 10 10 11 11 12 0 13 13 14 14 15 15 16 0 17 17 18 18 19 19 20 0 21 0 22 0 23 0 24 0 25 0 26 G -1 0 -1 0 -1 0 -1 0 -1 0 -1 0 -1 0 -1 0 0 0 0 0 0 0 0 0 0 1 0 1 0 1 0 1 0 2 0 2 0 2 0 2 -1 0 -1 0 -1 0 -1 0 -1 0 -1 0
27 0 1 1 2 2 3 3 4 4 5 5 6 6 7 7 8 0 9 9 10 10 11 11 12 0 13 13 14 14 15 15 16 0 17 17 18 18 19 0 20 20 21 21 22 0 23 23 24 24 25 0 26 G -1 0 -1 0 -1 0 -1 0 -1 0 -1 0 -1 0 -1 0 1 0 1 0 1 0 1 0 1 1 1 1 1 1 1 1 0 0 0 0 0 0 0 1 0 1 0 1 0 2 0 2 0 2 -1 0
27 0 1 1 2 2 3 3 4 4 5 5 6 6 7 7 8 0 9 9 10 10 11 11 12 0 13 13 14 14 15 15 16 0 17 17 18 18 19 0 20 20 21 21 22 0 23 23 24 0 25 25 26 G -1 0 -1 0 -1 0 -1 0 -1 0 -1 0 -1 0 -1 0 2 0 2 0 2 0 2 0 2 1 2 1 2 1 2 1 1 0 1 0 1 0 1 1 1 1 1 1 0 0 0 0 0 1 0 1
27 0 1 1 2 2 3 3 4 4 5 5 6 6 7 7 8 0 9 9 10 10 11 11 12 0 13 13 14 14 15 15 16 0 17 17 18 18 19 0 20 20 21 21 22 0 23 23 24 0 25 0 26 G -1 0 -1 0 -1 0 -1 0 -1 0 -1 0 -1 0 -1 0 1 0 1 0 1 0 1 0 1 1 1 1 1 1 1 1 0 0 0 0 0 0 0 1 0 1 0 1 -1 0 -1 0 -1 0 -1 0
27 0 1 1 2 2 3 3 4 4 5 5 6 6 7 7 8 0 9 9 10 10 11 11 12 0 13 13 14 14 15 15 16 0 17 17 18 18 19 0 20 20 21 21 22 0 23 0 24 0 25 0 26 G -1 0 -1 0 -1 0 -1 0 -1 0 -1 0 -1 0 -1 0 1 0 1 0 1 0 1 0 1 1 1 1 1 1 1 1 0 0 0 0 0 0 0 1 0 1 0 1 -1 0 -1 0 -1 0 -1 0
27 0 1 1 2 2 3 3 4 4 5 5 6 6 7 7 8 0 9 9 10 10 11 11 12 0 13 13 14 14 15 15 16 0 17 17 18 18 19 0 20 20 21 0 22 22 23 0 24 24 25 0 26 G -1 0 -1 0 -1 0 -1 0 -1 0 -1 0 -1 0 -1 0 1 0 1 0 1 0 1 0 1 1 1 1 1 1 1 1 -1 0 -1 0 -1 0 0 0 0 0 0 1 0 1 0 2 0 2 -1 0
27 0 1 1 2 2 3 3 4 4 5 5 6 6 7 7 8 0 9 9 10 10 11 11 12 0 13 13 14 14 15 15 16 0 17 17 18 18 19 0 20 20 21 0 22 22 23 0 24 0 25 0 26 G -1 0 -1 0 -1 0 -1 0 -1 0 -1 0 -1 0 -1 0 1 0 1 0 1 0 1 0 1 1 1 1 1 1 1 1 -1 0 -1 0 -1 0 0 0 0 0 0 1 0 1 -1 0 -1 0 -1 0
27 0 1 1 2 2 3 3 4 4 5 5 6 6 7 7 8 0 9 9 10 10 11 11 12 0 13 13 14 14 15 15 16 0 17 17 18 18 19 0 20 20 21 0 22 0 23 0 24 0 25 0 26 G -1 0 -1 0 -1 0 -1 0 -1 0 -1 0 -1 0 -1 0 0 0 0 0 0 0 0 0 0 1 0 1 0 1 0 1 -1 0 -1 0 -1 0 -1 0 -1 0 -1 0 -1 0 -1 0 -1 0 -1 0
27 0 1 1 2 2 3 3 4 4 5 5 6 6 7 7 8 0 9 9 10 10 11 11 12 0 13 13 14 14 15 15 16 0 17 17 18 18 19 0 20 0 21 0 22 0 23 0 24 0 25 0 26 G -1 0 -1 0 -1 0 -1 0 -1 0 -1 0 -1 0 -1 0 0 0 0 0 0 0 0 0 0 1 0 1 0 1 0 1 -1 0 -1 0 -1 0 -1 0 -1 0 -1 0 -1 0 -1 0 -1 0 -1 0
27 0 1 1 2 2 3 3 4 4 5 5 6 6 7 7 8 0 9 9 10 10 11 11 12 0 13 13 14 14 15 15 16 0 17 17 18 0 19 19 20 0 21 21 22 0 23 23 24 0 25 25 26 G -1 0 -1 0 -1 0 -1 0 -1 0 -1 0 -1 0 -1 0 1 0 1 0 1 0 1 0 1 1 1 1 1 1 1 1 0 0 0 0 0 1 0 1 0 2 0 2 0 3 0 3 0 4 0 4
27 0 1 1 2 2 3 3 4 4 5 5 6 6 7 7 8 0 9 9 10 10 11 11 12 0 13 13 14 14 15 15 16 0 17 17 18 0 19 19 20 0 21 21 22 0 23 23 24 0 25 0 26 G -1 0 -1 0 -1 0 -1 0 -1 0 -1 0 -1 0 -1 0 1 0 1 0 1 0 1 0 1 1 1 1 1 1 1 1 0 0 0 0 0 1 0 1 0 2 0 2 0 3 0 3 -1 0 -1 0
27 0 1 1 2 2 3 3 4 4 5 5 6 6 7 7 8 0 9 9 10 10 11 11 12 0 13 13 14 14 15 15 16 0 17 17 18 0 19 19 20 0 21 21 22 0 23 0 24 0 25 0 26 G -1 0 -1 0 -1 0 -1 0 -1 0 -1 0 -1 0 -1 0 1 0 1 0 1 0 1 0 1 1 1 1 1 1 1 1 0 0 0 0 0 1 0 1 0 2 0 2 -1 0 -1 0 -1 0 -1 0
27 0 1 1 2 2 3 3 4 4 5 5 6 6 7 7 8 0 9 9 10 10 11 11 12 0 13 13 14 14 15 15 16 0 17 17 18 0 19 19 20 0 21 0 22 0 23 0 24 0 25 0 26 G -1 0 -1 0 -1 0 -1 0 -1 0 -1 0 -1 0 -1 0 1 0 1 0 1 0 1 0 1 1 1 1 1 1 1 1 0 0 0 0 0 1 0 1 -1 0 -1 0 -1 0 -1 0 -1 0 -1 0
27 0 1 1 2 2 3 3 4 4 5 5 6 6 7 7 8 0 9 9 10 10 11 11 12 0 13 13 14 14 15 15 16 0 17 17 18 0 19 0 20 0 21 0 22 0 23 0 24 0 25 0 26 G -1 0 -1 0 -1 0 -1 0 -1 0 -1 0 -1 0 -1 0 0 0 0 0 0 0 0 0 0 1 0 1 0 1 0 1 -1 0 -1 0 -1 0 -1 0 -1 0 -1 0 -1 0 -1 0 -1 0 -1 0
27 0 1 1 2 2 3 3 4 4 5 5 6 6 7 7 8 0 9 9 10 10 11 11 12 0 13 13 14 14 15 15 16 0 17 0 18 0 19 0 20 0 21 0 22 0 23 0 24 0 25 0 26 G -1 0 -1 0 -1 0 -1 0 -1 0 -1 0 -1 0 -1 0 0 0 0 0 0 0 0 0 0 1 0 1 0 1 0 1 -1 0 -1 0 -1 0 -1 0 -1 0 -1 0 -1 0 -1 0 -1 0 -1 0
27 0 1 1 2 2 3 3 4 4 5 5 6 6 7 7 8 0 9 9 10 10 11 11 12 0 13 13 14 14 15 0 16 16 17 17 18 0 19 19 20 20 21 0 22 22 23 23 24 0 25 25 26 G -1 0 -1 0 -1 0 -1 0 -1 0 -1 0 -1 0 -1 0 -1 0 -1 0 -1 0 -1 0 0 0 0 0 0 0 0 1 0 1 0 1 0 2 0 2 0 2 0 3 0 3 0 3 -1 0 -1 0
27 0 1 1 2 2 3 3 4 4 5 5 6 6 7 7 8 0 9 9 10 10 11 11 12 0 13 13 14 14 15 0 16 16 17 17 18 0 19 19 20 20 21 0 22 22 23 23 24 0 25 0 26 G -1 0 -1 0 -1 0 -1 0 -1 0 -1 0 -1 0 -1 0 -1 0 -1 0 -1 0 -1 0 0 0 0 0 0 0 0 1 0 1 0 1 0 2 0 2 0 2 0 3 0 3 0 3 -1 0 -1 0
27 0 1 1 2 2 3 3 4 4 5 5 6 6 7 7 8 0 9 9 10 10 11 11 12 0 13 13 14 14 15 0 16 16 17 17 18 0 19 19 20 20 21 0 22 22 23 0 24 24 25 0 26 G -1 0 -1 0 -1 0 -1 0 -1 0 -1 0 -1 0 -1 0 -1 0 -1 0 -1 0 -1 0 1 0 1 0 1 0 1 1 1 1 1 1 1 2 1 2 1 2 0 0 0 0 0 1 0 1 -1 0
27 0 1 1 2 2 3 3 4 4 5 5 6 6 7 7 8 0 9 9 10 10 11 11 12 0 13 13 14 14 15 0 16 16 17 17 18 0 19 19 20 20 21 0 22 22 23 0 24 0 25 0 26 G -1 0 -1 0 -1 0 -1 0 -1 0 -1 0 -1 0 -1 0 -1 0 -1 0 -1 0 -1 0 0 0 0 0 0 0 0 1 0 1 0 1 0 2 0 2 0 2 -1 0 -1 0 -1 0 -1 0 -1 0
27 0 1 1 2 2 3 3 4 4 5 5 6 6 7 7 8 0 9 9 10 10 11 11 12 0 13 13 14 14 15 0 16 16 17 17 18 0 19 19 20 20 21 0 22 0 23 0 24 0 25 0 26 G -1 0 -1 0 -1 0 -1 0 -1 0 -1 0 -1 0 -1 0 -1 0 -1 0 -1 0 -1 0 0 0 0 0 0 0 0 1 0 1 0 1 0 2 0 2 0 2 -1 0 -1 0 -1 0 -1 0 -1 0
27 0 1 1 2 2 3 3 4 4 5 5 6 6 7 7 8 0 9 9 10 10 11 11 12 0 13 13 14 14 15 0 16 16 17 17 18 0 19 19 20 0 21 21 22 0 23 23 24 0 25 25 26 G -1 0 -1 0 -1 0 -1 0 -1 0 -1 0 -1 0 -1 0 -1 0 -1 0 -1 0 -1 0 1 0 1 0 1 0 1 1 1 1 1 1 0 0 0 0 0 1 0 1 0 2 0 2 0 3 0 3
27 0 1 1 2 2 3 3 4 4 5 5 6 6 7 7 8 0 9 9 10 10 11 11 12 0 13 13 14 14 15 0 16 16 17 17 18 0 19 19 20 0 21 21 22 0 23 23 24 0 25 0 26 G -1 0 -1 0 -1 0 -1 0 -1 0 -1 0 -1 0 -1 0 -1 0 -1 0 -1 0 -1 0 1 0 1 0 1 0 1 1 1 1 1 1 0 0 0 0 0 1 0 1 0 2 0 2 -1 0 -1 0
27 0 1 1 2 2 3 3 4 4 5 5 6 6 7 7 8 0 9 9 10 10 11 11 12 0 13 13 14 14 15 0 16 16 17 17 18 0 19 19 20 0 21 21 22 0 23 0 24 0 25 0 26 G -1 0 -1 0 -1 0 -1 0 -1 0 -1 0 -1 0 -1 0 -1 0 -1 0 -1 0 -1 0 1 0 1 0 1 0 1 1 1 1 1 1 0 0 0 0 0 1 0 1 -1 0 -1 0 -1 0 -1 0
27 0 1 1 2 2 3 3 4 4 5 5 6 6 7 7 8 0 9 9 10 10 11 11 12 0 13 13 14 14 15 0 16 16 17 17 18 0 19 19 20 0 21 0 22 0 23 0 24 0 25 0 26 G -1 0 -1 0 -1 0 -1 0 -1 0 -1 0 -1 0 -1 0 -1 0 -1 0 -1 0 -1 0 0 0 0 0 0 0 0 1 0 1 0 1 -1 0 -1 0 -1 0 -1 0 -1 0 -1 0 -1 0 -1 0
27 0 1 1 2 2 3 3 4 4 5 5 6 6 7 7 8 0 9 9 10 10 11 11 12 0 13 13 14 14 15 0 16 16 17 17 18 0 19 0 20 0 21 0 22 0 23 0 24 0 25 0 26 G -1 0 -1 0 -1 0 -1 0 -1 0 -1 0 -1 0 -1 0 -1 0 -1 0 -1 0 -1 0 0 0 0 0 0 0 0 1 0 1 0 1 -1 0 -1 0 -1 0 -1 0 -1 0 -1 0 -1 0 -1 0
27 0 1 1 2 2 3 3 4 4 5 5 6 6 7 7 8 0 9 9 10 10 11 11 12 0 13 13 14 14 15 0 16 16 17 0 18 18 19 0 20 20 21 0 22 22 23 0 24 24 25 0 26 G -1 0 -1 0 -1 0 -1 0 -1 0 -1 0 -1 0 -1 0 -1 0 -1 0 -1 0 -1 0 -1 0 -1 0 -1 0 0 0 0 0 0 1 0 1 0 2 0 2 0 3 0 3 0 4 0 4 -1 0
27 0 1 1 2 2 3 3 4 4 5 5 6 6 7 7 8 0 9 9 10 10 11 11 12 0 13 13 14 14 15 0 16 16 17 0 18 18 19 0 20 20 21 0 22 22 23 0 24 0 25 0 26 G -1 0 -1 0 -1 0 -1 0 -1 0 -1 0 -1 0 -1 0 -1 0 -1 0 -1 0 -1 0 -1 0 -1 0 -1 0 0 0 0 0 0 1 0 1 0 2 0 2 0 3 0 3 -1 0 -1 0 -1 0
27 0 1 1 2 2 3 3 4 4 5 5 6 6 7 7 8 0 9 9 10 10 11 11 12 0 13 13 14 14 15 0 16 16 17 0 18 18 19 0 20 20 21 0 22 0 23 0 24 0 25 0 26 G -1 0 -1 0 -1 0 -1 0 -1 0 -1 0 -1 0 -1 0 -1 0 -1 0 -1 0 -1 0 -1 0 -1 0 -1 0 0 0 0 0 0 1 0 1 0 2 0 2 -1 0 -1 0 -1 0 -1 0 -1 0
27 0 1 1 2 2 3 3 4 4 5 5 6 6 7 7 8 0 9 9 10 10 11 11 12 0 13 13 14 14 15 0 16 16 17 0 18 18 19 0 20 0 21 0 22 0 23 0 24 0 25 0 26 G -1 0 -1 0 -1 0 -1 0 -1 0 -1 0 -1 0 -1 0 -1 0 -1 0 -1 0 -1 0 -1 0 -1 0 -1 0 0 0 0 0 0 1 0 1 -1 0 -1 0 -1 0 -1 0 -1 0 -1 0 -1 0
27 0 1 1 2 2 3 3 4 4 5 5 6 6 7 7 8 0 9 9 10 10 11 11 12 0 13 13 14 14 15 0 16 16 17 0 18 0 19 0 20 0 21 0 22 0 23 0 24 0 25 0 26 G -1 0 -1 0 -1 0 -1 0 -1 0 -1 0 -1 0 -1 0 -1 0 -1 0 -1 0 -1 0 -1 0 -1 0 -1 0 -1 0 -1 0 -1 0 -1 0 -1 0 -1 0 -1 0 -1 0 -1 0 -1 0 -1 0
27 0 1 1 2 2 3 3 4 4 5 5 6 6 7 7 8 0 9 9 10 10 11 11 12 0 13 13 14 14 15 0 16 0 17 0 18 0 19 0 20 0 21 0 22 0 23 0 24 0 25 0 26 G -1 0 -1 0 -1 0 -1 0 -1 0 -1 0 -1 0 -1 0 -1 0 -1 0 -1 0 -1 0 -1 0 -1 0 -1 0 -1 0 -1 0 -1 0 -1 0 -1 0 -1 0 -1 0 -1 0 -1 0 -1 0 -1 0
27 0 1 1 2 2 3 3 4 4 5 5 6 6 7 7 8 0 9 9 10 10 11 11 12 0 13 13 14 0 15 15 16 0 17 17 18 0 19 19 20 0 21 21 22 0 23 23 24 0 25 25 26 G -1 0 -1 0 -1 0 -1 0 -1 0 -1 0 -1 0 -1 0 -1 0 -1 0 -1 0 -1 0 0 0 0 0 0 1 0 1 0 2 0 2 0 3 0 3 0 4 0 4 0 5 0 5 0 6 0 6
27 0 1 1 2 2 3 3 4 4 5 5 6 6 7 7 8 0 9 9 10 10 11 11 12 0 13 13 14 0 15 15 16 0 17 17 18 0 19 19 20 0 21 21 22 0 23 23 24 0 25 0 26 G -1 0 -1 0 -1 0 -1 0 -1 0 -1 0 -1 0 -1 0 -1 0 -1 0 -1 0 -1 0 0 0 0 0 0 1 0 1 0 2 0 2 0 3 0 3 0 4 0 4 0 5 0 5 -1 0 -1 0
27 0 1 1 2 2 3 3 4 4 5 5 6 6 7 7 8 0 9 9 10 10 11 11 12 0 13 13 14 0 15 15 16 0 17 17 18 0 19 19 20 0 21 21 22 0 23 0 24 0 25 0 26 G -1 0 -1 0 -1 0 -1 0 -1 0 -1 0 -1 0 -1 0 -1 0 -1 0 -1 0 -1 0 0 0 0 0 0 1 0 1 0 2 0 2 0 3 0 3 0 4 0 4 -1 0 -1 0 -1 0 -1 0
27 0 1 1 2 2 3 3 4 4 5 5 6 6 7 7 8 0 9 9 10 10 11 11 12 0 13 13 14 0 15 15 16 0 17 17 18 0 19 19 20 0 21 0 22 0 23 0 24 0 25 0 26 G -1 0 -1 0 -1 0 -1 0 -1 0 -1 0 -1 0 -1 0 -1 0 -1 0 -1 0 -1 0 0 0 0 0 0 1 0 1 0 2 0 2 0 3 0 3 -1 0 -1 0 -1 0 -1 0 -1 0 -1 0
27 0 1 1 2 2 3 3 4 4 5 5 6 6 7 7 8 0 9 9 10 10 11 11 12 0 13 13 14 0 15 15 16 0 17 17 18 0 19 0 20 0 21 0 22 0 23 0 24 0 25 0 26 G -1 0 -1 0 -1 0 -1 0 -1 0 -1 0 -1 0 -1 0 -1 0 -1 0 -1 0 -1 0 0 0 0 0 0 1 0 1 0 2 0 2 -1 0 -1 0 -1 0 -1 0 -1 0 -1 0 -1 0 -1 0
27 0 1 1 2 2 3 3 4 4 5 5 6 6 7 7 8 0 9 9 10 10 11 11 12 0 13 13 14 0 15 15 16 0 17 0 18 0 19 0 20 0 21 0 22 0 23 0 24 0 25 0 26 G -1 0 -1 0 -1 0 -1 0 -1 0 -1 0 -1 0 -1 0 -1 0 -1 0 -1 0 -1 0 0 0 0 0 0 1 0 1 -1 0 -1 0 -1 0 -1 0 -1 0 -1 0 -1 0 -1 0 -1 0 -1 0
27 0 1 1 2 2 3 3 4 4 5 5 6 6 7 7 8 0 9 9 10 10 11 11 12 0 13 13 14 0 15 0 16 0 17 0 18 0 19 0 20 0 21 0 22 0 23 0 24 0 25 0 26 G -1 0 -1 0 -1 0 -1 0 -1 0 -1 0 -1 0 -1 0 -1 0 -1 0 -1 0 -1 0 -1 0 -1 0 -1 0 -1 0 -1 0 -1 0 -1 0 -1 0 -1 0 -1 0 -1 0 -1 0 -1 0 -1 0
27 0 1 1 2 2 3 3 4 4 5 5 6 6 7 7 8 0 9 9 10 10 11 11 12 0 13 0 14 0 15 0 16 0 17 0 18 0 19 0 20 0 21 0 22 0 23 0 24 0 25 0 26 G -1 0 -1 0 -1 0 -1 0 -1 0 -1 0 -1 0 -1 0 -1 0 -1 0 -1 0 -1 0 -1 0 -1 0 -1 0 -1 0 -1 0 -1 0 -1 0 -1 0 -1 0 -1 0 -1 0 -1 0 -1 0 -1 0
27 0 1 1 2 2 3 3 4 4 5 5 6 6 7 7 8 0 9 9 10 10 11 0 12 12 13 13 14 0 15 15 16 16 17 0 18 18 19 19 20 0 21 21 22 22 23 0 24 24 25 25 26 G -1 0 -1 0 -1 0 -1 0 -1 0 -1 0 -1 0 -1 0 0 0 0 0 0 0 0 1 0 1 0 1 0 2 0 2 0 2 0 3 0 3 0 3 0 4 0 4 0 4 0 5 0 5 0 5
27 0 1 1 2 2 3 3 4 4 5 5 6 6 7 7 8 0 9 9 10 10 11 0 12 12 13 13 14 0 15 15 16 16 17 0 18 18 19 19 20 0 21 21 22 22 23 0 24 24 25 0 26 G -1 0 -1 0 -1 0 -1 0 -1 0 -1 0 -1 0 -1 0 0 0 0 0 0 0 0 1 0 1 0 1 0 2 0 2 0 2 0 3 0 3 0 3 0 4 0 4 0 4 -1 0 -1 0 -1 0
27 0 1 1 2 2 3 3 4 4 5 5 6 6 7 7 8 0 9 9 10 10 11 0 12 12 13 13 14 0 15 15 16 16 17 0 18 18 19 19 20 0 21 21 22 22 23 0 24 0 25 0 26 G -1 0 -1 0 -1 0 -1 0 -1 0 -1 0 -1 0 -1 0 0 0 0 0 0 0 0 1 0 1 0 1 0 2 0 2 0 2 0 3 0 3 0 3 0 4 0 4 0 4 -1 0 -1 0 -1 0
27 0 1 1 2 2 3 3 4 4 5 5 6 6 7 7 8 0 9 9 10 10 11 0 12 12 13 13 14 0 15 15 16 16 17 0 18 18 19 19 20 0 21 21 22 0 23 23 24 0 25 25 26 G -1 0 -1 0 -1 0 -1 0 -1 0 -1 0 -1 0 -1 0 1 0 1 0 1 0 1 1 1 1 1 1 1 2 1 2 1 2 1 3 1 3 1 3 0 0 0 0 0 1 0 1 0 2 0 2
27 0 1 1 2 2 3 3 4 4 5 5 6 6 7 7 8 0 9 9 10 10 11 0 12 12 13 13 14 0 15 15 16 16 17 0 18 18 19 19 20 0 21 21 22 0 23 23 24 0 25 0 26 G -1 0 -1 0 -1 0 -1 0 -1 0 -1 0 -1 0 -1 0 1 0 1 0 1 0 1 1 1 1 1 1 1 2 1 2 1 2 1 3 1 3 1 3 0 0 0 0 0 1 0 1 -1 0 -1 0
27 0 1 1 2 2 3 3 4 4 5 5 6 6 7 7 8 0 9 9 10 10 11 0 12 12 13 13 14 0 15 15 16 16 17 0 18 18 19 19 20 0 21 21 22 0 23 0 24 0 25 0 26 G -1 0 -1 0 -1 0 -1 0 -1 0 -1 0 -1 0 -1 0 0 0 0 0 0 0 0 1 0 1 0 1 0 2 0 2 0 2 0 3 0 3 0 3 -1 0 -1 0 -1 0 -1 0 -1 0 -1 0
27 0 1 1 2 2 3 3 4 4 5 5 6 6 7 7 8 0 9 9 10 10 11 0 12 12 13 13 14 0 15 15 16 16 17 0 18 18 19 19 20 0 21 0 22 0 23 0 24 0 25 0 26 G -1 0 -1 0 -1 0 -1 0 -1 0 -1 0 -1 0 -1 0 0 0 0 0 0 0 0 1 0 1 0 1 0 2 0 2 0 2 0 3 0 3 0 3 -1 0 -1 0 -1 0 -1 0 -1 0 -1 0
27 0 1 1 2 2 3 3 4 4 5 5 6 6 7 7 8 0 9 9 10 10 11 0 12 12 13 13 14 0 15 15 16 16 17 0 18 18 19 0 20 20 21 0 22 22 23 0 24 24 25 0 26 G -1 0 -1 0 -1 0 -1 0 -1 0 -1 0 -1 0 -1 0 1 0 1 0 1 0 1 1 1 1 1 1 1 2 1 2 1 2 0 0 0 0 0 1 0 1 0 2 0 2 0 3 0 3 -1 0
27 0 1 1 2 2 3 3 4 4 5 5 6 6 7 7 8 0 9 9 10 10 11 0 12 12 13 13 14 0 15 15 16 16 17 0 18 18 19 0 20 20 21 0 22 22 23 0 24 0 25 0 26 G -1 0 -1 0 -1 0 -1 0 -1 0 -1 0 -1 0 -1 0 1 0 1 0 1 0 1 1 1 1 1 1 1 2 1 2 1 2 0 0 0 0 0 1 0 1 0 2 0 2 -1 0 -1 0 -1 0
27 0 1 1 2 2 3 3 4 4 5 5 6 6 7 7 8 0 9 9 10 10 11 0 12 12 13 13 14 0 15 15 16 16 17 0 18 18 19 0 20 20 21 0 22 0 23 0 24 0 25 0 26 G -1 0 -1 0 -1 0 -1 0 -1 0 -1 0 -1 0 -1 0 1 0 1 0 1 0 1 1 1 1 1 1 1 2 1 2 1 2 0 0 0 0 0 1 0 1 -1 0 -1 0 -1 0 -1 0 -1 0
27 0 1 1 2 2 3 3 4 4 5 5 6 6 7 7 8 0 9 9 10 10 11 0 12 12 13 13 14 0 15 15 16 16 17 0 18 18 19 0 20 0 21 0 22 0 23 0 24 0 25 0 26 G -1 0 -1 0 -1 0 -1 0 -1 0 -1 0 -1 0 -1 0 0 0 0 0 0 0 0 1 0 1 0 1 0 2 0 2 0 2 -1 0 -1 0 -1 0 -1 0 -1 0 -1 0 -1 0 -1 0 -1 0
27 0 1 1 2 2 3 3 4 4 5 5 6 6 7 7 8 0 9 9 10 10 11 0 12 12 13 13 14 0 15 15 16 16 17 0 18 0 19 0 20 0 21 0 22 0 23 0 24 0 25 0 26 G -1 0 -1 0 -1 0 -1 0 -1 0 -1 0 -1 0 -1 0 0 0 0 0 0 0 0 1 0 1 0 1 0 2 0 2 0 2 -1 0 -1 0 -1 0 -1 0 -1 0 -1 0 -1 0 -1 0 -1 0
27 0 1 1 2 2 3 3 4 4 5 5 6 6 7 7 8 0 9 9 10 10 11 0 12 12 13 13 14 0 15 15 16 0 17 17 18 0 19 19 20 0 21 21 22 0 23 23 24 0 25 25 26 G -1 0 -1 0 -1 0 -1 0 -1 0 -1 0 -1 0 -1 0 1 0 1 0 1 0 1 1 1 1 1 1 0 0 0 0 0 1 0 1 0 2 0 2 0 3 0 3 0 4 0 4 0 5 0 5
27 0 1 1 2 2 3 3 4 4 5 5 6 6 7 7 8 0 9 9 10 10 11 0 12 12 13 13 14 0 15 15 16 0 17 17 18 0 19 19 20 0 21 21 22 0 23 23 24 0 25 0 26 G -1 0 -1 0 -1 0 -1 0 -1 0 -1 0 -1 0 -1 0 1 0 1 0 1 0 1 1 1 1 1 1 0 0 0 0 0 1 0 1 0 2 0 2 0 3 0 3 0 4 0 4 -1 0 -1 0
27 0 1 1 2 2 3 3 4 4 5 5 6 6 7 7 8 0 9 9 10 10 11 0 12 12 13 13 14 0 15 15 16 0 17 17 18 0 19 19 20 0 21 21 22 0 23 0 24 0 25 0 26 G -1 0 -1 0 -1 0 -1 0 -1 0 -1 0 -1 0 -1 0 1 0 1 0 1 0 1 1 1 1 1 1 0 0 0 0 0 1 0 1 0 2 0 2 0 3 0 3 -1 0 -1 0 -1 0 -1 0
27 0 1 1 2 2 3 3 4 4 5 5 6 6 7 7 8 0 9 9 10 10 11 0 12 12 13 13 14 0 15 15 16 0 17 17 18 0 19 19 20 0 21 0 22 0 23 0 24 0 25 0 26 G -1 0 -1 0 -1 0 -1 0 -1 0 -1 0 -1 0 -1 0 1 0 1 0 1 0 1 1 1 1 1 1 0 0 0 0 0 1 0 1 0 2 0 2 -1 0 -1 0 -1 0 -1 0 -1 0 -1 0
27 0 1 1 2 2 3 3 4 4 5 5 6 6 7 7 8 0 9 9 10 10 11 0 12 12 13 13 14 0 15 15 16 0 17 17 18 0 19 0 20 0 21 0 22 0 23 0 24 0 25 0 26 G -1 0 -1 0 -1 0 -1 0 -1 0 -1 0 -1 0 -1 0 1 0 1 0 1 0 1 1 1 1 1 1 0 0 0 0 0 1 0 1 -1 0 -1 0 -1 0 -1 0 -1 0 -1 0 -1 0 -1 0
27 0 1 1 2 2 3 3 4 4 5 5 6 6 7 7 8 0 9 9 10 10 11 0 12 12 13 13 14 0 15 15 16 0 17 0 18 0 19 0 20 0 21 0 22 0 23 0 24 0 25 0 26 G -1 0 -1 0 -1 0 -1 0 -1 0 -1 0 -1 0 -1 0 0 0 0 0 0 0 0 1 0 1 0 1 -1 0 -1 0 -1 0 -1 0 -1 0 -1 0 -1 0 -1 0 -1 0 -1 0 -1 0 -1 0
27 0 1 1 2 2 3 3 4 4 5 5 6 6 7 7 8 0 9 9 10 10 11 0 12 12 13 13 14 0 15 0 16 0 17 0 18 0 19 0 20 0 21 0 22 0 23 0 24 0 25 0 26 G -1 0 -1 0 -1 0 -1 0 -1 0 -1 0 -1 0 -1 0 0 0 0 0 0 0 0 1 0 1 0 1 -1 0 -1 0 -1 0 -1 0 -1 0 -1 0 -1 0 -1 0 -1 0 -1 0 -1 0 -1 0
27 0 1 1 2 2 3 3 4 4 5 5 6 6 7 7 8 0 9 9 10 10 11 0 12 12 13 0 14 14 15 0 16 16 17 0 18 18 19 0 20 20 21 0 22 22 23 0 24 24 25 0 26 G -1 0 -1 0 -1 0 -1 0 -1 0 -1 0 -1 0 -1 0 -1 0 -1 0 -1 0 0 0 0 0 0 1 0 1 0 2 0 2 0 3 0 3 0 4 0 4 0 5 0 5 0 6 0 6 -1 0
27 0 1 1 2 2 3 3 4 4 5 5 6 6 7 7 8 0 9 9 10 10 11 0 12 12 13 0 14 14 15 0 16 16 17 0 18 18 19 0 20 20 21 0 22 22 23 0 24 0 25 0 26 G -1 0 -1 0 -1 0 -1 0 -1 0 -1 0 -1 0 -1 0 -1 0 -1 0 -1 0 0 0 0 0 0 1 0 1 0 2 0 2 0 3 0 3 0 4 0 4 0 5 0 5 -1 0 -1 0 -1 0
27 0 1 1 2 2 3 3 4 4 5 5 6 6 7 7 8 0 9 9 10 10 11 0 12 12 13 0 14 14 15 0 16 16 17 0 18 18 19 0 20 20 21 0 22 0 23 0 24 0 25 0 26 G -1 0 -1 0 -1 0 -1 0 -1 0 -1 0 -1 0 -1 0 -1 0 -1 0 -1 0 0 0 0 0 0 1 0 1 0 2 0 2 0 3 0 3 0 4 0 4 -1 0 -1 0 -1 0 -1 0 -1 0
27 0 1 1 2 2 3 3 4 4 5 5 6 6 7 7 8 0 9 9 10 10 11 0 12 12 13 0 14 14 15 0 16 16 17 0 18 18 19 0 20 0 21 0 22 0 23 0 24 0 25 0 26 G -1 0 -1 0 -1 0 -1 0 -1 0 -1 0 -1 0 -1 0 -1 0 -1 0 -1 0 0 0 0 0 0 1 0 1 0 2 0 2 0 3 0 3 -1 0 -1 0 -1 0 -1 0 -1 0 -1 0 -1 0
27 0 1 1 2 2 3 3 4 4 5 5 6 6 7 7 8 0 9 9 10 10 11 0 12 12 13 0 14 14 15 0 16 16 17 0 18 0 19 0 20 0 21 0 22 0 23 0 24 0 25 0 26 G -1 0 -1 0 -1 0 -1 0 -1 0 -1 0 -1 0 -1 0 -1 0 -1 0 -1 0 0 0 0 0 0 1 0 1 0 2 0 2 -1 0 -1 0 -1 0 -1 0 -1 0 -1 0 -1 0 -1 0 -1 0
27 0 1 1 2 2 3 3 4 4 5 5 6 6 7 7 8 0 9 9 10 10 11 0 12 12 13 0 14 14 15 0 16 0 17 0 18 0 19 0 20 0 21 0 22 0 23 0 24 0 25 0 26 G -1 0 -1 0 -1 0 -1 0 -1 0 -1 0 -1 0 -1 0 -1 0 -1 0 -1 0 0 0 0 0 0 1 0 1 -1 0 -1 0 -1 0 -1 0 -1 0 -1 0 -1 0 -1 0 -1 0 -1 0 -1 0
27 0 1 1 2 2 3 3 4 4 5 5 6 6 7 7 8 0 9 9 10 10 11 0 12 12 13 0 14 0 15 0 16 0 17 0 18 0 19 0 20 0 21 0 22 0 23 0 24 0 25 0 26 G -1 0 -1 0 -1 0 -1 0 -1 0 -1 0 -1 0 -1 0 -1 0 -1 0 -1 0 -1 0 -1 0 -1 0 -1 0 -1 0 -1 0 -1 0 -1 0 -1 0 -1 0 -1 0 -1 0 -1 0 -1 0 -1 0
27 0 1 1 2 2 3 3 4 4 5 5 6 6 7 7 8 0 9 9 10 10 11 0 12 0 13 0 14 0 15 0 16 0 17 0 18 0 19 0 20 0 21 0 22 0 23 0 24 0 25 0 26 G -1 0 -1 0 -1 0 -1 0 -1 0 -1 0 -1 0 -1 0 -1 0 -1 0 -1 0 -1 0 -1 0 -1 0 -1 0 -1 0 -1 0 -1 0 -1 0 -1 0 -1 0 -1 0 -1 0 -1 0 -1 0 -1 0
27 0 1 1 2 2 3 3 4 4 5 5 6 6 7 7 8 0 9 9 10 0 11 11 12 0 13 13 14 0 15 15 16 0 17 17 18 0 19 19 20 0 21 21 22 0 23 23 24 0 25 25 26 G -1 0 -1 0 -1 0 -1 0 -1 0 -1 0 -1 0 -1 0 0 0 0 0 0 1 0 1 0 2 0 2 0 3 0 3 0 4 0 4 0 5 0 5 0 6 0 6 0 7 0 7 0 8 0 8
27 0 1 1 2 2 3 3 4 4 5 5 6 6 7 7 8 0 9 9 10 0 11 11 12 0 13 13 14 0 15 15 16 0 17 17 18 0 19 19 20 0 21 21 22 0 23 23 24 0 25 0 26 G -1 0 -1 0 -1 0 -1 0 -1 0 -1 0 -1 0 -1 0 0 0 0 0 0 1 0 1 0 2 0 2 0 3 0 3 0 4 0 4 0 5 0 5 0 6 0 6 0 7 0 7 -1 0 -1 0
27 0 1 1 2 2 3 3 4 4 5 5 6 6 7 7 8 0 9 9 10 0 11 11 12 0 13 13 14 0 15 15 16 0 17 17 18 0 19 19 20 0 21 21 22 0 23 0 24 0 25 0 26 G -1 0 -1 0 -1 0 -1 0 -1 0 -1 0 -1 0 -1 0 0 0 0 0 0 1 0 1 0 2 0 2 0 3 0 3 0 4 0 4 0 5 0 5 0 6 0 6 -1 0 -1 0 -1 0 -1 0
27 0 1 1 2 2 3 3 4 4 5 5 6 6 7 7 8 0 9 9 10 0 11 11 12 0 13 13 14 0 15 15 16 0 17 17 18 0 19 19 20 0 21 0 22 0 23 0 24 0 25 0 26 G -1 0 -1 0 -1 0 -1 0 -1 0 -1 0 -1 0 -1 0 0 0 0 0 0 1 0 1 0 2 0 2 0 3 0 3 0 4 0 4 0 5 0 5 -1 0 -1 0 -1 0 -1 0 -1 0 -1 0
27 0 1 1 2 2 3 3 4 4 5 5 6 6 7 7 8 0 9 9 10 0 11 11 12 0 13 13 14 0 15 15 16 0 17 17 18 0 19 0 20 0 21 0 22 0 23 0 24 0 25 0 26 G -1 0 -1 0 -1 0 -1 0 -1 0 -1 0 -1 0 -1 0 0 0 0 0 0 1 0 1 0 2 0 2 0 3 0 3 0 4 0 4 -1 0 -1 0 -1 0 -1 0 -1 0 -1 0 -1 0 -1 0
27 0 1 1 2 2 3 3 4 4 5 5 6 6 7 7 8 0 9 9 10 0 11 11 12 0 13 13 14 0 15 15 16 0 17 0 18 0 19 0 20 0 21 0 22 0 23 0 24 0 25 0 26 G -1 0 -1 0 -1 0 -1 0 -1 0 -1 0 -1 0 -1 0 0 0 0 0 0 1 0 1 0 2 0 2 0 3 0 3 -1 0 -1 0 -1 0 -1 0 -1 0 -1 0 -1 0 -1 0 -1 0 -1 0
27 0 1 1 2 2 3 3 4 4 5 5 6 6 7 7 8 0 9 9 10 0 11 11 12 0 13 13 14 0 15 0 16 0 17 0 18 0 19 0 20 0 21 0 22 0 23 0 24 0 25 0 26 G -1 0 -1 0 -1 0 -1 0 -1 0 -1 0 -1 0 -1 0 0 0 0 0 0 1 0 1 0 2 0 2 -1 0 -1 0 -1 0 -1 0 -1 0 -1 0 -1 0 -1 0 -1 0 -1 0 -1 0 -1 0
27 0 1 1 2 2 3 3 4 4 5 5 6 6 7 7 8 0 9 9 10 0 11 11 12 0 13 0 14 0 15 0 16 0 17 0 18 0 19 0 20 0 21 0 22 0 23 0 24 0 25 0 26 G -1 0 -1 0 -1 0 -1 0 -1 0 -1 0 -1 0 -1 0 0 0 0 0 0 1 0 1 -1 0 -1 0 -1 0 -1 0 -1 0 -1 0 -1 0 -1 0 -1 0 -1 0 -1 0 -1 0 -1 0 -1 0
27 0 1 1 2 2 3 3 4 4 5 5 6 6 7 7 8 0 9 9 10 0 11 0 12 0 13 0 14 0 15 0 16 0 17 0 18 0 19 0 20 0 21 0 22 0 23 0 24 0 25 0 26 G -1 0 -1 0 -1 0 -1 0 -1 0 -1 0 -1 0 -1 0 -1 0 -1 0 -1 0 -1 0 -1 0 -1 0 -1 0 -1 0 -1 0 -1 0 -1 0 -1 0 -1 0 -1 0 -1 0 -1 0 -1 0 -1 0
27 0 1 1 2 2 3 3 4 4 5 5 6 6 7 7 8 0 9 0 10 0 11 0 12 0 13 0 14 0 15 0 16 0 17 0 18 0 19 0 20 0 21 0 22 0 23 0 24 0 25 0 26 G -1 0 -1 0 -1 0 -1 0 -1 0 -1 0 -1 0 -1 0 -1 0 -1 0 -1 0 -1 0 -1 0 -1 0 -1 0 -1 0 -1 0 -1 0 -1 0 -1 0 -1 0 -1 0 -1 0 -1 0 -1 0 -1 0
27 0 1 1 2 2 3 3 4 4 5 5 6 6 7 0 8 8 9 9 10 10 11 11 12 12 13 13 14 0 15 15 16 16 17 17 18 18 19 19 20 20 21 0 22 22 23 23 24 24 25 25 26 G 0 0 0 0 0 0 0 0 0 0 0 0 0 0 0 1 0 1 0 1 0 1 0 1 0 1 0 1 0 2 0 2 0 2 0 2 0 2 0 2 0 2 -1 0 -1 0 -1 0 -1 0 -1 0
27 0 1 1 2 2 3 3 4 4 5 5 6 6 7 0 8 8 9 9 10 10 11 11 12 12 13 13 14 0 15 15 16 16 17 17 18 18 19 19 20 20 21 0 22 22 23 23 24 24 25 0 26 G 0 0 0 0 0 0 0 0 0 0 0 0 0 0 0 1 0 1 0 1 0 1 0 1 0 1 0 1 0 2 0 2 0 2 0 2 0 2 0 2 0 2 -1 0 -1 0 -1 0 -1 0 -1 0
27 0 1 1 2 2 3 3 4 4 5 5 6 6 7 0 8 8 9 9 10 10 11 11 12 12 13 13 14 0 15 15 16 16 17 17 18 18 19 19 20 20 21 0 22 22 23 23 24 0 25 25 26 G 0 0 0 0 0 0 0 0 0 0 0 0 0 0 0 1 0 1 0 1 0 1 0 1 0 1 0 1 0 2 0 2 0 2 0 2 0 2 0 2 0 2 -1 0 -1 0 -1 0 -1 0 -1 0
27 0 1 1 2 2 3 3 4 4 5 5 6 6 7 0 8 8 9 9 10 10 11 11 12 12 13 13 14 0 15 15 16 16 17 17 18 18 19 19 20 20 21 0 22 22 23 23 24 0 25 0 26 G 0 0 0 0 0 0 0 0 0 0 0 0 0 0 0 1 0 1 0 1 0 1 0 1 0 1 0 1 0 2 0 2 0 2 0 2 0 2 0 2 0 2 -1 0 -1 0 -1 0 -1 0 -1 0
27 0 1 1 2 2 3 3 4 4 5 5 6 6 7 0 8 8 9 9 10 10 11 11 12 12 13 13 14 0 15 15 16 16 17 17 18 18 19 19 20 20 21 0 22 22 23 0 24 24 25 0 26 G 1 0 1 0 1 0 1 0 1 0 1 0 1 0 1 1 1 1 1 1 1 1 1 1 1 1 1 1 1 2 1 2 1 2 1 2 1 2 1 2 1 2 0 0 0 0 0 1 0 1 -1 0
27 0 1 1 2 2 3 3 4 4 5 5 6 6 7 0 8 8 9 9 10 10 11 11 12 12 13 13 14 0 15 15 16 16 17 17 18 18 19 19 20 20 21 0 22 22 23 0 24 0 25 0 26 G 0 0 0 0 0 0 0 0 0 0 0 0 0 0 0 1 0 1 0 1 0 1 0 1 0 1 0 1 0 2 0 2 0 2 0 2 0 2 0 2 0 2 -1 0 -1 0 -1 0 -1 0 -1 0
27 0 1 1 2 2 3 3 4 4 5 5 6 6 7 0 8 8 9 9 10 10 11 11 12 12 13 13 14 0 15 15 16 16 17 17 18 18 19 19 20 20 21 0 22 0 23 0 24 0 25 0 26 G 0 0 0 0 0 0 0 0 0 0 0 0 0 0 0 1 0 1 0 1 0 1 0 1 0 1 0 1 0 2 0 2 0 2 0 2 0 2 0 2 0 2 -1 0 -1 0 -1 0 -1 0 -1 0
27 0 1 1 2 2 3 3 4 4 5 5 6 6 7 0 8 8 9 9 10 10 11 11 12 12 13 13 14 0 15 15 16 16 17 17 18 18 19 19 20 0 21 21 22 22 23 23 24 24 25 25 26 G 1 0 1 0 1 0 1 0 1 0 1 0 1 0 1 1 1 1 1 1 1 1 1 1 1 1 1 1 0 0 0 0 0 0 0 0 0 0 0 0 0 1 0 1 0 1 0 1 0 1 0 1
27 0 1 1 2 2 3 3 4 4 5 5 6 6 7 0 8 8 9 9 10 10 11 11 12 12 13 13 14 0 15 15 16 16 17 17 18 18 19 19 20 0 21 21 22 22 23 23 24 24 25 0 26 G 0 0 0 0 0 0 0 0 0 0 0 0 0 0 0 1 0 1 0 1 0 1 0 1 0 1 0 1 -1 0 -1 0 -1 0 -1 0 -1 0 -1 0 -1 0 -1 0 -1 0 -1 0 -1 0 -1 0
27 0 1 1 2 2 3 3 4 4 5 5 6 6 7 0 8 8 9 9 10 10 11 11 12 12 13 13 14 0 15 15 16 16 17 17 18 18 19 19 20 0 21 21 22 22 23 23 24 0 25 25 26 G 0 0 0 0 0 0 0 0 0 0 0 0 0 0 0 1 0 1 0 1 0 1 0 1 0 1 0 1 -1 0 -1 0 -1 0 -1 0 -1 0 -1 0 -1 0 -1 0 -1 0 -1 0 -1 0 -1 0
27 0 1 1 2 2 3 3 4 4 5 5 6 6 7 0 8 8 9 9 10 10 11 11 12 12 13 13 14 0 15 15 16 16 17 17 18 18 19 19 20 0 21 21 22 22 23 23 24 0 25 0 26 G 0 0 0 0 0 0 0 0 0 0 0 0 0 0 0 1 0 1 0 1 0 1 0 1 0 1 0 1 -1 0 -1 0 -1 0 -1 0 -1 0 -1 0 -1 0 -1 0 -1 0 -1 0 -1 0 -1 0
27 0 1 1 2 2 3 3 4 4 5 5 6 6 7 0 8 8 9 9 10 10 11 11 12 12 13 13 14 0 15 15 16 16 17 17 18 18 19 19 20 0 21 21 22 22 23 0 24 24 25 25 26 G 1 0 1 0 1 0 1 0 1 0 1 0 1 0 1 1 1 1 1 1 1 1 1 1 1 1 1 1 -1 0 -1 0 -1 0 -1 0 -1 0 -1 0 0 0 0 0 0 0 0 1 0 1 0 1
27 0 1 1 2 2 3 3 4 4 5 5 6 6 7 0 8 8 9 9 10 10 11 11 12 12 13 13 14 0 15 15 16 16 17 17 18 18 19 19 20 0 21 21 22 22 23 0 24 24 25 0 26 G 0 0 0 0 0 0 0 0 0 0 0 0 0 0 0 1 0 1 0 1 0 1 0 1 0 1 0 1 -1 0 -1 0 -1 0 -1 0 -1 0 -1 0 -1 0 -1 0 -1 0 -1 0 -1 0 -1 0
27 0 1 1 2 2 3 3 4 4 5 5 6 6 7 0 8 8 9 9 10 10 11 11 12 12 13 13 14 0 15 15 16 16 17 17 18 18 19 19 20 0 21 21 22 22 23 0 24 0 25 0 26 G 0 0 0 0 0 0 0 0 0 0 0 0 0 0 0 1 0 1 0 1 0 1 0 1 0 1 0 1 -1 0 -1 0 -1 0 -1 0 -1 0 -1 0 -1 0 -1 0 -1 0 -1 0 -1 0 -1 0
27 0 1 1 2 2 3 3 4 4 5 5 6 6 7 0 8 8 9 9 10 10 11 11 12 12 13 13 14 0 15 15 16 16 17 17 18 18 19 19 20 0 21 21 22 0 23 23 24 0 25 25 26 G 1 0 1 0 1 0 1 0 1 0 1 0 1 0 1 1 1 1 1 1 1 1 1 1 1 1 1 1 -1 0 -1 0 -1 0 -1 0 -1 0 -1 0 0 0 0 0 0 1 0 1 0 2 0 2
27 0 1 1 2 2 3 3 4 4 5 5 6 6 7 0 8 8 9 9 10 10 11 11 12 12 13 13 14 0 15 15 16 16 17 17 18 18 19 19 20 0 21 21 22 0 23 23 24 0 25 0 26 G 1 0 1 0 1 0 1 0 1 0 1 0 1 0 1 1 1 1 1 1 1 1 1 1 1 1 1 1 -1 0 -1 0 -1 0 -1 0 -1 0 -1 0 0 0 0 0 0 1 0 1 -1 0 -1 0
27 0 1 1 2 2 3 3 4 4 5 5 6 6 7 0 8 8 9 9 10 10 11 11 12 12 13 13 14 0 15 15 16 16 17 17 18 18 19 19 20 0 21 21 22 0 23 0 24 0 25 0 26 G 0 0 0 0 0 0 0 0 0 0 0 0 0 0 0 1 0 1 0 1 0 1 0 1 0 1 0 1 -1 0 -1 0 -1 0 -1 0 -1 0 -1 0 -1 0 -1 0 -1 0 -1 0 -1 0 -1 0
27 0 1 1 2 2 3 3 4 4 5 5 6 6 7 0 8 8 9 9 10 10 11 11 12 12 13 13 14 0 15 15 16 16 17 17 18 18 19 19 20 0 21 0 22 0 23 0 24 0 25 0 26 G 0 0 0 0 0 0 0 0 0 0 0 0 0 0 0 1 0 1 0 1 0 1 0 1 0 1 0 1 -1 0 -1 0 -1 0 -1 0 -1 0 -1 0 -1 0 -1 0 -1 0 -1 0 -1 0 -1 0
27 0 1 1 2 2 3 3 4 4 5 5 6 6 7 0 8 8 9 9 10 10 11 11 12 12 13 13 14 0 15 15 16 16 17 17 18 18 19 0 20 20 21 21 22 22 23 23 24 0 25 25 26 G 1 0 1 0 1 0 1 0 1 0 1 0 1 0 1 1 1 1 1 1 1 1 1 1 1 1 1 1 0 0 0 0 0 0 0 0 0 0 0 1 0 1 0 1 0 1 0 1 -1 0 -1 0
27 0 1 1 2 2 3 3 4 4 5 5 6 6 7 0 8 8 9 9 10 10 11 11 12 12 13 13 14 0 15 15 16 16 17 17 18 18 19 0 20 20 21 21 22 22 23 23 24 0 25 0 26 G 1 0 1 0 1 0 1 0 1 0 1 0 1 0 1 1 1 1 1 1 1 1 1 1 1 1 1 1 0 0 0 0 0 0 0 0 0 0 0 1 0 1 0 1 0 1 0 1 -1 0 -1 0
27 0 1 1 2 2 3 3 4 4 5 5 6 6 7 0 8 8 9 9 10 10 11 11 12 12 13 13 14 0 15 15 16 16 17 17 18 18 19 0 20 20 21 21 22 22 23 0 24 24 25 25 26 G 0 0 0 0 0 0 0 0 0 0 0 0 0 0 0 1 0 1 0 1 0 1 0 1 0 1 0 1 -1 0 -1 0 -1 0 -1 0 -1 0 -1 0 -1 0 -1 0 -1 0 -1 0 -1 0 -1 0
27 0 1 1 2 2 3 3 4 4 5 5 6 6 7 0 8 8 9 9 10 10 11 11 12 12 13 13 14 0 15 15 16 16 17 17 18 18 19 0 20 20 21 21 22 22 23 0 24 24 25 0 26 G 0 0 0 0 0 0 0 0 0 0 0 0 0 0 0 1 0 1 0 1 0 1 0 1 0 1 0 1 -1 0 -1 0 -1 0 -1 0 -1 0 -1 0 -1 0 -1 0 -1 0 -1 0 -1 0 -1 0
27 0 1 1 2 2 3 3 4 4 5 5 6 6 7 0 8 8 9 9 10 10 11 11 12 12 13 13 14 0 15 15 16 16 17 17 18 18 19 0 20 20 21 21 22 22 23 0 24 0 25 0 26 G 0 0 0 0 0 0 0 0 0 0 0 0 0 0 0 1 0 1 0 1 0 1 0 1 0 1 0 1 -1 0 -1 0 -1 0 -1 0 -1 0 -1 0 -1 0 -1 0 -1 0 -1 0 -1 0 -1 0
27 0 1 1 2 2 3 3 4 4 5 5 6 6 7 0 8 8 9 9 10 10 11 11 12 12 13 13 14 0 15 15 16 16 17 17 18 18 19 0 20 20 21 21 22 0 23 23 24 24 25 0 26 G 1 0 1 0 1 0 1 0 1 0 1 0 1 0 1 1 1 1 1 1 1 1 1 1 1 1 1 1 -1 0 -1 0 -1 0 -1 0 -1 0 0 0 0 0 0 0 0 1 0 1 0 1 -1 0
27 0 1 1 2 2 3 3 4 4 5 5 6 6 7 0 8 8 9 9 10 10 11 11 12 12 13 13 14 0 15 15 16 16 17 17 18 18 19 0 20 20 21 21 22 0 23 23 24 0 25 25 26 G 1 0 1 0 1 0 1 0 1 0 1 0 1 0 1 1 1 1 1 1 1 1 1 1 1 1 1 1 -1 0 -1 0 -1 0 -1 0 -1 0 -1 0 -1 0 -1 0 0 0 0 0 0 1 0 1
27 0 1 1 2 2 3 3 4 4 5 5 6 6 7 0 8 8 9 9 10 10 11 11 12 12 13 13 14 0 15 15 16 16 17 17 18 18 19 0 20 20 21 21 22 0 23 23 24 0 25 0 26 G 0 0 0 0 0 0 0 0 0 0 0 0 0 0 0 1 0 1 0 1 0 1 0 1 0 1 0 1 -1 0 -1 0 -1 0 -1 0 -1 0 -1 0 -1 0 -1 0 -1 0 -1 0 -1 0 -1 0
27 0 1 1 2 2 3 3 4 4 5 5 6 6 7 0 8 8 9 9 10 10 11 11 12 12 13 13 14 0 15 15 16 16 17 17 18 18 19 0 20 20 21 21 22 0 23 0 24 0 25 0 26 G 0 0 0 0 0 0 0 0 0 0 0 0 0 0 0 1 0 1 0 1 0 1 0 1 0 1 0 1 -1 0 -1 0 -1 0 -1 0 -1 0 -1 0 -1 0 -1 0 -1 0 -1 0 -1 0 -1 0
27 0 1 1 2 2 3 3 4 4 5 5 6 6 7 0 8 8 9 9 10 10 11 11 12 12 13 13 14 0 15 15 16 16 17 17 18 18 19 0 20 20 21 0 22 22 23 0 24 24 25 0 26 G 1 0 1 0 1 0 1 0 1 0 1 0 1 0 1 1 1 1 1 1 1 1 1 1 1 1 1 1 -1 0 -1 0 -1 0 -1 0 -1 0 0 0 0 0 0 1 0 1 0 2 0 2 -1 0
27 0 1 1 2 2 3 3 4 4 5 5 6 6 7 0 8 8 9 9 10 10 11 11 12 12 13 13 14 0 15 15 16 16 17 17 18 18 19 0 20 20 21 0 22 22 23 0 24 0 25 0 26 G 1 0 1 0 1 0 1 0 1 0 1 0 1 0 1 1 1 1 1 1 1 1 1 1 1 1 1 1 -1 0 -1 0 -1 0 -1 0 -1 0 0 0 0 0 0 1 0 1 -1 0 -1 0 -1 0
27 0 1 1 2 2 3 3 4 4 5 5 6 6 7 0 8 8 9 9 10 10 11 11 12 12 13 13 14 0 15 15 16 16 17 17 18 18 19 0 20 20 21 0 22 0 23 0 24 0 25 0 26 G 0 0 0 0 0 0 0 0 0 0 0 0 0 0 0 1 0 1 0 1 0 1 0 1 0 1 0 1 -1 0 -1 0 -1 0 -1 0 -1 0 -1 0 -1 0 -1 0 -1 0 -1 0 -1 0 -1 0
27 0 1 1 2 2 3 3 4 4 5 5 6 6 7 0 8 8 9 9 10 10 11 11 12 12 13 13 14 0 15 15 16 16 17 17 18 18 19 0 20 0 21 0 22 0 23 0 24 0 25 0 26 G 0 0 0 0 0 0 0 0 0 0 0 0 0 0 0 1 0 1 0 1 0 1 0 1 0 1 0 1 -1 0 -1 0 -1 0 -1 0 -1 0 -1 0 -1 0 -1 0 -1 0 -1 0 -1 0 -1 0
27 0 1 1 2 2 3 3 4 4 5 5 6 6 7 0 8 8 9 9 10 10 11 11 12 12 13 13 14 0 15 15 16 16 17 17 18 0 19 19 20 20 21 21 22 0 23 23 24 24 25 25 26 G 1 0 1 0 1 0 1 0 1 0 1 0 1 0 1 1 1 1 1 1 1 1 1 1 1 1 1 1 0 0 0 0 0 0 0 0 0 1 0 1 0 1 0 1 0 2 0 2 0 2 0 2
27 0 1 1 2 2 3 3 4 4 5 5 6 6 7 0 8 8 9 9 10 10 11 11 12 12 13 13 14 0 15 15 16 16 17 17 18 0 19 19 20 20 21 21 22 0 23 23 24 24 25 0 26 G 1 0 1 0 1 0 1 0 1 0 1 0 1 0 1 1 1 1 1 1 1 1 1 1 1 1 1 1 0 0 0 0 0 0 0 0 0 1 0 1 0 1 0 1 -1 0 -1 0 -1 0 -1 0
27 0 1 1 2 2 3 3 4 4 5 5 6 6 7 0 8 8 9 9 10 10 11 11 12 12 13 13 14 0 15 15 16 16 17 17 18 0 19 19 20 20 21 21 22 0 23 23 24 0 25 25 26 G 2 0 2 0 2 0 2 0 2 0 2 0 2 0 2 1 2 1 2 1 2 1 2 1 2 1 2 1 1 0 1 0 1 0 1 0 1 1 1 1 1 1 1 1 0 0 0 0 0 1 0 1
27 0 1 1 2 2 3 3 4 4 5 5 6 6 7 0 8 8 9 9 10 10 11 11 12 12 13 13 14 0 15 15 16 16 17 17 18 0 19 19 20 20 21 21 22 0 23 23 24 0 25 0 26 G 1 0 1 0 1 0 1 0 1 0 1 0 1 0 1 1 1 1 1 1 1 1 1 1 1 1 1 1 0 0 0 0 0 0 0 0 0 1 0 1 0 1 0 1 -1 0 -1 0 -1 0 -1 0
27 0 1 1 2 2 3 3 4 4 5 5 6 6 7 0 8 8 9 9 10 10 11 11 12 12 13 13 14 0 15 15 16 16 17 17 18 0 19 19 20 20 21 21 22 0 23 0 24 0 25 0 26 G 1 0 1 0 1 0 1 0 1 0 1 0 1 0 1 1 1 1 1 1 1 1 1 1 1 1 1 1 0 0 0 0 0 0 0 0 0 1 0 1 0 1 0 1 -1 0 -1 0 -1 0 -1 0
27 0 1 1 2 2 3 3 4 4 5 5 6 6 7 0 8 8 9 9 10 10 11 11 12 12 13 13 14 0 15 15 16 16 17 17 18 0 19 19 20 20 21 0 22 22 23 23 24 0 25 25 26 G 1 0 1 0 1 0 1 0 1 0 1 0 1 0 1 1 1 1 1 1 1 1 1 1 1 1 1 1 -1 0 -1 0 -1 0 -1 0 0 0 0 0 0 0 0 1 0 1 0 1 -1 0 -1 0
27 0 1 1 2 2 3 3 4 4 5 5 6 6 7 0 8 8 9 9 10 10 11 11 12 12 13 13 14 0 15 15 16 16 17 17 18 0 19 19 20 20 21 0 22 22 23 23 24 0 25 0 26 G 1 0 1 0 1 0 1 0 1 0 1 0 1 0 1 1 1 1 1 1 1 1 1 1 1 1 1 1 -1 0 -1 0 -1 0 -1 0 0 0 0 0 0 0 0 1 0 1 0 1 -1 0 -1 0
27 0 1 1 2 2 3 3 4 4 5 5 6 6 7 0 8 8 9 9 10 10 11 11 12 12 13 13 14 0 15 15 16 16 17 17 18 0 19 19 20 20 21 0 22 22 23 0 24 24 25 0 26 G 1 0 1 0 1 0 1 0 1 0 1 0 1 0 1 1 1 1 1 1 1 1 1 1 1 1 1 1 -1 0 -1 0 -1 0 -1 0 -1 0 -1 0 -1 0 0 0 0 0 0 1 0 1 -1 0
27 0 1 1 2 2 3 3 4 4 5 5 6 6 7 0 8 8 9 9 10 10 11 11 12 12 13 13 14 0 15 15 16 16 17 17 18 0 19 19 20 20 21 0 22 22 23 0 24 0 25 0 26 G 0 0 0 0 0 0 0 0 0 0 0 0 0 0 0 1 0 1 0 1 0 1 0 1 0 1 0 1 -1 0 -1 0 -1 0 -1 0 -1 0 -1 0 -1 0 -1 0 -1 0 -1 0 -1 0 -1 0
27 0 1 1 2 2 3 3 4 4 5 5 6 6 7 0 8 8 9 9 10 10 11 11 12 12 13 13 14 0 15 15 16 16 17 17 18 0 19 19 20 20 21 0 22 0 23 0 24 0 25 0 26 G 0 0 0 0 0 0 0 0 0 0 0 0 0 0 0 1 0 1 0 1 0 1 0 1 0 1 0 1 -1 0 -1 0 -1 0 -1 0 -1 0 -1 0 -1 0 -1 0 -1 0 -1 0 -1 0 -1 0
27 0 1 1 2 2 3 3 4 4 5 5 6 6 7 0 8 8 9 9 10 10 11 11 12 12 13 13 14 0 15 15 16 16 17 17 18 0 19 19 20 0 21 21 22 0 23 23 24 0 25 25 26 G 1 0 1 0 1 0 1 0 1 0 1 0 1 0 1 1 1 1 1 1 1 1 1 1 1 1 1 1 -1 0 -1 0 -1 0 -1 0 0 0 0 0 0 1 0 1 0 2 0 2 0 3 0 3
27 0 1 1 2 2 3 3 4 4 5 5 6 6 7 0 8 8 9 9 10 10 11 11 12 12 13 13 14 0 15 15 16 16 17 17 18 0 19 19 20 0 21 21 22 0 23 23 24 0 25 0 26 G 1 0 1 0 1 0 1 0 1 0 1 0 1 0 1 1 1 1 1 1 1 1 1 1 1 1 1 1 -1 0 -1 0 -1 0 -1 0 0 0 0 0 0 1 0 1 0 2 0 2 -1 0 -1 0
27 0 1 1 2 2 3 3 4 4 5 5 6 6 7 0 8 8 9 9 10 10 11 11 12 12 13 13 14 0 15 15 16 16 17 17 18 0 19 19 20 0 21 21 22 0 23 0 24 0 25 0 26 G 1 0 1 0 1 0 1 0 1 0 1 0 1 0 1 1 1 1 1 1 1 1 1 1 1 1 1 1 -1 0 -1 0 -1 0 -1 0 0 0 0 0 0 1 0 1 -1 0 -1 0 -1 0 -1 0
27 0 1 1 2 2 3 3 4 4 5 5 6 6 7 0 8 8 9 9 10 10 11 11 12 12 13 13 14 0 15 15 16 16 17 17 18 0 19 19 20 0 21 0 22 0 23 0 24 0 25 0 26 G 0 0 0 0 0 0 0 0 0 0 0 0 0 0 0 1 0 1 0 1 0 1 0 1 0 1 0 1 -1 0 -1 0 -1 0 -1 0 -1 0 -1 0 -1 0 -1 0 -1 0 -1 0 -1 0 -1 0
27 0 1 1 2 2 3 3 4 4 5 5 6 6 7 0 8 8 9 9 10 10 11 11 12 12 13 13 14 0 15 15 16 16 17 17 18 0 19 0 20 0 21 0 22 0 23 0 24 0 25 0 26 G 0 0 0 0 0 0 0 0 0 0 0 0 0 0 0 1 0 1 0 1 0 1 0 1 0 1 0 1 -1 0 -1 0 -1 0 -1 0 -1 0 -1 0 -1 0 -1 0 -1 0 -1 0 -1 0 -1 0
27 0 1 1 2 2 3 3 4 4 5 5 6 6 7 0 8 8 9 9 10 10 11 11 12 12 13 13 14 0 15 15 16 16 17 0 18 18 19 19 20 0 21 21 22 22 23 0 24 24 25 25 26 G 1 0 1 0 1 0 1 0 1 0 1 0 1 0 1 1 1 1 1 1 1 1 1 1 1 1 1 1 0 0 0 0 0 0 0 1 0 1 0 1 0 2 0 2 0 2 0 3 0 3 0 3
27 0 1 1 2 2 3 3 4 4 5 5 6 6 7 0 8 8 9 9 10 10 11 11 12 12 13 13 14 0 15 15 16 16 17 0 18 18 19 19 20 0 21 21 22 22 23 0 24 24 25 0 26 G 1 0 1 0 1 0 1 0 1 0 1 0 1 0 1 1 1 1 1 1 1 1 1 1 1 1 1 1 0 0 0 0 0 0 0 1 0 1 0 1 0 2 0 2 0 2 -1 0 -1 0 -1 0
27 0 1 1 2 2 3 3 4 4 5 5 6 6 7 0 8 8 9 9 10 10 11 11 12 12 13 13 14 0 15 15 16 16 17 0 18 18 19 19 20 0 21 21 22 22 23 0 24 0 25 0 26 G 1 0 1 0 1 0 1 0 1 0 1 0 1 0 1 1 1 1 1 1 1 1 1 1 1 1 1 1 0 0 0 0 0 0 0 1 0 1 0 1 0 2 0 2 0 2 -1 0 -1 0 -1 0
27 0 1 1 2 2 3 3 4 4 5 5 6 6 7 0 8 8 9 9 10 10 11 11 12 12 13 13 14 0 15 15 16 16 17 0 18 18 19 19 20 0 21 21 22 0 23 23 24 0 25 25 26 G 2 0 2 0 2 0 2 0 2 0 2 0 2 0 2 1 2 1 2 1 2 1 2 1 2 1 2 1 1 0 1 0 1 0 1 1 1 1 1 1 0 0 0 0 0 1 0 1 0 2 0 2
27 0 1 1 2 2 3 3 4 4 5 5 6 6 7 0 8 8 9 9 10 10 11 11 12 12 13 13 14 0 15 15 16 16 17 0 18 18 19 19 20 0 21 21 22 0 23 23 24 0 25 0 26 G 2 0 2 0 2 0 2 0 2 0 2 0 2 0 2 1 2 1 2 1 2 1 2 1 2 1 2 1 1 0 1 0 1 0 1 1 1 1 1 1 0 0 0 0 0 1 0 1 -1 0 -1 0
27 0 1 1 2 2 3 3 4 4 5 5 6 6 7 0 8 8 9 9 10 10 11 11 12 12 13 13 14 0 15 15 16 16 17 0 18 18 19 19 20 0 21 21 22 0 23 0 24 0 25 0 26 G 1 0 1 0 1 0 1 0 1 0 1 0 1 0 1 1 1 1 1 1 1 1 1 1 1 1 1 1 0 0 0 0 0 0 0 1 0 1 0 1 -1 0 -1 0 -1 0 -1 0 -1 0 -1 0
27 0 1 1 2 2 3 3 4 4 5 5 6 6 7 0 8 8 9 9 10 10 11 11 12 12 13 13 14 0 15 15 16 16 17 0 18 18 19 19 20 0 21 0 22 0 23 0 24 0 25 0 26 G 1 0 1 0 1 0 1 0 1 0 1 0 1 0 1 1 1 1 1 1 1 1 1 1 1 1 1 1 0 0 0 0 0 0 0 1 0 1 0 1 -1 0 -1 0 -1 0 -1 0 -1 0 -1 0
27 0 1 1 2 2 3 3 4 4 5 5 6 6 7 0 8 8 9 9 10 10 11 11 12 12 13 13 14 0 15 15 16 16 17 0 18 18 19 0 20 20 21 0 22 22 23 0 24 24 25 0 26 G 1 0 1 0 1 0 1 0 1 0 1 0 1 0 1 1 1 1 1 1 1 1 1 1 1 1 1 1 -1 0 -1 0 -1 0 0 0 0 0 0 1 0 1 0 2 0 2 0 3 0 3 -1 0
27 0 1 1 2 2 3 3 4 4 5 5 6 6 7 0 8 8 9 9 10 10 11 11 12 12 13 13 14 0 15 15 16 16 17 0 18 18 19 0 20 20 21 0 22 22 23 0 24 0 25 0 26 G 1 0 1 0 1 0 1 0 1 0 1 0 1 0 1 1 1 1 1 1 1 1 1 1 1 1 1 1 -1 0 -1 0 -1 0 0 0 0 0 0 1 0 1 0 2 0 2 -1 0 -1 0 -1 0
27 0 1 1 2 2 3 3 4 4 5 5 6 6 7 0 8 8 9 9 10 10 11 11 12 12 13 13 14 0 15 15 16 16 17 0 18 18 19 0 20 20 21 0 22 0 23 0 24 0 25 0 26 G 1 0 1 0 1 0 1 0 1 0 1 0 1 0 1 1 1 1 1 1 1 1 1 1 1 1 1 1 -1 0 -1 0 -1 0 0 0 0 0 0 1 0 1 -1 0 -1 0 -1 0 -1 0 -1 0
27 0 1 1 2 2 3 3 4 4 5 5 6 6 7 0 8 8 9 9 10 10 11 11 12 12 13 13 14 0 15 15 16 16 17 0 18 18 19 0 20 0 21 0 22 0 23 0 24 0 25 0 26 G 0 0 0 0 0 0 0 0 0 0 0 0 0 0 0 1 0 1 0 1 0 1 0 1 0 1 0 1 -1 0 -1 0 -1 0 -1 0 -1 0 -1 0 -1 0 -1 0 -1 0 -1 0 -1 0 -1 0
27 0 1 1 2 2 3 3 4 4 5 5 6 6 7 0 8 8 9 9 10 10 11 11 12 12 13 13 14 0 15 15 16 16 17 0 18 0 19 0 20 0 21 0 22 0 23 0 24 0 25 0 26 G 0 0 0 0 0 0 0 0 0 0 0 0 0 0 0 1 0 1 0 1 0 1 0 1 0 1 0 1 -1 0 -1 0 -1 0 -1 0 -1 0 -1 0 -1 0 -1 0 -1 0 -1 0 -1 0 -1 0
27 0 1 1 2 2 3 3 4 4 5 5 6 6 7 0 8 8 9 9 10 10 11 11 12 12 13 13 14 0 15 15 16 0 17 17 18 0 19 19 20 0 21 21 22 0 23 23 24 0 25 25 26 G 1 0 1 0 1 0 1 0 1 0 1 0 1 0 1 1 1 1 1 1 1 1 1 1 1 1 1 1 0 0 0 0 0 1 0 1 0 2 0 2 0 3 0 3 0 4 0 4 0 5 0 5
27 0 1 1 2 2 3 3 4 4 5 5 6 6 7 0 8 8 9 9 10 10 11 11 12 12 13 13 14 0 15 15 16 0 17 17 18 0 19 19 20 0 21 21 22 0 23 23 24 0 25 0 26 G 1 0 1 0 1 0 1 0 1 0 1 0 1 0 1 1 1 1 1 1 1 1 1 1 1 1 1 1 0 0 0 0 0 1 0 1 0 2 0 2 0 3 0 3 0 4 0 4 -1 0 -1 0
27 0 1 1 2 2 3 3 4 4 5 5 6 6 7 0 8 8 9 9 10 10 11 11 12 12 13 13 14 0 15 15 16 0 17 17 18 0 19 19 20 0 21 21 22 0 23 0 24 0 25 0 26 G 1 0 1 0 1 0 1 0 1 0 1 0 1 0 1 1 1 1 1 1 1 1 1 1 1 1 1 1 0 0 0 0 0 1 0 1 0 2 0 2 0 3 0 3 -1 0 -1 0 -1 0 -1 0
27 0 1 1 2 2 3 3 4 4 5 5 6 6 7 0 8 8 9 9 10 10 11 11 12 12 13 13 14 0 15 15 16 0 17 17 18 0 19 19 20 0 21 0 22 0 23 0 24 0 25 0 26 G 1 0 1 0 1 0 1 0 1 0 1 0 1 0 1 1 1 1 1 1 1 1 1 1 1 1 1 1 0 0 0 0 0 1 0 1 0 2 0 2 -1 0 -1 0 -1 0 -1 0 -1 0 -1 0
27 0 1 1 2 2 3 3 4 4 5 5 6 6 7 0 8 8 9 9 10 10 11 11 12 12 13 13 14 0 15 15 16 0 17 17 18 0 19 0 20 0 21 0 22 0 23 0 24 0 25 0 26 G 1 0 1 0 1 0 1 0 1 0 1 0 1 0 1 1 1 1 1 1 1 1 1 1 1 1 1 1 0 0 0 0 0 1 0 1 -1 0 -1 0 -1 0 -1 0 -1 0 -1 0 -1 0 -1 0
27 0 1 1 2 2 3 3 4 4 5 5 6 6 7 0 8 8 9 9 10 10 11 11 12 12 13 13 14 0 15 15 16 0 17 0 18 0 19 0 20 0 21 0 22 0 23 0 24 0 25 0 26 G 0 0 0 0 0 0 0 0 0 0 0 0 0 0 0 1 0 1 0 1 0 1 0 1 0 1 0 1 -1 0 -1 0 -1 0 -1 0 -1 0 -1 0 -1 0 -1 0 -1 0 -1 0 -1 0 -1 0
27 0 1 1 2 2 3 3 4 4 5 5 6 6 7 0 8 8 9 9 10 10 11 11 12 12 13 13 14 0 15 0 16 0 17 0 18 0 19 0 20 0 21 0 22 0 23 0 24 0 25 0 26 G 0 0 0 0 0 0 0 0 0 0 0 0 0 0 0 1 0 1 0 1 0 1 0 1 0 1 0 1 -1 0 -1 0 -1 0 -1 0 -1 0 -1 0 -1 0 -1 0 -1 0 -1 0 -1 0 -1 0
27 0 1 1 2 2 3 3 4 4 5 5 6 6 7 0 8 8 9 9 10 10 11 11 12 12 13 0 14 14 15 15 16 16 17 17 18 18 19 0 20 20 21 21 22 22 23 23 24 24 25 0 26 G -1 0 -1 0 -1 0 -1 0 -1 0 -1 0 -1 0 0 0 0 0 0 0 0 0 0 0 0 0 0 1 0 1 0 1 0 1 0 1 0 1 0 2 0 2 0 2 0 2 0 2 0 2 -1 0
27 0 1 1 2 2 3 3 4 4 5 5 6 6 7 0 8 8 9 9 10 10 11 11 12 12 13 0 14 14 15 15 16 16 17 17 18 18 19 0 20 20 21 21 22 22 23 23 24 0 25 25 26 G -1 0 -1 0 -1 0 -1 0 -1 0 -1 0 -1 0 0 0 0 0 0 0 0 0 0 0 0 0 0 1 0 1 0 1 0 1 0 1 0 1 -1 0 -1 0 -1 0 -1 0 -1 0 -1 0 -1 0
27 0 1 1 2 2 3 3 4 4 5 5 6 6 7 0 8 8 9 9 10 10 11 11 12 12 13 0 14 14 15 15 16 16 17 17 18 18 19 0 20 20 21 21 22 22 23 23 24 0 25 0 26 G -1 0 -1 0 -1 0 -1 0 -1 0 -1 0 -1 0 0 0 0 0 0 0 0 0 0 0 0 0 0 1 0 1 0 1 0 1 0 1 0 1 -1 0 -1 0 -1 0 -1 0 -1 0 -1 0 -1 0
27 0 1 1 2 2 3 3 4 4 5 5 6 6 7 0 8 8 9 9 10 10 11 11 12 12 13 0 14 14 15 15 16 16 17 17 18 18 19 0 20 20 21 21 22 22 23 0 24 24 25 25 26 G -1 0 -1 0 -1 0 -1 0 -1 0 -1 0 -1 0 0 0 0 0 0 0 0 0 0 0 0 0 0 1 0 1 0 1 0 1 0 1 0 1 -1 0 -1 0 -1 0 -1 0 -1 0 -1 0 -1 0
27 0 1 1 2 2 3 3 4 4 5 5 6 6 7 0 8 8 9 9 10 10 11 11 12 12 13 0 14 14 15 15 16 16 17 17 18 18 19 0 20 20 21 21 22 22 23 0 24 24 25 0 26 G -1 0 -1 0 -1 0 -1 0 -1 0 -1 0 -1 0 0 0 0 0 0 0 0 0 0 0 0 0 0 1 0 1 0 1 0 1 0 1 0 1 -1 0 -1 0 -1 0 -1 0 -1 0 -1 0 -1 0
27 0 1 1 2 2 3 3 4 4 5 5 6 6 7 0 8 8 9 9 10 10 11 11 12 12 13 0 14 14 15 15 16 16 17 17 18 18 19 0 20 20 21 21 22 22 23 0 24 0 25 0 26 G -1 0 -1 0 -1 0 -1 0 -1 0 -1 0 -1 0 0 0 0 0 0 0 0 0 0 0 0 0 0 1 0 1 0 1 0 1 0 1 0 1 -1 0 -1 0 -1 0 -1 0 -1 0 -1 0 -1 0
27 0 1 1 2 2 3 3 4 4 5 5 6 6 7 0 8 8 9 9 10 10 11 11 12 12 13 0 14 14 15 15 16 16 17 17 18 18 19 0 20 20 21 21 22 0 23 23 24 24 25 0 26 G -1 0 -1 0 -1 0 -1 0 -1 0 -1 0 -1 0 1 0 1 0 1 0 1 0 1 0 1 0 1 1 1 1 1 1 1 1 1 1 1 1 0 0 0 0 0 0 0 1 0 1 0 1 -1 0
27 0 1 1 2 2 3 3 4 4 5 5 6 6 7 0 8 8 9 9 10 10 11 11 12 12 13 0 14 14 15 15 16 16 17 17 18 18 19 0 20 20 21 21 22 0 23 23 24 0 25 25 26 G -1 0 -1 0 -1 0 -1 0 -1 0 -1 0 -1 0 1 0 1 0 1 0 1 0 1 0 1 0 1 1 1 1 1 1 1 1 1 1 1 1 -1 0 -1 0 -1 0 0 0 0 0 0 1 0 1
27 0 1 1 2 2 3 3 4 4 5 5 6 6 7 0 8 8 9 9 10 10 11 11 12 12 13 0 14 14 15 15 16 16 17 17 18 18 19 0 20 20 21 21 22 0 23 23 24 0 25 0 26 G -1 0 -1 0 -1 0 -1 0 -1 0 -1 0 -1 0 0 0 0 0 0 0 0 0 0 0 0 0 0 1 0 1 0 1 0 1 0 1 0 1 -1 0 -1 0 -1 0 -1 0 -1 0 -1 0 -1 0
27 0 1 1 2 2 3 3 4 4 5 5 6 6 7 0 8 8 9 9 10 10 11 11 12 12 13 0 14 14 15 15 16 16 17 17 18 18 19 0 20 20 21 21 22 0 23 0 24 0 25 0 26 G -1 0 -1 0 -1 0 -1 0 -1 0 -1 0 -1 0 0 0 0 0 0 0 0 0 0 0 0 0 0 1 0 1 0 1 0 1 0 1 0 1 -1 0 -1 0 -1 0 -1 0 -1 0 -1 0 -1 0
27 0 1 1 2 2 3 3 4 4 5 5 6 6 7 0 8 8 9 9 10 10 11 11 12 12 13 0 14 14 15 15 16 16 17 17 18 18 19 0 20 20 21 0 22 22 23 0 24 24 25 0 26 G -1 0 -1 0 -1 0 -1 0 -1 0 -1 0 -1 0 1 0 1 0 1 0 1 0 1 0 1 0 1 1 1 1 1 1 1 1 1 1 1 1 0 0 0 0 0 1 0 1 0 2 0 2 -1 0
27 0 1 1 2 2 3 3 4 4 5 5 6 6 7 0 8 8 9 9 10 10 11 11 12 12 13 0 14 14 15 15 16 16 17 17 18 18 19 0 20 20 21 0 22 22 23 0 24 0 25 0 26 G -1 0 -1 0 -1 0 -1 0 -1 0 -1 0 -1 0 1 0 1 0 1 0 1 0 1 0 1 0 1 1 1 1 1 1 1 1 1 1 1 1 0 0 0 0 0 1 0 1 -1 0 -1 0 -1 0
27 0 1 1 2 2 3 3 4 4 5 5 6 6 7 0 8 8 9 9 10 10 11 11 12 12 13 0 14 14 15 15 16 16 17 17 18 18 19 0 20 20 21 0 22 0 23 0 24 0 25 0 26 G -1 0 -1 0 -1 0 -1 0 -1 0 -1 0 -1 0 0 0 0 0 0 0 0 0 0 0 0 0 0 1 0 1 0 1 0 1 0 1 0 1 -1 0 -1 0 -1 0 -1 0 -1 0 -1 0 -1 0
27 0 1 1 2 2 3 3 4 4 5 5 6 6 7 0 8 8 9 9 10 10 11 11 12 12 13 0 14 14 15 15 16 16 17 17 18 18 19 0 20 0 21 0 22 0 23 0 24 0 25 0 26 G -1 0 -1 0 -1 0 -1 0 -1 0 -1 0 -1 0 0 0 0 0 0 0 0 0 0 0 0 0 0 1 0 1 0 1 0 1 0 1 0 1 -1 0 -1 0 -1 0 -1 0 -1 0 -1 0 -1 0
27 0 1 1 2 2 3 3 4 4 5 5 6 6 7 0 8 8 9 9 10 10 11 11 12 12 13 0 14 14 15 15 16 16 17 17 18 0 19 19 20 20 21 21 22 22 23 0 24 24 25 25 26 G -1 0 -1 0 -1 0 -1 0 -1 0 -1 0 -1 0 -1 0 -1 0 -1 0 -1 0 -1 0 -1 0 0 0 0 0 0 0 0 0 0 0 0 1 0 1 0 1 0 1 0 1 -1 0 -1 0 -1 0
27 0 1 1 2 2 3 3 4 4 5 5 6 6 7 0 8 8 9 9 10 10 11 11 12 12 13 0 14 14 15 15 16 16 17 17 18 0 19 19 20 20 21 21 22 22 23 0 24 24 25 0 26 G -1 0 -1 0 -1 0 -1 0 -1 0 -1 0 -1 0 -1 0 -1 0 -1 0 -1 0 -1 0 -1 0 0 0 0 0 0 0 0 0 0 0 0 1 0 1 0 1 0 1 0 1 -1 0 -1 0 -1 0
27 0 1 1 2 2 3 3 4 4 5 5 6 6 7 0 8 8 9 9 10 10 11 11 12 12 13 0 14 14 15 15 16 16 17 17 18 0 19 19 20 20 21 21 22 22 23 0 24 0 25 0 26 G -1 0 -1 0 -1 0 -1 0 -1 0 -1 0 -1 0 -1 0 -1 0 -1 0 -1 0 -1 0 -1 0 0 0 0 0 0 0 0 0 0 0 0 1 0 1 0 1 0 1 0 1 -1 0 -1 0 -1 0
27 0 1 1 2 2 3 3 4 4 5 5 6 6 7 0 8 8 9 9 10 10 11 11 12 12 13 0 14 14 15 15 16 16 17 17 18 0 19 19 20 20 21 21 22 0 23 23 24 24 25 25 26 G -1 0 -1 0 -1 0 -1 0 -1 0 -1 0 -1 0 -1 0 -1 0 -1 0 -1 0 -1 0 -1 0 -1 0 -1 0 -1 0 -1 0 -1 0 0 0 0 0 0 0 0 0 0 1 0 1 0 1 0 1
27 0 1 1 2 2 3 3 4 4 5 5 6 6 7 0 8 8 9 9 10 10 11 11 12 12 13 0 14 14 15 15 16 16 17 17 18 0 19 19 20 20 21 21 22 0 23 23 24 24 25 0 26 G -1 0 -1 0 -1 0 -1 0 -1 0 -1 0 -1 0 -1 0 -1 0 -1 0 -1 0 -1 0 -1 0 -1 0 -1 0 -1 0 -1 0 -1 0 -1 0 -1 0 -1 0 -1 0 -1 0 -1 0 -1 0 -1 0
27 0 1 1 2 2 3 3 4 4 5 5 6 6 7 0 8 8 9 9 10 10 11 11 12 12 13 0 14 14 15 15 16 16 17 17 18 0 19 19 20 20 21 21 22 0 23 23 24 0 25 25 26 G -1 0 -1 0 -1 0 -1 0 -1 0 -1 0 -1 0 -1 0 -1 0 -1 0 -1 0 -1 0 -1 0 -1 0 -1 0 -1 0 -1 0 -1 0 -1 0 -1 0 -1 0 -1 0 0 0 0 0 0 1 0 1
27 0 1 1 2 2 3 3 4 4 5 5 6 6 7 0 8 8 9 9 10 10 11 11 12 12 13 0 14 14 15 15 16 16 17 17 18 0 19 19 20 20 21 21 22 0 23 23 24 0 25 0 26 G -1 0 -1 0 -1 0 -1 0 -1 0 -1 0 -1 0 -1 0 -1 0 -1 0 -1 0 -1 0 -1 0 -1 0 -1 0 -1 0 -1 0 -1 0 -1 0 -1 0 -1 0 -1 0 -1 0 -1 0 -1 0 -1 0
27 0 1 1 2 2 3 3 4 4 5 5 6 6 7 0 8 8 9 9 10 10 11 11 12 12 13 0 14 14 15 15 16 16 17 17 18 0 19 19 20 20 21 21 22 0 23 0 24 0 25 0 26 G -1 0 -1 0 -1 0 -1 0 -1 0 -1 0 -1 0 -1 0 -1 0 -1 0 -1 0 -1 0 -1 0 -1 0 -1 0 -1 0 -1 0 -1 0 -1 0 -1 0 -1 0 -1 0 -1 0 -1 0 -1 0 -1 0
27 0 1 1 2 2 3 3 4 4 5 5 6 6 7 0 8 8 9 9 10 10 11 11 12 12 13 0 14 14 15 15 16 16 17 17 18 0 19 19 20 20 21 0 22 22 23 23 24 0 25 25 26 G -1 0 -1 0 -1 0 -1 0 -1 0 -1 0 -1 0 -1 0 -1 0 -1 0 -1 0 -1 0 -1 0 -1 0 -1 0 -1 0 -1 0 -1 0 0 0 0 0 0 0 0 1 0 1 0 1 -1 0 -1 0
27 0 1 1 2 2 3 3 4 4 5 5 6 6 7 0 8 8 9 9 10 10 11 11 12 12 13 0 14 14 15 15 16 16 17 17 18 0 19 19 20 20 21 0 22 22 23 23 24 0 25 0 26 G -1 0 -1 0 -1 0 -1 0 -1 0 -1 0 -1 0 -1 0 -1 0 -1 0 -1 0 -1 0 -1 0 -1 0 -1 0 -1 0 -1 0 -1 0 0 0 0 0 0 0 0 1 0 1 0 1 -1 0 -1 0
27 0 1 1 2 2 3 3 4 4 5 5 6 6 7 0 8 8 9 9 10 10 11 11 12 12 13 0 14 14 15 15 16 16 17 17 18 0 19 19 20 20 21 0 22 22 23 0 24 24 25 0 26 G -1 0 -1 0 -1 0 -1 0 -1 0 -1 0 -1 0 -1 0 -1 0 -1 0 -1 0 -1 0 -1 0 -1 0 -1 0 -1 0 -1 0 -1 0 -1 0 -1 0 -1 0 0 0 0 0 0 1 0 1 -1 0
27 0 1 1 2 2 3 3 4 4 5 5 6 6 7 0 8 8 9 9 10 10 11 11 12 12 13 0 14 14 15 15 16 16 17 17 18 0 19 19 20 20 21 0 22 22 23 0 24 0 25 0 26 G -1 0 -1 0 -1 0 -1 0 -1 0 -1 0 -1 0 -1 0 -1 0 -1 0 -1 0 -1 0 -1 0 -1 0 -1 0 -1 0 -1 0 -1 0 -1 0 -1 0 -1 0 -1 0 -1 0 -1 0 -1 0 -1 0
27 0 1 1 2 2 3 3 4 4 5 5 6 6 7 0 8 8 9 9 10 10 11 11 12 12 13 0 14 14 15 15 16 16 17 17 18 0 19 19 20 20 21 0 22 0 23 0 24 0 25 0 26 G -1 0 -1 0 -1 0 -1 0 -1 0 -1 0 -1 0 -1 0 -1 0 -1 0 -1 0 -1 0 -1 0 -1 0 -1 0 -1 0 -1 0 -1 0 -1 0 -1 0 -1 0 -1 0 -1 0 -1 0 -1 0 -1 0
27 0 1 1 2 2 3 3 4 4 5 5 6 6 7 0 8 8 9 9 10 10 11 11 12 12 13 0 14 14 15 15 16 16 17 17 18 0 19 19 20 0 21 21 22 0 23 23 24 0 25 25 26 G -1 0 -1 0 -1 0 -1 0 -1 0 -1 0 -1 0 -1 0 -1 0 -1 0 -1 0 -1 0 -1 0 -1 0 -1 0 -1 0 -1 0 -1 0 0 0 0 0 0 1 0 1 0 2 0 2 0 3 0 3
27 0 1 1 2 2 3 3 4 4 5 5 6 6 7 0 8 8 9 9 10 10 11 11 12 12 13 0 14 14 15 15 16 16 17 17 18 0 19 19 20 0 21 21 22 0 23 23 24 0 25 0 26 G -1 0 -1 0 -1 0 -1 0 -1 0 -1 0 -1 0 -1 0 -1 0 -1 0 -1 0 -1 0 -1 0 -1 0 -1 0 -1 0 -1 0 -1 0 0 0 0 0 0 1 0 1 0 2 0 2 -1 0 -1 0
27 0 1 1 2 2 3 3 4 4 5 5 6 6 7 0 8 8 9 9 10 10 11 11 12 12 13 0 14 14 15 15 16 16 17 17 18 0 19 19 20 0 21 21 22 0 23 0 24 0 25 0 26 G -1 0 -1 0 -1 0 -1 0 -1 0 -1 0 -1 0 -1 0 -1 0 -1 0 -1 0 -1 0 -1 0 -1 0 -1 0 -1 0 -1 0 -1 0 0 0 0 0 0 1 0 1 -1 0 -1 0 -1 0 -1 0
27 0 1 1 2 2 3 3 4 4 5 5 6 6 7 0 8 8 9 9 10 10 11 11 12 12 13 0 14 14 15 15 16 16 17 17 18 0 19 19 20 0 21 0 22 0 23 0 24 0 25 0 26 G -1 0 -1 0 -1 0 -1 0 -1 0 -1 0 -1 0 -1 0 -1 0 -1 0 -1 0 -1 0 -1 0 -1 0 -1 0 -1 0 -1 0 -1 0 -1 0 -1 0 -1 0 -1 0 -1 0 -1 0 -1 0 -1 0
27 0 1 1 2 2 3 3 4 4 5 5 6 6 7 0 8 8 9 9 10 10 11 11 12 12 13 0 14 14 15 15 16 16 17 17 18 0 19 0 20 0 21 0 22 0 23 0 24 0 25 0 26 G -1 0 -1 0 -1 0 -1 0 -1 0 -1 0 -1 0 -1 0 -1 0 -1 0 -1 0 -1 0 -1 0 -1 0 -1 0 -1 0 -1 0 -1 0 -1 0 -1 0 -1 0 -1 0 -1 0 -1 0 -1 0 -1 0
27 0 1 1 2 2 3 3 4 4 5 5 6 6 7 0 8 8 9 9 10 10 11 11 12 12 13 0 14 14 15 15 16 16 17 0 18 18 19 19 20 20 21 0 22 22 23 23 24 24 25 0 26 G -1 0 -1 0 -1 0 -1 0 -1 0 -1 0 -1 0 -1 0 -1 0 -1 0 -1 0 -1 0 -1 0 0 0 0 0 0 0 0 0 0 1 0 1 0 1 0 1 0 2 0 2 0 2 0 2 -1 0
27 0 1 1 2 2 3 3 4 4 5 5 6 6 7 0 8 8 9 9 10 10 11 11 12 12 13 0 14 14 15 15 16 16 17 0 18 18 19 19 20 20 21 0 22 22 23 23 24 0 25 25 26 G -1 0 -1 0 -1 0 -1 0 -1 0 -1 0 -1 0 -1 0 -1 0 -1 0 -1 0 -1 0 -1 0 0 0 0 0 0 0 0 0 0 1 0 1 0 1 0 1 -1 0 -1 0 -1 0 -1 0 -1 0
27 0 1 1 2 2 3 3 4 4 5 5 6 6 7 0 8 8 9 9 10 10 11 11 12 12 13 0 14 14 15 15 16 16 17 0 18 18 19 19 20 20 21 0 22 22 23 23 24 0 25 0 26 G -1 0 -1 0 -1 0 -1 0 -1 0 -1 0 -1 0 -1 0 -1 0 -1 0 -1 0 -1 0 -1 0 0 0 0 0 0 0 0 0 0 1 0 1 0 1 0 1 -1 0 -1 0 -1 0 -1 0 -1 0
27 0 1 1 2 2 3 3 4 4 5 5 6 6 7 0 8 8 9 9 10 10 11 11 12 12 13 0 14 14 15 15 16 16 17 0 18 18 19 19 20 20 21 0 22 22 23 0 24 24 25 0 26 G -1 0 -1 0 -1 0 -1 0 -1 0 -1 0 -1 0 -1 0 -1 0 -1 0 -1 0 -1 0 -1 0 1 0 1 0 1 0 1 0 1 1 1 1 1 1 1 1 0 0 0 0 0 1 0 1 -1 0
27 0 1 1 2 2 3 3 4 4 5 5 6 6 7 0 8 8 9 9 10 10 11 11 12 12 13 0 14 14 15 15 16 16 17 0 18 18 19 19 20 20 21 0 22 22 23 0 24 0 25 0 26 G -1 0 -1 0 -1 0 -1 0 -1 0 -1 0 -1 0 -1 0 -1 0 -1 0 -1 0 -1 0 -1 0 0 0 0 0 0 0 0 0 0 1 0 1 0 1 0 1 -1 0 -1 0 -1 0 -1 0 -1 0
27 0 1 1 2 2 3 3 4 4 5 5 6 6 7 0 8 8 9 9 10 10 11 11 12 12 13 0 14 14 15 15 16 16 17 0 18 18 19 19 20 20 21 0 22 0 23 0 24 0 25 0 26 G -1 0 -1 0 -1 0 -1 0 -1 0 -1 0 -1 0 -1 0 -1 0 -1 0 -1 0 -1 0 -1 0 0 0 0 0 0 0 0 0 0 1 0 1 0 1 0 1 -1 0 -1 0 -1 0 -1 0 -1 0
27 0 1 1 2 2 3 3 4 4 5 5 6 6 7 0 8 8 9 9 10 10 11 11 12 12 13 0 14 14 15 15 16 16 17 0 18 18 19 19 20 0 21 21 22 22 23 0 24 24 25 25 26 G -1 0 -1 0 -1 0 -1 0 -1 0 -1 0 -1 0 -1 0 -1 0 -1 0 -1 0 -1 0 -1 0 -1 0 -1 0 -1 0 -1 0 0 0 0 0 0 0 0 1 0 1 0 1 0 2 0 2 0 2
27 0 1 1 2 2 3 3 4 4 5 5 6 6 7 0 8 8 9 9 10 10 11 11 12 12 13 0 14 14 15 15 16 16 17 0 18 18 19 19 20 0 21 21 22 22 23 0 24 24 25 0 26 G -1 0 -1 0 -1 0 -1 0 -1 0 -1 0 -1 0 -1 0 -1 0 -1 0 -1 0 -1 0 -1 0 -1 0 -1 0 -1 0 -1 0 0 0 0 0 0 0 0 1 0 1 0 1 -1 0 -1 0 -1 0
27 0 1 1 2 2 3 3 4 4 5 5 6 6 7 0 8 8 9 9 10 10 11 11 12 12 13 0 14 14 15 15 16 16 17 0 18 18 19 19 20 0 21 21 22 22 23 0 24 0 25 0 26 G -1 0 -1 0 -1 0 -1 0 -1 0 -1 0 -1 0 -1 0 -1 0 -1 0 -1 0 -1 0 -1 0 -1 0 -1 0 -1 0 -1 0 0 0 0 0 0 0 0 1 0 1 0 1 -1 0 -1 0 -1 0
27 0 1 1 2 2 3 3 4 4 5 5 6 6 7 0 8 8 9 9 10 10 11 11 12 12 13 0 14 14 15 15 16 16 17 0 18 18 19 19 20 0 21 21 22 0 23 23 24 0 25 25 26 G -1 0 -1 0 -1 0 -1 0 -1 0 -1 0 -1 0 -1 0 -1 0 -1 0 -1 0 -1 0 -1 0 -1 0 -1 0 -1 0 -1 0 -1 0 -1 0 -1 0 0 0 0 0 0 1 0 1 0 2 0 2
27 0 1 1 2 2 3 3 4 4 5 5 6 6 7 0 8 8 9 9 10 10 11 11 12 12 13 0 14 14 15 15 16 16 17 0 18 18 19 19 20 0 21 21 22 0 23 23 24 0 25 0 26 G -1 0 -1 0 -1 0 -1 0 -1 0 -1 0 -1 0 -1 0 -1 0 -1 0 -1 0 -1 0 -1 0 -1 0 -1 0 -1 0 -1 0 -1 0 -1 0 -1 0 0 0 0 0 0 1 0 1 -1 0 -1 0
27 0 1 1 2 2 3 3 4 4 5 5 6 6 7 0 8 8 9 9 10 10 11 11 12 12 13 0 14 14 15 15 16 16 17 0 18 18 19 19 20 0 21 21 22 0 23 0 24 0 25 0 26 G -1 0 -1 0 -1 0 -1 0 -1 0 -1 0 -1 0 -1 0 -1 0 -1 0 -1 0 -1 0 -1 0 -1 0 -1 0 -1 0 -1 0 -1 0 -1 0 -1 0 -1 0 -1 0 -1 0 -1 0 -1 0 -1 0
27 0 1 1 2 2 3 3 4 4 5 5 6 6 7 0 8 8 9 9 10 10 11 11 12 12 13 0 14 14 15 15 16 16 17 0 18 18 19 19 20 0 21 0 22 0 23 0 24 0 25 0 26 G -1 0 -1 0 -1 0 -1 0 -1 0 -1 0 -1 0 -1 0 -1 0 -1 0 -1 0 -1 0 -1 0 -1 0 -1 0 -1 0 -1 0 -1 0 -1 0 -1 0 -1 0 -1 0 -1 0 -1 0 -1 0 -1 0
27 0 1 1 2 2 3 3 4 4 5 5 6 6 7 0 8 8 9 9 10 10 11 11 12 12 13 0 14 14 15 15 16 16 17 0 18 18 19 0 20 20 21 0 22 22 23 0 24 24 25 0 26 G -1 0 -1 0 -1 0 -1 0 -1 0 -1 0 -1 0 -1 0 -1 0 -1 0 -1 0 -1 0 -1 0 -1 0 -1 0 -1 0 -1 0 0 0 0 0 0 1 0 1 0 2 0 2 0 3 0 3 -1 0
27 0 1 1 2 2 3 3 4 4 5 5 6 6 7 0 8 8 9 9 10 10 11 11 12 12 13 0 14 14 15 15 16 16 17 0 18 18 19 0 20 20 21 0 22 22 23 0 24 0 25 0 26 G -1 0 -1 0 -1 0 -1 0 -1 0 -1 0 -1 0 -1 0 -1 0 -1 0 -1 0 -1 0 -1 0 -1 0 -1 0 -1 0 -1 0 0 0 0 0 0 1 0 1 0 2 0 2 -1 0 -1 0 -1 0
27 0 1 1 2 2 3 3 4 4 5 5 6 6 7 0 8 8 9 9 10 10 11 11 12 12 13 0 14 14 15 15 16 16 17 0 18 18 19 0 20 20 21 0 22 0 23 0 24 0 25 0 26 G -1 0 -1 0 -1 0 -1 0 -1 0 -1 0 -1 0 -1 0 -1 0 -1 0 -1 0 -1 0 -1 0 -1 0 -1 0 -1 0 -1 0 0 0 0 0 0 1 0 1 -1 0 -1 0 -1 0 -1 0 -1 0
27 0 1 1 2 2 3 3 4 4 5 5 6 6 7 0 8 8 9 9 10 10 11 11 12 12 13 0 14 14 15 15 16 16 17 0 18 18 19 0 20 0 21 0 22 0 23 0 24 0 25 0 26 G -1 0 -1 0 -1 0 -1 0 -1 0 -1 0 -1 0 -1 0 -1 0 -1 0 -1 0 -1 0 -1 0 -1 0 -1 0 -1 0 -1 0 -1 0 -1 0 -1 0 -1 0 -1 0 -1 0 -1 0 -1 0 -1 0
27 0 1 1 2 2 3 3 4 4 5 5 6 6 7 0 8 8 9 9 10 10 11 11 12 12 13 0 14 14 15 15 16 16 17 0 18 0 19 0 20 0 21 0 22 0 23 0 24 0 25 0 26 G -1 0 -1 0 -1 0 -1 0 -1 0 -1 0 -1 0 -1 0 -1 0 -1 0 -1 0 -1 0 -1 0 -1 0 -1 0 -1 0 -1 0 -1 0 -1 0 -1 0 -1 0 -1 0 -1 0 -1 0 -1 0 -1 0
27 0 1 1 2 2 3 3 4 4 5 5 6 6 7 0 8 8 9 9 10 10 11 11 12 12 13 0 14 14 15 15 16 0 17 17 18 18 19 0 20 20 21 21 22 0 23 23 24 24 25 0 26 G -1 0 -1 0 -1 0 -1 0 -1 0 -1 0 -1 0 -1 0 -1 0 -1 0 -1 0 -1 0 -1 0 0 0 0 0 0 0 0 1 0 1 0 1 0 2 0 2 0 2 0 3 0 3 0 3 -1 0
27 0 1 1 2 2 3 3 4 4 5 5 6 6 7 0 8 8 9 9 10 10 11 11 12 12 13 0 14 14 15 15 16 0 17 17 18 18 19 0 20 20 21 21 22 0 23 23 24 0 25 25 26 G -1 0 -1 0 -1 0 -1 0 -1 0 -1 0 -1 0 -1 0 -1 0 -1 0 -1 0 -1 0 -1 0 1 0 1 0 1 0 1 1 1 1 1 1 1 2 1 2 1 2 0 0 0 0 0 1 0 1
27 0 1 1 2 2 3 3 4 4 5 5 6 6 7 0 8 8 9 9 10 10 11 11 12 12 13 0 14 14 15 15 16 0 17 17 18 18 19 0 20 20 21 21 22 0 23 23 24 0 25 0 26 G -1 0 -1 0 -1 0 -1 0 -1 0 -1 0 -1 0 -1 0 -1 0 -1 0 -1 0 -1 0 -1 0 0 0 0 0 0 0 0 1 0 1 0 1 0 2 0 2 0 2 -1 0 -1 0 -1 0 -1 0
27 0 1 1 2 2 3 3 4 4 5 5 6 6 7 0 8 8 9 9 10 10 11 11 12 12 13 0 14 14 15 15 16 0 17 17 18 18 19 0 20 20 21 21 22 0 23 0 24 0 25 0 26 G -1 0 -1 0 -1 0 -1 0 -1 0 -1 0 -1 0 -1 0 -1 0 -1 0 -1 0 -1 0 -1 0 0 0 0 0 0 0 0 1 0 1 0 1 0 2 0 2 0 2 -1 0 -1 0 -1 0 -1 0
27 0 1 1 2 2 3 3 4 4 5 5 6 6 7 0 8 8 9 9 10 10 11 11 12 12 13 0 14 14 15 15 16 0 17 17 18 18 19 0 20 20 21 0 22 22 23 0 24 24 25 0 26 G -1 0 -1 0 -1 0 -1 0 -1 0 -1 0 -1 0 -1 0 -1 0 -1 0 -1 0 -1 0 -1 0 1 0 1 0 1 0 1 1 1 1 1 1 0 0 0 0 0 1 0 1 0 2 0 2 -1 0
27 0 1 1 2 2 3 3 4 4 5 5 6 6 7 0 8 8 9 9 10 10 11 11 12 12 13 0 14 14 15 15 16 0 17 17 18 18 19 0 20 20 21 0 22 22 23 0 24 0 25 0 26 G -1 0 -1 0 -1 0 -1 0 -1 0 -1 0 -1 0 -1 0 -1 0 -1 0 -1 0 -1 0 -1 0 1 0 1 0 1 0 1 1 1 1 1 1 0 0 0 0 0 1 0 1 -1 0 -1 0 -1 0
27 0 1 1 2 2 3 3 4 4 5 5 6 6 7 0 8 8 9 9 10 10 11 11 12 12 13 0 14 14 15 15 16 0 17 17 18 18 19 0 20 20 21 0 22 0 23 0 24 0 25 0 26 G -1 0 -1 0 -1 0 -1 0 -1 0 -1 0 -1 0 -1 0 -1 0 -1 0 -1 0 -1 0 -1 0 0 0 0 0 0 0 0 1 0 1 0 1 -1 0 -1 0 -1 0 -1 0 -1 0 -1 0 -1 0
27 0 1 1 2 2 3 3 4 4 5 5 6 6 7 0 8 8 9 9 10 10 11 11 12 12 13 0 14 14 15 15 16 0 17 17 18 18 19 0 20 0 21 0 22 0 23 0 24 0 25 0 26 G -1 0 -1 0 -1 0 -1 0 -1 0 -1 0 -1 0 -1 0 -1 0 -1 0 -1 0 -1 0 -1 0 0 0 0 0 0 0 0 1 0 1 0 1 -1 0 -1 0 -1 0 -1 0 -1 0 -1 0 -1 0
27 0 1 1 2 2 3 3 4 4 5 5 6 6 7 0 8 8 9 9 10 10 11 11 12 12 13 0 14 14 15 15 16 0 17 17 18 0 19 19 20 0 21 21 22 0 23 23 24 0 25 25 26 G -1 0 -1 0 -1 0 -1 0 -1 0 -1 0 -1 0 -1 0 -1 0 -1 0 -1 0 -1 0 -1 0 -1 0 -1 0 -1 0 0 0 0 0 0 1 0 1 0 2 0 2 0 3 0 3 0 4 0 4
27 0 1 1 2 2 3 3 4 4 5 5 6 6 7 0 8 8 9 9 10 10 11 11 12 12 13 0 14 14 15 15 16 0 17 17 18 0 19 19 20 0 21 21 22 0 23 23 24 0 25 0 26 G -1 0 -1 0 -1 0 -1 0 -1 0 -1 0 -1 0 -1 0 -1 0 -1 0 -1 0 -1 0 -1 0 -1 0 -1 0 -1 0 0 0 0 0 0 1 0 1 0 2 0 2 0 3 0 3 -1 0 -1 0
27 0 1 1 2 2 3 3 4 4 5 5 6 6 7 0 8 8 9 9 10 10 11 11 12 12 13 0 14 14 15 15 16 0 17 17 18 0 19 19 20 0 21 21 22 0 23 0 24 0 25 0 26 G -1 0 -1 0 -1 0 -1 0 -1 0 -1 0 -1 0 -1 0 -1 0 -1 0 -1 0 -1 0 -1 0 -1 0 -1 0 -1 0 0 0 0 0 0 1 0 1 0 2 0 2 -1 0 -1 0 -1 0 -1 0
27 0 1 1 2 2 3 3 4 4 5 5 6 6 7 0 8 8 9 9 10 10 11 11 12 12 13 0 14 14 15 15 16 0 17 17 18 0 19 19 20 0 21 0 22 0 23 0 24 0 25 0 26 G -1 0 -1 0 -1 0 -1 0 -1 0 -1 0 -1 0 -1 0 -1 0 -1 0 -1 0 -1 0 -1 0 -1 0 -1 0 -1 0 0 0 0 0 0 1 0 1 -1 0 -1 0 -1 0 -1 0 -1 0 -1 0
27 0 1 1 2 2 3 3 4 4 5 5 6 6 7 0 8 8 9 9 10 10 11 11 12 12 13 0 14 14 15 15 16 0 17 17 18 0 19 0 20 0 21 0 22 0 23 0 24 0 25 0 26 G -1 0 -1 0 -1 0 -1 0 -1 0 -1 0 -1 0 -1 0 -1 0 -1 0 -1 0 -1 0 -1 0 -1 0 -1 0 -1 0 -1 0 -1 0 -1 0 -1 0 -1 0 -1 0 -1 0 -1 0 -1 0 -1 0
27 0 1 1 2 2 3 3 4 4 5 5 6 6 7 0 8 8 9 9 10 10 11 11 12 12 13 0 14 14 15 15 16 0 17 0 18 0 19 0 20 0 21 0 22 0 23 0 24 0 25 0 26 G -1 0 -1 0 -1 0 -1 0 -1 0 -1 0 -1 0 -1 0 -1 0 -1 0 -1 0 -1 0 -1 0 -1 0 -1 0 -1 0 -1 0 -1 0 -1 0 -1 0 -1 0 -1 0 -1 0 -1 0 -1 0 -1 0
27 0 1 1 2 2 3 3 4 4 5 5 6 6 7 0 8 8 9 9 10 10 11 11 12 12 13 0 14 14 15 0 16 16 17 0 18 18 19 0 20 20 21 0 22 22 23 0 24 24 25 0 26 G -1 0 -1 0 -1 0 -1 0 -1 0 -1 0 -1 0 -1 0 -1 0 -1 0 -1 0 -1 0 -1 0 0 0 0 0 0 1 0 1 0 2 0 2 0 3 0 3 0 4 0 4 0 5 0 5 -1 0
27 0 1 1 2 2 3 3 4 4 5 5 6 6 7 0 8 8 9 9 10 10 11 11 12 12 13 0 14 14 15 0 16 16 17 0 18 18 19 0 20 20 21 0 22 22 23 0 24 0 25 0 26 G -1 0 -1 0 -1 0 -1 0 -1 0 -1 0 -1 0 -1 0 -1 0 -1 0 -1 0 -1 0 -1 0 0 0 0 0 0 1 0 1 0 2 0 2 0 3 0 3 0 4 0 4 -1 0 -1 0 -1 0
27 0 1 1 2 2 3 3 4 4 5 5 6 6 7 0 8 8 9 9 10 10 11 11 12 12 13 0 14 14 15 0 16 16 17 0 18 18 19 0 20 20 21 0 22 0 23 0 24 0 25 0 26 G -1 0 -1 0 -1 0 -1 0 -1 0 -1 0 -1 0 -1 0 -1 0 -1 0 -1 0 -1 0 -1 0 0 0 0 0 0 1 0 1 0 2 0 2 0 3 0 3 -1 0 -1 0 -1 0 -1 0 -1 0
27 0 1 1 2 2 3 3 4 4 5 5 6 6 7 0 8 8 9 9 10 10 11 11 12 12 13 0 14 14 15 0 16 16 17 0 18 18 19 0 20 0 21 0 22 0 23 0 24 0 25 0 26 G -1 0 -1 0 -1 0 -1 0 -1 0 -1 0 -1 0 -1 0 -1 0 -1 0 -1 0 -1 0 -1 0 0 0 0 0 0 1 0 1 0 2 0 2 -1 0 -1 0 -1 0 -1 0 -1 0 -1 0 -1 0
27 0 1 1 2 2 3 3 4 4 5 5 6 6 7 0 8 8 9 9 10 10 11 11 12 12 13 0 14 14 15 0 16 16 17 0 18 0 19 0 20 0 21 0 22 0 23 0 24 0 25 0 26 G -1 0 -1 0 -1 0 -1 0 -1 0 -1 0 -1 0 -1 0 -1 0 -1 0 -1 0 -1 0 -1 0 0 0 0 0 0 1 0 1 -1 0 -1 0 -1 0 -1 0 -1 0 -1 0 -1 0 -1 0 -1 0
27 0 1 1 2 2 3 3 4 4 5 5 6 6 7 0 8 8 9 9 10 10 11 11 12 12 13 0 14 14 15 0 16 0 17 0 18 0 19 0 20 0 21 0 22 0 23 0 24 0 25 0 26 G -1 0 -1 0 -1 0 -1 0 -1 0 -1 0 -1 0 -1 0 -1 0 -1 0 -1 0 -1 0 -1 0 -1 0 -1 0 -1 0 -1 0 -1 0 -1 0 -1 0 -1 0 -1 0 -1 0 -1 0 -1 0 -1 0
27 0 1 1 2 2 3 3 4 4 5 5 6 6 7 0 8 8 9 9 10 10 11 11 12 12 13 0 14 0 15 0 16 0 17 0 18 0 19 0 20 0 21 0 22 0 23 0 24 0 25 0 26 G -1 0 -1 0 -1 0 -1 0 -1 0 -1 0 -1 0 -1 0 -1 0 -1 0 -1 0 -1 0 -1 0 -1 0 -1 0 -1 0 -1 0 -1 0 -1 0 -1 0 -1 0 -1 0 -1 0 -1 0 -1 0 -1 0
27 0 1 1 2 2 3 3 4 4 5 5 6 6 7 0 8 8 9 9 10 10 11 11 12 0 13 13 14 14 15 15 16 16 17 0 18 18 19 19 20 20 21 21 22 0 23 23 24 24 25 25 26 G -1 0 -1 0 -1 0 -1 0 -1 0 -1 0 -1 0 0 0 0 0 0 0 0 0 0 0 0 1 0 1 0 1 0 1 0 1 0 2 0 2 0 2 0 2 0 2 -1 0 -1 0 -1 0 -1 0
27 0 1 1 2 2 3 3 4 4 5 5 6 6 7 0 8 8 9 9 10 10 11 11 12 0 13 13 14 14 15 15 16 16 17 0 18 18 19 19 20 20 21 21 22 0 23 23 24 24 25 0 26 G -1 0 -1 0 -1 0 -1 0 -1 0 -1 0 -1 0 0 0 0 0 0 0 0 0 0 0 0 1 0 1 0 1 0 1 0 1 0 2 0 2 0 2 0 2 0 2 -1 0 -1 0 -1 0 -1 0
27 0 1 1 2 2 3 3 4 4 5 5 6 6 7 0 8 8 9 9 10 10 11 11 12 0 13 13 14 14 15 15 16 16 17 0 18 18 19 19 20 20 21 21 22 0 23 23 24 0 25 25 26 G -1 0 -1 0 -1 0 -1 0 -1 0 -1 0 -1 0 1 0 1 0 1 0 1 0 1 0 1 1 1 1 1 1 1 1 1 1 1 2 1 2 1 2 1 2 1 2 0 0 0 0 0 1 0 1
27 0 1 1 2 2 3 3 4 4 5 5 6 6 7 0 8 8 9 9 10 10 11 11 12 0 13 13 14 14 15 15 16 16 17 0 18 18 19 19 20 20 21 21 22 0 23 23 24 0 25 0 26 G -1 0 -1 0 -1 0 -1 0 -1 0 -1 0 -1 0 0 0 0 0 0 0 0 0 0 0 0 1 0 1 0 1 0 1 0 1 0 2 0 2 0 2 0 2 0 2 -1 0 -1 0 -1 0 -1 0
27 0 1 1 2 2 3 3 4 4 5 5 6 6 7 0 8 8 9 9 10 10 11 11 12 0 13 13 14 14 15 15 16 16 17 0 18 18 19 19 20 20 21 21 22 0 23 0 24 0 25 0 26 G -1 0 -1 0 -1 0 -1 0 -1 0 -1 0 -1 0 0 0 0 0 0 0 0 0 0 0 0 1 0 1 0 1 0 1 0 1 0 2 0 2 0 2 0 2 0 2 -1 0 -1 0 -1 0 -1 0
27 0 1 1 2 2 3 3 4 4 5 5 6 6 7 0 8 8 9 9 10 10 11 11 12 0 13 13 14 14 15 15 16 16 17 0 18 18 19 19 20 20 21 0 22 22 23 23 24 24 25 0 26 G -1 0 -1 0 -1 0 -1 0 -1 0 -1 0 -1 0 1 0 1 0 1 0 1 0 1 0 1 1 1 1 1 1 1 1 1 1 0 0 0 0 0 0 0 0 0 1 0 1 0 1 0 1 -1 0
27 0 1 1 2 2 3 3 4 4 5 5 6 6 7 0 8 8 9 9 10 10 11 11 12 0 13 13 14 14 15 15 16 16 17 0 18 18 19 19 20 20 21 0 22 22 23 23 24 0 25 25 26 G -1 0 -1 0 -1 0 -1 0 -1 0 -1 0 -1 0 0 0 0 0 0 0 0 0 0 0 0 1 0 1 0 1 0 1 0 1 -1 0 -1 0 -1 0 -1 0 -1 0 -1 0 -1 0 -1 0 -1 0
27 0 1 1 2 2 3 3 4 4 5 5 6 6 7 0 8 8 9 9 10 10 11 11 12 0 13 13 14 14 15 15 16 16 17 0 18 18 19 19 20 20 21 0 22 22 23 23 24 0 25 0 26 G -1 0 -1 0 -1 0 -1 0 -1 0 -1 0 -1 0 0 0 0 0 0 0 0 0 0 0 0 1 0 1 0 1 0 1 0 1 -1 0 -1 0 -1 0 -1 0 -1 0 -1 0 -1 0 -1 0 -1 0
27 0 1 1 2 2 3 3 4 4 5 5 6 6 7 0 8 8 9 9 10 10 11 11 12 0 13 13 14 14 15 15 16 16 17 0 18 18 19 19 20 20 21 0 22 22 23 0 24 24 25 0 26 G -1 0 -1 0 -1 0 -1 0 -1 0 -1 0 -1 0 1 0 1 0 1 0 1 0 1 0 1 1 1 1 1 1 1 1 1 1 -1 0 -1 0 -1 0 -1 0 0 0 0 0 0 1 0 1 -1 0
27 0 1 1 2 2 3 3 4 4 5 5 6 6 7 0 8 8 9 9 10 10 11 11 12 0 13 13 14 14 15 15 16 16 17 0 18 18 19 19 20 20 21 0 22 22 23 0 24 0 25 0 26 G -1 0 -1 0 -1 0 -1 0 -1 0 -1 0 -1 0 0 0 0 0 0 0 0 0 0 0 0 1 0 1 0 1 0 1 0 1 -1 0 -1 0 -1 0 -1 0 -1 0 -1 0 -1 0 -1 0 -1 0
27 0 1 1 2 2 3 3 4 4 5 5 6 6 7 0 8 8 9 9 10 10 11 11 12 0 13 13 14 14 15 15 16 16 17 0 18 18 19 19 20 20 21 0 22 0 23 0 24 0 25 0 26 G -1 0 -1 0 -1 0 -1 0 -1 0 -1 0 -1 0 0 0 0 0 0 0 0 0 0 0 0 1 0 1 0 1 0 1 0 1 -1 0 -1 0 -1 0 -1 0 -1 0 -1 0 -1 0 -1 0 -1 0
27 0 1 1 2 2 3 3 4 4 5 5 6 6 7 0 8 8 9 9 10 10 11 11 12 0 13 13 14 14 15 15 16 16 17 0 18 18 19 19 20 0 21 21 22 22 23 0 24 24 25 25 26 G -1 0 -1 0 -1 0 -1 0 -1 0 -1 0 -1 0 1 0 1 0 1 0 1 0 1 0 1 1 1 1 1 1 1 1 1 1 0 0 0 0 0 0 0 1 0 1 0 1 0 2 0 2 0 2
27 0 1 1 2 2 3 3 4 4 5 5 6 6 7 0 8 8 9 9 10 10 11 11 12 0 13 13 14 14 15 15 16 16 17 0 18 18 19 19 20 0 21 21 22 22 23 0 24 24 25 0 26 G -1 0 -1 0 -1 0 -1 0 -1 0 -1 0 -1 0 1 0 1 0 1 0 1 0 1 0 1 1 1 1 1 1 1 1 1 1 0 0 0 0 0 0 0 1 0 1 0 1 -1 0 -1 0 -1 0
27 0 1 1 2 2 3 3 4 4 5 5 6 6 7 0 8 8 9 9 10 10 11 11 12 0 13 13 14 14 15 15 16 16 17 0 18 18 19 19 20 0 21 21 22 22 23 0 24 0 25 0 26 G -1 0 -1 0 -1 0 -1 0 -1 0 -1 0 -1 0 1 0 1 0 1 0 1 0 1 0 1 1 1 1 1 1 1 1 1 1 0 0 0 0 0 0 0 1 0 1 0 1 -1 0 -1 0 -1 0
27 0 1 1 2 2 3 3 4 4 5 5 6 6 7 0 8 8 9 9 10 10 11 11 12 0 13 13 14 14 15 15 16 16 17 0 18 18 19 19 20 0 21 21 22 0 23 23 24 0 25 25 26 G -1 0 -1 0 -1 0 -1 0 -1 0 -1 0 -1 0 1 0 1 0 1 0 1 0 1 0 1 1 1 1 1 1 1 1 1 1 -1 0 -1 0 -1 0 0 0 0 0 0 1 0 1 0 2 0 2
27 0 1 1 2 2 3 3 4 4 5 5 6 6 7 0 8 8 9 9 10 10 11 11 12 0 13 13 14 14 15 15 16 16 17 0 18 18 19 19 20 0 21 21 22 0 23 23 24 0 25 0 26 G -1 0 -1 0 -1 0 -1 0 -1 0 -1 0 -1 0 1 0 1 0 1 0 1 0 1 0 1 1 1 1 1 1 1 1 1 1 -1 0 -1 0 -1 0 0 0 0 0 0 1 0 1 -1 0 -1 0
27 0 1 1 2 2 3 3 4 4 5 5 6 6 7 0 8 8 9 9 10 10 11 11 12 0 13 13 14 14 15 15 16 16 17 0 18 18 19 19 20 0 21 21 22 0 23 0 24 0 25 0 26 G -1 0 -1 0 -1 0 -1 0 -1 0 -1 0 -1 0 0 0 0 0 0 0 0 0 0 0 0 1 0 1 0 1 0 1 0 1 -1 0 -1 0 -1 0 -1 0 -1 0 -1 0 -1 0 -1 0 -1 0
27 0 1 1 2 2 3 3 4 4 5 5 6 6 7 0 8 8 9 9 10 10 11 11 12 0 13 13 14 14 15 15 16 16 17 0 18 18 19 19 20 0 21 0 22 0 23 0 24 0 25 0 26 G -1 0 -1 0 -1 0 -1 0 -1 0 -1 0 -1 0 0 0 0 0 0 0 0 0 0 0 0 1 0 1 0 1 0 1 0 1 -1 0 -1 0 -1 0 -1 0 -1 0 -1 0 -1 0 -1 0 -1 0
27 0 1 1 2 2 3 3 4 4 5 5 6 6 7 0 8 8 9 9 10 10 11 11 12 0 13 13 14 14 15 15 16 16 17 0 18 18 19 0 20 20 21 0 22 22 23 0 24 24 25 0 26 G -1 0 -1 0 -1 0 -1 0 -1 0 -1 0 -1 0 1 0 1 0 1 0 1 0 1 0 1 1 1 1 1 1 1 1 1 1 0 0 0 0 0 1 0 1 0 2 0 2 0 3 0 3 -1 0
27 0 1 1 2 2 3 3 4 4 5 5 6 6 7 0 8 8 9 9 10 10 11 11 12 0 13 13 14 14 15 15 16 16 17 0 18 18 19 0 20 20 21 0 22 22 23 0 24 0 25 0 26 G -1 0 -1 0 -1 0 -1 0 -1 0 -1 0 -1 0 1 0 1 0 1 0 1 0 1 0 1 1 1 1 1 1 1 1 1 1 0 0 0 0 0 1 0 1 0 2 0 2 -1 0 -1 0 -1 0
27 0 1 1 2 2 3 3 4 4 5 5 6 6 7 0 8 8 9 9 10 10 11 11 12 0 13 13 14 14 15 15 16 16 17 0 18 18 19 0 20 20 21 0 22 0 23 0 24 0 25 0 26 G -1 0 -1 0 -1 0 -1 0 -1 0 -1 0 -1 0 1 0 1 0 1 0 1 0 1 0 1 1 1 1 1 1 1 1 1 1 0 0 0 0 0 1 0 1 -1 0 -1 0 -1 0 -1 0 -1 0
27 0 1 1 2 2 3 3 4 4 5 5 6 6 7 0 8 8 9 9 10 10 11 11 12 0 13 13 14 14 15 15 16 16 17 0 18 18 19 0 20 0 21 0 22 0 23 0 24 0 25 0 26 G -1 0 -1 0 -1 0 -1 0 -1 0 -1 0 -1 0 0 0 0 0 0 0 0 0 0 0 0 1 0 1 0 1 0 1 0 1 -1 0 -1 0 -1 0 -1 0 -1 0 -1 0 -1 0 -1 0 -1 0
27 0 1 1 2 2 3 3 4 4 5 5 6 6 7 0 8 8 9 9 10 10 11 11 12 0 13 13 14 14 15 15 16 16 17 0 18 0 19 0 20 0 21 0 22 0 23 0 24 0 25 0 26 G -1 0 -1 0 -1 0 -1 0 -1 0 -1 0 -1 0 0 0 0 0 0 0 0 0 0 0 0 1 0 1 0 1 0 1 0 1 -1 0 -1 0 -1 0 -1 0 -1 0 -1 0 -1 0 -1 0 -1 0
27 0 1 1 2 2 3 3 4 4 5 5 6 6 7 0 8 8 9 9 10 10 11 11 12 0 13 13 14 14 15 15 16 0 17 17 18 18 19 19 20 0 21 21 22 22 23 23 24 0 25 25 26 G -1 0 -1 0 -1 0 -1 0 -1 0 -1 0 -1 0 -1 0 -1 0 -1 0 -1 0 -1 0 0 0 0 0 0 0 0 0 0 1 0 1 0 1 0 1 0 2 0 2 0 2 0 2 -1 0 -1 0
27 0 1 1 2 2 3 3 4 4 5 5 6 6 7 0 8 8 9 9 10 10 11 11 12 0 13 13 14 14 15 15 16 0 17 17 18 18 19 19 20 0 21 21 22 22 23 23 24 0 25 0 26 G -1 0 -1 0 -1 0 -1 0 -1 0 -1 0 -1 0 -1 0 -1 0 -1 0 -1 0 -1 0 0 0 0 0 0 0 0 0 0 1 0 1 0 1 0 1 0 2 0 2 0 2 0 2 -1 0 -1 0
27 0 1 1 2 2 3 3 4 4 5 5 6 6 7 0 8 8 9 9 10 10 11 11 12 0 13 13 14 14 15 15 16 0 17 17 18 18 19 19 20 0 21 21 22 22 23 0 24 24 25 25 26 G -1 0 -1 0 -1 0 -1 0 -1 0 -1 0 -1 0 -1 0 -1 0 -1 0 -1 0 -1 0 1 0 1 0 1 0 1 0 1 1 1 1 1 1 1 1 0 0 0 0 0 0 0 1 0 1 0 1
27 0 1 1 2 2 3 3 4 4 5 5 6 6 7 0 8 8 9 9 10 10 11 11 12 0 13 13 14 14 15 15 16 0 17 17 18 18 19 19 20 0 21 21 22 22 23 0 24 24 25 0 26 G -1 0 -1 0 -1 0 -1 0 -1 0 -1 0 -1 0 -1 0 -1 0 -1 0 -1 0 -1 0 0 0 0 0 0 0 0 0 0 1 0 1 0 1 0 1 -1 0 -1 0 -1 0 -1 0 -1 0 -1 0
27 0 1 1 2 2 3 3 4 4 5 5 6 6 7 0 8 8 9 9 10 10 11 11 12 0 13 13 14 14 15 15 16 0 17 17 18 18 19 19 20 0 21 21 22 22 23 0 24 0 25 0 26 G -1 0 -1 0 -1 0 -1 0 -1 0 -1 0 -1 0 -1 0 -1 0 -1 0 -1 0 -1 0 0 0 0 0 0 0 0 0 0 1 0 1 0 1 0 1 -1 0 -1 0 -1 0 -1 0 -1 0 -1 0
27 0 1 1 2 2 3 3 4 4 5 5 6 6 7 0 8 8 9 9 10 10 11 11 12 0 13 13 14 14 15 15 16 0 17 17 18 18 19 19 20 0 21 21 22 0 23 23 24 0 25 25 26 G -1 0 -1 0 -1 0 -1 0 -1 0 -1 0 -1 0 -1 0 -1 0 -1 0 -1 0 -1 0 1 0 1 0 1 0 1 0 1 1 1 1 1 1 1 1 0 0 0 0 0 1 0 1 0 2 0 2
27 0 1 1 2 2 3 3 4 4 5 5 6 6 7 0 8 8 9 9 10 10 11 11 12 0 13 13 14 14 15 15 16 0 17 17 18 18 19 19 20 0 21 21 22 0 23 23 24 0 25 0 26 G -1 0 -1 0 -1 0 -1 0 -1 0 -1 0 -1 0 -1 0 -1 0 -1 0 -1 0 -1 0 1 0 1 0 1 0 1 0 1 1 1 1 1 1 1 1 0 0 0 0 0 1 0 1 -1 0 -1 0
27 0 1 1 2 2 3 3 4 4 5 5 6 6 7 0 8 8 9 9 10 10 11 11 12 0 13 13 14 14 15 15 16 0 17 17 18 18 19 19 20 0 21 21 22 0 23 0 24 0 25 0 26 G -1 0 -1 0 -1 0 -1 0 -1 0 -1 0 -1 0 -1 0 -1 0 -1 0 -1 0 -1 0 0 0 0 0 0 0 0 0 0 1 0 1 0 1 0 1 -1 0 -1 0 -1 0 -1 0 -1 0 -1 0
27 0 1 1 2 2 3 3 4 4 5 5 6 6 7 0 8 8 9 9 10 10 11 11 12 0 13 13 14 14 15 15 16 0 17 17 18 18 19 19 20 0 21 0 22 0 23 0 24 0 25 0 26 G -1 0 -1 0 -1 0 -1 0 -1 0 -1 0 -1 0 -1 0 -1 0 -1 0 -1 0 -1 0 0 0 0 0 0 0 0 0 0 1 0 1 0 1 0 1 -1 0 -1 0 -1 0 -1 0 -1 0 -1 0
27 0 1 1 2 2 3 3 4 4 5 5 6 6 7 0 8 8 9 9 10 10 11 11 12 0 13 13 14 14 15 15 16 0 17 17 18 18 19 0 20 20 21 21 22 0 23 23 24 24 25 0 26 G -1 0 -1 0 -1 0 -1 0 -1 0 -1 0 -1 0 -1 0 -1 0 -1 0 -1 0 -1 0 -1 0 -1 0 -1 0 -1 0 0 0 0 0 0 0 0 1 0 1 0 1 0 2 0 2 0 2 -1 0
27 0 1 1 2 2 3 3 4 4 5 5 6 6 7 0 8 8 9 9 10 10 11 11 12 0 13 13 14 14 15 15 16 0 17 17 18 18 19 0 20 20 21 21 22 0 23 23 24 0 25 25 26 G -1 0 -1 0 -1 0 -1 0 -1 0 -1 0 -1 0 -1 0 -1 0 -1 0 -1 0 -1 0 -1 0 -1 0 -1 0 -1 0 1 0 1 0 1 0 1 1 1 1 1 1 0 0 0 0 0 1 0 1
27 0 1 1 2 2 3 3 4 4 5 5 6 6 7 0 8 8 9 9 10 10 11 11 12 0 13 13 14 14 15 15 16 0 17 17 18 18 19 0 20 20 21 21 22 0 23 23 24 0 25 0 26 G -1 0 -1 0 -1 0 -1 0 -1 0 -1 0 -1 0 -1 0 -1 0 -1 0 -1 0 -1 0 -1 0 -1 0 -1 0 -1 0 0 0 0 0 0 0 0 1 0 1 0 1 -1 0 -1 0 -1 0 -1 0
27 0 1 1 2 2 3 3 4 4 5 5 6 6 7 0 8 8 9 9 10 10 11 11 12 0 13 13 14 14 15 15 16 0 17 17 18 18 19 0 20 20 21 21 22 0 23 0 24 0 25 0 26 G -1 0 -1 0 -1 0 -1 0 -1 0 -1 0 -1 0 -1 0 -1 0 -1 0 -1 0 -1 0 -1 0 -1 0 -1 0 -1 0 0 0 0 0 0 0 0 1 0 1 0 1 -1 0 -1 0 -1 0 -1 0
27 0 1 1 2 2 3 3 4 4 5 5 6 6 7 0 8 8 9 9 10 10 11 11 12 0 13 13 14 14 15 15 16 0 17 17 18 18 19 0 20 20 21 0 22 22 23 0 24 24 25 0 26 G -1 0 -1 0 -1 0 -1 0 -1 0 -1 0 -1 0 -1 0 -1 0 -1 0 -1 0 -1 0 -1 0 -1 0 -1 0 -1 0 -1 0 -1 0 -1 0 0 0 0 0 0 1 0 1 0 2 0 2 -1 0
27 0 1 1 2 2 3 3 4 4 5 5 6 6 7 0 8 8 9 9 10 10 11 11 12 0 13 13 14 14 15 15 16 0 17 17 18 18 19 0 20 20 21 0 22 22 23 0 24 0 25 0 26 G -1 0 -1 0 -1 0 -1 0 -1 0 -1 0 -1 0 -1 0 -1 0 -1 0 -1 0 -1 0 -1 0 -1 0 -1 0 -1 0 -1 0 -1 0 -1 0 0 0 0 0 0 1 0 1 -1 0 -1 0 -1 0
27 0 1 1 2 2 3 3 4 4 5 5 6 6 7 0 8 8 9 9 10 10 11 11 12 0 13 13 14 14 15 15 16 0 17 17 18 18 19 0 20 20 21 0 22 0 23 0 24 0 25 0 26 G -1 0 -1 0 -1 0 -1 0 -1 0 -1 0 -1 0 -1 0 -1 0 -1 0 -1 0 -1 0 -1 0 -1 0 -1 0 -1 0 -1 0 -1 0 -1 0 -1 0 -1 0 -1 0 -1 0 -1 0 -1 0 -1 0
27 0 1 1 2 2 3 3 4 4 5 5 6 6 7 0 8 8 9 9 10 10 11 11 12 0 13 13 14 14 15 15 16 0 17 17 18 18 19 0 20 0 21 0 22 0 23 0 24 0 25 0 26 G -1 0 -1 0 -1 0 -1 0 -1 0 -1 0 -1 0 -1 0 -1 0 -1 0 -1 0 -1 0 -1 0 -1 0 -1 0 -1 0 -1 0 -1 0 -1 0 -1 0 -1 0 -1 0 -1 0 -1 0 -1 0 -1 0
27 0 1 1 2 2 3 3 4 4 5 5 6 6 7 0 8 8 9 9 10 10 11 11 12 0 13 13 14 14 15 15 16 0 17 17 18 0 19 19 20 0 21 21 22 0 23 23 24 0 25 25 26 G -1 0 -1 0 -1 0 -1 0 -1 0 -1 0 -1 0 -1 0 -1 0 -1 0 -1 0 -1 0 -1 0 -1 0 -1 0 -1 0 0 0 0 0 0 1 0 1 0 2 0 2 0 3 0 3 0 4 0 4
27 0 1 1 2 2 3 3 4 4 5 5 6 6 7 0 8 8 9 9 10 10 11 11 12 0 13 13 14 14 15 15 16 0 17 17 18 0 19 19 20 0 21 21 22 0 23 23 24 0 25 0 26 G -1 0 -1 0 -1 0 -1 0 -1 0 -1 0 -1 0 -1 0 -1 0 -1 0 -1 0 -1 0 -1 0 -1 0 -1 0 -1 0 0 0 0 0 0 1 0 1 0 2 0 2 0 3 0 3 -1 0 -1 0
27 0 1 1 2 2 3 3 4 4 5 5 6 6 7 0 8 8 9 9 10 10 11 11 12 0 13 13 14 14 15 15 16 0 17 17 18 0 19 19 20 0 21 21 22 0 23 0 24 0 25 0 26 G -1 0 -1 0 -1 0 -1 0 -1 0 -1 0 -1 0 -1 0 -1 0 -1 0 -1 0 -1 0 -1 0 -1 0 -1 0 -1 0 0 0 0 0 0 1 0 1 0 2 0 2 -1 0 -1 0 -1 0 -1 0
27 0 1 1 2 2 3 3 4 4 5 5 6 6 7 0 8 8 9 9 10 10 11 11 12 0 13 13 14 14 15 15 16 0 17 17 18 0 19 19 20 0 21 0 22 0 23 0 24 0 25 0 26 G -1 0 -1 0 -1 0 -1 0 -1 0 -1 0 -1 0 -1 0 -1 0 -1 0 -1 0 -1 0 -1 0 -1 0 -1 0 -1 0 0 0 0 0 0 1 0 1 -1 0 -1 0 -1 0 -1 0 -1 0 -1 0
27 0 1 1 2 2 3 3 4 4 5 5 6 6 7 0 8 8 9 9 10 10 11 11 12 0 13 13 14 14 15 15 16 0 17 17 18 0 19 0 20 0 21 0 22 0 23 0 24 0 25 0 26 G -1 0 -1 0 -1 0 -1 0 -1 0 -1 0 -1 0 -1 0 -1 0 -1 0 -1 0 -1 0 -1 0 -1 0 -1 0 -1 0 -1 0 -1 0 -1 0 -1 0 -1 0 -1 0 -1 0 -1 0 -1 0 -1 0
27 0 1 1 2 2 3 3 4 4 5 5 6 6 7 0 8 8 9 9 10 10 11 11 12 0 13 13 14 14 15 15 16 0 17 0 18 0 19 0 20 0 21 0 22 0 23 0 24 0 25 0 26 G -1 0 -1 0 -1 0 -1 0 -1 0 -1 0 -1 0 -1 0 -1 0 -1 0 -1 0 -1 0 -1 0 -1 0 -1 0 -1 0 -1 0 -1 0 -1 0 -1 0 -1 0 -1 0 -1 0 -1 0 -1 0 -1 0
27 0 1 1 2 2 3 3 4 4 5 5 6 6 7 0 8 8 9 9 10 10 11 11 12 0 13 13 14 14 15 0 16 16 17 17 18 0 19 19 20 20 21 0 22 22 23 23 24 0 25 25 26 G -1 0 -1 0 -1 0 -1 0 -1 0 -1 0 -1 0 -1 0 -1 0 -1 0 -1 0 -1 0 0 0 0 0 0 0 0 1 0 1 0 1 0 2 0 2 0 2 0 3 0 3 0 3 -1 0 -1 0
27 0 1 1 2 2 3 3 4 4 5 5 6 6 7 0 8 8 9 9 10 10 11 11 12 0 13 13 14 14 15 0 16 16 17 17 18 0 19 19 20 20 21 0 22 22 23 23 24 0 25 0 26 G -1 0 -1 0 -1 0 -1 0 -1 0 -1 0 -1 0 -1 0 -1 0 -1 0 -1 0 -1 0 0 0 0 0 0 0 0 1 0 1 0 1 0 2 0 2 0 2 0 3 0 3 0 3 -1 0 -1 0
27 0 1 1 2 2 3 3 4 4 5 5 6 6 7 0 8 8 9 9 10 10 11 11 12 0 13 13 14 14 15 0 16 16 17 17 18 0 19 19 20 20 21 0 22 22 23 0 24 24 25 0 26 G -1 0 -1 0 -1 0 -1 0 -1 0 -1 0 -1 0 -1 0 -1 0 -1 0 -1 0 -1 0 1 0 1 0 1 0 1 1 1 1 1 1 1 2 1 2 1 2 0 0 0 0 0 1 0 1 -1 0
27 0 1 1 2 2 3 3 4 4 5 5 6 6 7 0 8 8 9 9 10 10 11 11 12 0 13 13 14 14 15 0 16 16 17 17 18 0 19 19 20 20 21 0 22 22 23 0 24 0 25 0 26 G -1 0 -1 0 -1 0 -1 0 -1 0 -1 0 -1 0 -1 0 -1 0 -1 0 -1 0 -1 0 0 0 0 0 0 0 0 1 0 1 0 1 0 2 0 2 0 2 -1 0 -1 0 -1 0 -1 0 -1 0
27 0 1 1 2 2 3 3 4 4 5 5 6 6 7 0 8 8 9 9 10 10 11 11 12 0 13 13 14 14 15 0 16 16 17 17 18 0 19 19 20 20 21 0 22 0 23 0 24 0 25 0 26 G -1 0 -1 0 -1 0 -1 0 -1 0 -1 0 -1 0 -1 0 -1 0 -1 0 -1 0 -1 0 0 0 0 0 0 0 0 1 0 1 0 1 0 2 0 2 0 2 -1 0 -1 0 -1 0 -1 0 -1 0
27 0 1 1 2 2 3 3 4 4 5 5 6 6 7 0 8 8 9 9 10 10 11 11 12 0 13 13 14 14 15 0 16 16 17 17 18 0 19 19 20 0 21 21 22 0 23 23 24 0 25 25 26 G -1 0 -1 0 -1 0 -1 0 -1 0 -1 0 -1 0 -1 0 -1 0 -1 0 -1 0 -1 0 1 0 1 0 1 0 1 1 1 1 1 1 0 0 0 0 0 1 0 1 0 2 0 2 0 3 0 3
27 0 1 1 2 2 3 3 4 4 5 5 6 6 7 0 8 8 9 9 10 10 11 11 12 0 13 13 14 14 15 0 16 16 17 17 18 0 19 19 20 0 21 21 22 0 23 23 24 0 25 0 26 G -1 0 -1 0 -1 0 -1 0 -1 0 -1 0 -1 0 -1 0 -1 0 -1 0 -1 0 -1 0 1 0 1 0 1 0 1 1 1 1 1 1 0 0 0 0 0 1 0 1 0 2 0 2 -1 0 -1 0
27 0 1 1 2 2 3 3 4 4 5 5 6 6 7 0 8 8 9 9 10 10 11 11 12 0 13 13 14 14 15 0 16 16 17 17 18 0 19 19 20 0 21 21 22 0 23 0 24 0 25 0 26 G -1 0 -1 0 -1 0 -1 0 -1 0 -1 0 -1 0 -1 0 -1 0 -1 0 -1 0 -1 0 1 0 1 0 1 0 1 1 1 1 1 1 0 0 0 0 0 1 0 1 -1 0 -1 0 -1 0 -1 0
27 0 1 1 2 2 3 3 4 4 5 5 6 6 7 0 8 8 9 9 10 10 11 11 12 0 13 13 14 14 15 0 16 16 17 17 18 0 19 19 20 0 21 0 22 0 23 0 24 0 25 0 26 G -1 0 -1 0 -1 0 -1 0 -1 0 -1 0 -1 0 -1 0 -1 0 -1 0 -1 0 -1 0 0 0 0 0 0 0 0 1 0 1 0 1 -1 0 -1 0 -1 0 -1 0 -1 0 -1 0 -1 0 -1 0
27 0 1 1 2 2 3 3 4 4 5 5 6 6 7 0 8 8 9 9 10 10 11 11 12 0 13 13 14 14 15 0 16 16 17 17 18 0 19 0 20 0 21 0 22 0 23 0 24 0 25 0 26 G -1 0 -1 0 -1 0 -1 0 -1 0 -1 0 -1 0 -1 0 -1 0 -1 0 -1 0 -1 0 0 0 0 0 0 0 0 1 0 1 0 1 -1 0 -1 0 -1 0 -1 0 -1 0 -1 0 -1 0 -1 0
27 0 1 1 2 2 3 3 4 4 5 5 6 6 7 0 8 8 9 9 10 10 11 11 12 0 13 13 14 14 15 0 16 16 17 0 18 18 19 0 20 20 21 0 22 22 23 0 24 24 25 0 26 G -1 0 -1 0 -1 0 -1 0 -1 0 -1 0 -1 0 -1 0 -1 0 -1 0 -1 0 -1 0 -1 0 -1 0 -1 0 0 0 0 0 0 1 0 1 0 2 0 2 0 3 0 3 0 4 0 4 -1 0
27 0 1 1 2 2 3 3 4 4 5 5 6 6 7 0 8 8 9 9 10 10 11 11 12 0 13 13 14 14 15 0 16 16 17 0 18 18 19 0 20 20 21 0 22 22 23 0 24 0 25 0 26 G -1 0 -1 0 -1 0 -1 0 -1 0 -1 0 -1 0 -1 0 -1 0 -1 0 -1 0 -1 0 -1 0 -1 0 -1 0 0 0 0 0 0 1 0 1 0 2 0 2 0 3 0 3 -1 0 -1 0 -1 0
27 0 1 1 2 2 3 3 4 4 5 5 6 6 7 0 8 8 9 9 10 10 11 11 12 0 13 13 14 14 15 0 16 16 17 0 18 18 19 0 20 20 21 0 22 0 23 0 24 0 25 0 26 G -1 0 -1 0 -1 0 -1 0 -1 0 -1 0 -1 0 -1 0 -1 0 -1 0 -1 0 -1 0 -1 0 -1 0 -1 0 0 0 0 0 0 1 0 1 0 2 0 2 -1 0 -1 0 -1 0 -1 0 -1 0
27 0 1 1 2 2 3 3 4 4 5 5 6 6 7 0 8 8 9 9 10 10 11 11 12 0 13 13 14 14 15 0 16 16 17 0 18 18 19 0 20 0 21 0 22 0 23 0 24 0 25 0 26 G -1 0 -1 0 -1 0 -1 0 -1 0 -1 0 -1 0 -1 0 -1 0 -1 0 -1 0 -1 0 -1 0 -1 0 -1 0 0 0 0 0 0 1 0 1 -1 0 -1 0 -1 0 -1 0 -1 0 -1 0 -1 0
27 0 1 1 2 2 3 3 4 4 5 5 6 6 7 0 8 8 9 9 10 10 11 11 12 0 13 13 14 14 15 0 16 16 17 0 18 0 19 0 20 0 21 0 22 0 23 0 24 0 25 0 26 G -1 0 -1 0 -1 0 -1 0 -1 0 -1 0 -1 0 -1 0 -1 0 -1 0 -1 0 -1 0 -1 0 -1 0 -1 0 -1 0 -1 0 -1 0 -1 0 -1 0 -1 0 -1 0 -1 0 -1 0 -1 0 -1 0
27 0 1 1 2 2 3 3 4 4 5 5 6 6 7 0 8 8 9 9 10 10 11 11 12 0 13 13 14 14 15 0 16 0 17 0 18 0 19 0 20 0 21 0 22 0 23 0 24 0 25 0 26 G -1 0 -1 0 -1 0 -1 0 -1 0 -1 0 -1 0 -1 0 -1 0 -1 0 -1 0 -1 0 -1 0 -1 0 -1 0 -1 0 -1 0 -1 0 -1 0 -1 0 -1 0 -1 0 -1 0 -1 0 -1 0 -1 0
27 0 1 1 2 2 3 3 4 4 5 5 6 6 7 0 8 8 9 9 10 10 11 11 12 0 13 13 14 0 15 15 16 0 17 17 18 0 19 19 20 0 21 21 22 0 23 23 24 0 25 25 26 G -1 0 -1 0 -1 0 -1 0 -1 0 -1 0 -1 0 -1 0 -1 0 -1 0 -1 0 -1 0 0 0 0 0 0 1 0 1 0 2 0 2 0 3 0 3 0 4 0 4 0 5 0 5 0 6 0 6
27 0 1 1 2 2 3 3 4 4 5 5 6 6 7 0 8 8 9 9 10 10 11 11 12 0 13 13 14 0 15 15 16 0 17 17 18 0 19 19 20 0 21 21 22 0 23 23 24 0 25 0 26 G -1 0 -1 0 -1 0 -1 0 -1 0 -1 0 -1 0 -1 0 -1 0 -1 0 -1 0 -1 0 0 0 0 0 0 1 0 1 0 2 0 2 0 3 0 3 0 4 0 4 0 5 0 5 -1 0 -1 0
27 0 1 1 2 2 3 3 4 4 5 5 6 6 7 0 8 8 9 9 10 10 11 11 12 0 13 13 14 0 15 15 16 0 17 17 18 0 19 19 20 0 21 21 22 0 23 0 24 0 25 0 26 G -1 0 -1 0 -1 0 -1 0 -1 0 -1 0 -1 0 -1 0 -1 0 -1 0 -1 0 -1 0 0 0 0 0 0 1 0 1 0 2 0 2 0 3 0 3 0 4 0 4 -1 0 -1 0 -1 0 -1 0
27 0 1 1 2 2 3 3 4 4 5 5 6 6 7 0 8 8 9 9 10 10 11 11 12 0 13 13 14 0 15 15 16 0 17 17 18 0 19 19 20 0 21 0 22 0 23 0 24 0 25 0 26 G -1 0 -1 0 -1 0 -1 0 -1 0 -1 0 -1 0 -1 0 -1 0 -1 0 -1 0 -1 0 0 0 0 0 0 1 0 1 0 2 0 2 0 3 0 3 -1 0 -1 0 -1 0 -1 0 -1 0 -1 0
27 0 1 1 2 2 3 3 4 4 5 5 6 6 7 0 8 8 9 9 10 10 11 11 12 0 13 13 14 0 15 15 16 0 17 17 18 0 19 0 20 0 21 0 22 0 23 0 24 0 25 0 26 G -1 0 -1 0 -1 0 -1 0 -1 0 -1 0 -1 0 -1 0 -1 0 -1 0 -1 0 -1 0 0 0 0 0 0 1 0 1 0 2 0 2 -1 0 -1 0 -1 0 -1 0 -1 0 -1 0 -1 0 -1 0
27 0 1 1 2 2 3 3 4 4 5 5 6 6 7 0 8 8 9 9 10 10 11 11 12 0 13 13 14 0 15 15 16 0 17 0 18 0 19 0 20 0 21 0 22 0 23 0 24 0 25 0 26 G -1 0 -1 0 -1 0 -1 0 -1 0 -1 0 -1 0 -1 0 -1 0 -1 0 -1 0 -1 0 0 0 0 0 0 1 0 1 -1 0 -1 0 -1 0 -1 0 -1 0 -1 0 -1 0 -1 0 -1 0 -1 0
27 0 1 1 2 2 3 3 4 4 5 5 6 6 7 0 8 8 9 9 10 10 11 11 12 0 13 13 14 0 15 0 16 0 17 0 18 0 19 0 20 0 21 0 22 0 23 0 24 0 25 0 26 G -1 0 -1 0 -1 0 -1 0 -1 0 -1 0 -1 0 -1 0 -1 0 -1 0 -1 0 -1 0 -1 0 -1 0 -1 0 -1 0 -1 0 -1 0 -1 0 -1 0 -1 0 -1 0 -1 0 -1 0 -1 0 -1 0
27 0 1 1 2 2 3 3 4 4 5 5 6 6 7 0 8 8 9 9 10 10 11 11 12 0 13 0 14 0 15 0 16 0 17 0 18 0 19 0 20 0 21 0 22 0 23 0 24 0 25 0 26 G -1 0 -1 0 -1 0 -1 0 -1 0 -1 0 -1 0 -1 0 -1 0 -1 0 -1 0 -1 0 -1 0 -1 0 -1 0 -1 0 -1 0 -1 0 -1 0 -1 0 -1 0 -1 0 -1 0 -1 0 -1 0 -1 0
27 0 1 1 2 2 3 3 4 4 5 5 6 6 7 0 8 8 9 9 10 10 11 0 12 12 13 13 14 14 15 0 16 16 17 17 18 18 19 0 20 20 21 21 22 22 23 0 24 24 25 25 26 G -1 0 -1 0 -1 0 -1 0 -1 0 -1 0 -1 0 0 0 0 0 0 0 0 0 0 1 0 1 0 1 0 1 0 2 0 2 0 2 0 2 0 3 0 3 0 3 0 3 -1 0 -1 0 -1 0
27 0 1 1 2 2 3 3 4 4 5 5 6 6 7 0 8 8 9 9 10 10 11 0 12 12 13 13 14 14 15 0 16 16 17 17 18 18 19 0 20 20 21 21 22 22 23 0 24 24 25 0 26 G -1 0 -1 0 -1 0 -1 0 -1 0 -1 0 -1 0 0 0 0 0 0 0 0 0 0 1 0 1 0 1 0 1 0 2 0 2 0 2 0 2 0 3 0 3 0 3 0 3 -1 0 -1 0 -1 0
27 0 1 1 2 2 3 3 4 4 5 5 6 6 7 0 8 8 9 9 10 10 11 0 12 12 13 13 14 14 15 0 16 16 17 17 18 18 19 0 20 20 21 21 22 22 23 0 24 0 25 0 26 G -1 0 -1 0 -1 0 -1 0 -1 0 -1 0 -1 0 0 0 0 0 0 0 0 0 0 1 0 1 0 1 0 1 0 2 0 2 0 2 0 2 0 3 0 3 0 3 0 3 -1 0 -1 0 -1 0
27 0 1 1 2 2 3 3 4 4 5 5 6 6 7 0 8 8 9 9 10 10 11 0 12 12 13 13 14 14 15 0 16 16 17 17 18 18 19 0 20 20 21 21 22 0 23 23 24 24 25 0 26 G -1 0 -1 0 -1 0 -1 0 -1 0 -1 0 -1 0 1 0 1 0 1 0 1 0 1 1 1 1 1 1 1 1 1 2 1 2 1 2 1 2 0 0 0 0 0 0 0 1 0 1 0 1 -1 0
27 0 1 1 2 2 3 3 4 4 5 5 6 6 7 0 8 8 9 9 10 10 11 0 12 12 13 13 14 14 15 0 16 16 17 17 18 18 19 0 20 20 21 21 22 0 23 23 24 0 25 25 26 G -1 0 -1 0 -1 0 -1 0 -1 0 -1 0 -1 0 1 0 1 0 1 0 1 0 1 1 1 1 1 1 1 1 1 2 1 2 1 2 1 2 -1 0 -1 0 -1 0 0 0 0 0 0 1 0 1
27 0 1 1 2 2 3 3 4 4 5 5 6 6 7 0 8 8 9 9 10 10 11 0 12 12 13 13 14 14 15 0 16 16 17 17 18 18 19 0 20 20 21 21 22 0 23 23 24 0 25 0 26 G -1 0 -1 0 -1 0 -1 0 -1 0 -1 0 -1 0 0 0 0 0 0 0 0 0 0 1 0 1 0 1 0 1 0 2 0 2 0 2 0 2 -1 0 -1 0 -1 0 -1 0 -1 0 -1 0 -1 0
27 0 1 1 2 2 3 3 4 4 5 5 6 6 7 0 8 8 9 9 10 10 11 0 12 12 13 13 14 14 15 0 16 16 17 17 18 18 19 0 20 20 21 21 22 0 23 0 24 0 25 0 26 G -1 0 -1 0 -1 0 -1 0 -1 0 -1 0 -1 0 0 0 0 0 0 0 0 0 0 1 0 1 0 1 0 1 0 2 0 2 0 2 0 2 -1 0 -1 0 -1 0 -1 0 -1 0 -1 0 -1 0
27 0 1 1 2 2 3 3 4 4 5 5 6 6 7 0 8 8 9 9 10 10 11 0 12 12 13 13 14 14 15 0 16 16 17 17 18 18 19 0 20 20 21 0 22 22 23 0 24 24 25 0 26 G -1 0 -1 0 -1 0 -1 0 -1 0 -1 0 -1 0 1 0 1 0 1 0 1 0 1 1 1 1 1 1 1 1 1 2 1 2 1 2 1 2 0 0 0 0 0 1 0 1 0 2 0 2 -1 0
27 0 1 1 2 2 3 3 4 4 5 5 6 6 7 0 8 8 9 9 10 10 11 0 12 12 13 13 14 14 15 0 16 16 17 17 18 18 19 0 20 20 21 0 22 22 23 0 24 0 25 0 26 G -1 0 -1 0 -1 0 -1 0 -1 0 -1 0 -1 0 1 0 1 0 1 0 1 0 1 1 1 1 1 1 1 1 1 2 1 2 1 2 1 2 0 0 0 0 0 1 0 1 -1 0 -1 0 -1 0
27 0 1 1 2 2 3 3 4 4 5 5 6 6 7 0 8 8 9 9 10 10 11 0 12 12 13 13 14 14 15 0 16 16 17 17 18 18 19 0 20 20 21 0 22 0 23 0 24 0 25 0 26 G -1 0 -1 0 -1 0 -1 0 -1 0 -1 0 -1 0 0 0 0 0 0 0 0 0 0 1 0 1 0 1 0 1 0 2 0 2 0 2 0 2 -1 0 -1 0 -1 0 -1 0 -1 0 -1 0 -1 0
27 0 1 1 2 2 3 3 4 4 5 5 6 6 7 0 8 8 9 9 10 10 11 0 12 12 13 13 14 14 15 0 16 16 17 17 18 18 19 0 20 0 21 0 22 0 23 0 24 0 25 0 26 G -1 0 -1 0 -1 0 -1 0 -1 0 -1 0 -1 0 0 0 0 0 0 0 0 0 0 1 0 1 0 1 0 1 0 2 0 2 0 2 0 2 -1 0 -1 0 -1 0 -1 0 -1 0 -1 0 -1 0
27 0 1 1 2 2 3 3 4 4 5 5 6 6 7 0 8 8 9 9 10 10 11 0 12 12 13 13 14 14 15 0 16 16 17 17 18 0 19 19 20 20 21 0 22 22 23 23 24 0 25 25 26 G -1 0 -1 0 -1 0 -1 0 -1 0 -1 0 -1 0 1 0 1 0 1 0 1 0 1 1 1 1 1 1 1 1 0 0 0 0 0 0 0 1 0 1 0 1 0 2 0 2 0 2 -1 0 -1 0
27 0 1 1 2 2 3 3 4 4 5 5 6 6 7 0 8 8 9 9 10 10 11 0 12 12 13 13 14 14 15 0 16 16 17 17 18 0 19 19 20 20 21 0 22 22 23 23 24 0 25 0 26 G -1 0 -1 0 -1 0 -1 0 -1 0 -1 0 -1 0 1 0 1 0 1 0 1 0 1 1 1 1 1 1 1 1 0 0 0 0 0 0 0 1 0 1 0 1 0 2 0 2 0 2 -1 0 -1 0
27 0 1 1 2 2 3 3 4 4 5 5 6 6 7 0 8 8 9 9 10 10 11 0 12 12 13 13 14 14 15 0 16 16 17 17 18 0 19 19 20 20 21 0 22 22 23 0 24 24 25 0 26 G -1 0 -1 0 -1 0 -1 0 -1 0 -1 0 -1 0 2 0 2 0 2 0 2 0 2 1 2 1 2 1 2 1 1 0 1 0 1 0 1 1 1 1 1 1 0 0 0 0 0 1 0 1 -1 0
27 0 1 1 2 2 3 3 4 4 5 5 6 6 7 0 8 8 9 9 10 10 11 0 12 12 13 13 14 14 15 0 16 16 17 17 18 0 19 19 20 20 21 0 22 22 23 0 24 0 25 0 26 G -1 0 -1 0 -1 0 -1 0 -1 0 -1 0 -1 0 1 0 1 0 1 0 1 0 1 1 1 1 1 1 1 1 0 0 0 0 0 0 0 1 0 1 0 1 -1 0 -1 0 -1 0 -1 0 -1 0
27 0 1 1 2 2 3 3 4 4 5 5 6 6 7 0 8 8 9 9 10 10 11 0 12 12 13 13 14 14 15 0 16 16 17 17 18 0 19 19 20 20 21 0 22 0 23 0 24 0 25 0 26 G -1 0 -1 0 -1 0 -1 0 -1 0 -1 0 -1 0 1 0 1 0 1 0 1 0 1 1 1 1 1 1 1 1 0 0 0 0 0 0 0 1 0 1 0 1 -1 0 -1 0 -1 0 -1 0 -1 0
27 0 1 1 2 2 3 3 4 4 5 5 6 6 7 0 8 8 9 9 10 10 11 0 12 12 13 13 14 14 15 0 16 16 17 17 18 0 19 19 20 0 21 21 22 0 23 23 24 0 25 25 26 G -1 0 -1 0 -1 0 -1 0 -1 0 -1 0 -1 0 1 0 1 0 1 0 1 0 1 1 1 1 1 1 1 1 -1 0 -1 0 -1 0 0 0 0 0 0 1 0 1 0 2 0 2 0 3 0 3
27 0 1 1 2 2 3 3 4 4 5 5 6 6 7 0 8 8 9 9 10 10 11 0 12 12 13 13 14 14 15 0 16 16 17 17 18 0 19 19 20 0 21 21 22 0 23 23 24 0 25 0 26 G -1 0 -1 0 -1 0 -1 0 -1 0 -1 0 -1 0 1 0 1 0 1 0 1 0 1 1 1 1 1 1 1 1 -1 0 -1 0 -1 0 0 0 0 0 0 1 0 1 0 2 0 2 -1 0 -1 0
27 0 1 1 2 2 3 3 4 4 5 5 6 6 7 0 8 8 9 9 10 10 11 0 12 12 13 13 14 14 15 0 16 16 17 17 18 0 19 19 20 0 21 21 22 0 23 0 24 0 25 0 26 G -1 0 -1 0 -1 0 -1 0 -1 0 -1 0 -1 0 1 0 1 0 1 0 1 0 1 1 1 1 1 1 1 1 -1 0 -1 0 -1 0 0 0 0 0 0 1 0 1 -1 0 -1 0 -1 0 -1 0
27 0 1 1 2 2 3 3 4 4 5 5 6 6 7 0 8 8 9 9 10 10 11 0 12 12 13 13 14 14 15 0 16 16 17 17 18 0 19 19 20 0 21 0 22 0 23 0 24 0 25 0 26 G -1 0 -1 0 -1 0 -1 0 -1 0 -1 0 -1 0 0 0 0 0 0 0 0 0 0 1 0 1 0 1 0 1 -1 0 -1 0 -1 0 -1 0 -1 0 -1 0 -1 0 -1 0 -1 0 -1 0 -1 0
27 0 1 1 2 2 3 3 4 4 5 5 6 6 7 0 8 8 9 9 10 10 11 0 12 12 13 13 14 14 15 0 16 16 17 17 18 0 19 0 20 0 21 0 22 0 23 0 24 0 25 0 26 G -1 0 -1 0 -1 0 -1 0 -1 0 -1 0 -1 0 0 0 0 0 0 0 0 0 0 1 0 1 0 1 0 1 -1 0 -1 0 -1 0 -1 0 -1 0 -1 0 -1 0 -1 0 -1 0 -1 0 -1 0
27 0 1 1 2 2 3 3 4 4 5 5 6 6 7 0 8 8 9 9 10 10 11 0 12 12 13 13 14 14 15 0 16 16 17 0 18 18 19 0 20 20 21 0 22 22 23 0 24 24 25 0 26 G -1 0 -1 0 -1 0 -1 0 -1 0 -1 0 -1 0 1 0 1 0 1 0 1 0 1 1 1 1 1 1 1 1 0 0 0 0 0 1 0 1 0 2 0 2 0 3 0 3 0 4 0 4 -1 0
27 0 1 1 2 2 3 3 4 4 5 5 6 6 7 0 8 8 9 9 10 10 11 0 12 12 13 13 14 14 15 0 16 16 17 0 18 18 19 0 20 20 21 0 22 22 23 0 24 0 25 0 26 G -1 0 -1 0 -1 0 -1 0 -1 0 -1 0 -1 0 1 0 1 0 1 0 1 0 1 1 1 1 1 1 1 1 0 0 0 0 0 1 0 1 0 2 0 2 0 3 0 3 -1 0 -1 0 -1 0
27 0 1 1 2 2 3 3 4 4 5 5 6 6 7 0 8 8 9 9 10 10 11 0 12 12 13 13 14 14 15 0 16 16 17 0 18 18 19 0 20 20 21 0 22 0 23 0 24 0 25 0 26 G -1 0 -1 0 -1 0 -1 0 -1 0 -1 0 -1 0 1 0 1 0 1 0 1 0 1 1 1 1 1 1 1 1 0 0 0 0 0 1 0 1 0 2 0 2 -1 0 -1 0 -1 0 -1 0 -1 0
27 0 1 1 2 2 3 3 4 4 5 5 6 6 7 0 8 8 9 9 10 10 11 0 12 12 13 13 14 14 15 0 16 16 17 0 18 18 19 0 20 0 21 0 22 0 23 0 24 0 25 0 26 G -1 0 -1 0 -1 0 -1 0 -1 0 -1 0 -1 0 1 0 1 0 1 0 1 0 1 1 1 1 1 1 1 1 0 0 0 0 0 1 0 1 -1 0 -1 0 -1 0 -1 0 -1 0 -1 0 -1 0
27 0 1 1 2 2 3 3 4 4 5 5 6 6 7 0 8 8 9 9 10 10 11 0 12 12 13 13 14 14 15 0 16 16 17 0 18 0 19 0 20 0 21 0 22 0 23 0 24 0 25 0 26 G -1 0 -1 0 -1 0 -1 0 -1 0 -1 0 -1 0 0 0 0 0 0 0 0 0 0 1 0 1 0 1 0 1 -1 0 -1 0 -1 0 -1 0 -1 0 -1 0 -1 0 -1 0 -1 0 -1 0 -1 0
27 0 1 1 2 2 3 3 4 4 5 5 6 6 7 0 8 8 9 9 10 10 11 0 12 12 13 13 14 14 15 0 16 0 17 0 18 0 19 0 20 0 21 0 22 0 23 0 24 0 25 0 26 G -1 0 -1 0 -1 0 -1 0 -1 0 -1 0 -1 0 0 0 0 0 0 0 0 0 0 1 0 1 0 1 0 1 -1 0 -1 0 -1 0 -1 0 -1 0 -1 0 -1 0 -1 0 -1 0 -1 0 -1 0
27 0 1 1 2 2 3 3 4 4 5 5 6 6 7 0 8 8 9 9 10 10 11 0 12 12 13 13 14 0 15 15 16 16 17 0 18 18 19 19 20 0 21 21 22 22 23 0 24 24 25 25 26 G -1 0 -1 0 -1 0 -1 0 -1 0 -1 0 -1 0 -1 0 -1 0 -1 0 -1 0 0 0 0 0 0 0 0 1 0 1 0 1 0 2 0 2 0 2 0 3 0 3 0 3 0 4 0 4 0 4
27 0 1 1 2 2 3 3 4 4 5 5 6 6 7 0 8 8 9 9 10 10 11 0 12 12 13 13 14 0 15 15 16 16 17 0 18 18 19 19 20 0 21 21 22 22 23 0 24 24 25 0 26 G -1 0 -1 0 -1 0 -1 0 -1 0 -1 0 -1 0 -1 0 -1 0 -1 0 -1 0 0 0 0 0 0 0 0 1 0 1 0 1 0 2 0 2 0 2 0 3 0 3 0 3 -1 0 -1 0 -1 0
27 0 1 1 2 2 3 3 4 4 5 5 6 6 7 0 8 8 9 9 10 10 11 0 12 12 13 13 14 0 15 15 16 16 17 0 18 18 19 19 20 0 21 21 22 22 23 0 24 0 25 0 26 G -1 0 -1 0 -1 0 -1 0 -1 0 -1 0 -1 0 -1 0 -1 0 -1 0 -1 0 0 0 0 0 0 0 0 1 0 1 0 1 0 2 0 2 0 2 0 3 0 3 0 3 -1 0 -1 0 -1 0
27 0 1 1 2 2 3 3 4 4 5 5 6 6 7 0 8 8 9 9 10 10 11 0 12 12 13 13 14 0 15 15 16 16 17 0 18 18 19 19 20 0 21 21 22 0 23 23 24 0 25 25 26 G -1 0 -1 0 -1 0 -1 0 -1 0 -1 0 -1 0 -1 0 -1 0 -1 0 -1 0 1 0 1 0 1 0 1 1 1 1 1 1 1 2 1 2 1 2 0 0 0 0 0 1 0 1 0 2 0 2
27 0 1 1 2 2 3 3 4 4 5 5 6 6 7 0 8 8 9 9 10 10 11 0 12 12 13 13 14 0 15 15 16 16 17 0 18 18 19 19 20 0 21 21 22 0 23 23 24 0 25 0 26 G -1 0 -1 0 -1 0 -1 0 -1 0 -1 0 -1 0 -1 0 -1 0 -1 0 -1 0 1 0 1 0 1 0 1 1 1 1 1 1 1 2 1 2 1 2 0 0 0 0 0 1 0 1 -1 0 -1 0
27 0 1 1 2 2 3 3 4 4 5 5 6 6 7 0 8 8 9 9 10 10 11 0 12 12 13 13 14 0 15 15 16 16 17 0 18 18 19 19 20 0 21 21 22 0 23 0 24 0 25 0 26 G -1 0 -1 0 -1 0 -1 0 -1 0 -1 0 -1 0 -1 0 -1 0 -1 0 -1 0 0 0 0 0 0 0 0 1 0 1 0 1 0 2 0 2 0 2 -1 0 -1 0 -1 0 -1 0 -1 0 -1 0
27 0 1 1 2 2 3 3 4 4 5 5 6 6 7 0 8 8 9 9 10 10 11 0 12 12 13 13 14 0 15 15 16 16 17 0 18 18 19 19 20 0 21 0 22 0 23 0 24 0 25 0 26 G -1 0 -1 0 -1 0 -1 0 -1 0 -1 0 -1 0 -1 0 -1 0 -1 0 -1 0 0 0 0 0 0 0 0 1 0 1 0 1 0 2 0 2 0 2 -1 0 -1 0 -1 0 -1 0 -1 0 -1 0
27 0 1 1 2 2 3 3 4 4 5 5 6 6 7 0 8 8 9 9 10 10 11 0 12 12 13 13 14 0 15 15 16 16 17 0 18 18 19 0 20 20 21 0 22 22 23 0 24 24 25 0 26 G -1 0 -1 0 -1 0 -1 0 -1 0 -1 0 -1 0 -1 0 -1 0 -1 0 -1 0 1 0 1 0 1 0 1 1 1 1 1 1 0 0 0 0 0 1 0 1 0 2 0 2 0 3 0 3 -1 0
27 0 1 1 2 2 3 3 4 4 5 5 6 6 7 0 8 8 9 9 10 10 11 0 12 12 13 13 14 0 15 15 16 16 17 0 18 18 19 0 20 20 21 0 22 22 23 0 24 0 25 0 26 G -1 0 -1 0 -1 0 -1 0 -1 0 -1 0 -1 0 -1 0 -1 0 -1 0 -1 0 1 0 1 0 1 0 1 1 1 1 1 1 0 0 0 0 0 1 0 1 0 2 0 2 -1 0 -1 0 -1 0
27 0 1 1 2 2 3 3 4 4 5 5 6 6 7 0 8 8 9 9 10 10 11 0 12 12 13 13 14 0 15 15 16 16 17 0 18 18 19 0 20 20 21 0 22 0 23 0 24 0 25 0 26 G -1 0 -1 0 -1 0 -1 0 -1 0 -1 0 -1 0 -1 0 -1 0 -1 0 -1 0 1 0 1 0 1 0 1 1 1 1 1 1 0 0 0 0 0 1 0 1 -1 0 -1 0 -1 0 -1 0 -1 0
27 0 1 1 2 2 3 3 4 4 5 5 6 6 7 0 8 8 9 9 10 10 11 0 12 12 13 13 14 0 15 15 16 16 17 0 18 18 19 0 20 0 21 0 22 0 23 0 24 0 25 0 26 G -1 0 -1 0 -1 0 -1 0 -1 0 -1 0 -1 0 -1 0 -1 0 -1 0 -1 0 0 0 0 0 0 0 0 1 0 1 0 1 -1 0 -1 0 -1 0 -1 0 -1 0 -1 0 -1 0 -1 0 -1 0
27 0 1 1 2 2 3 3 4 4 5 5 6 6 7 0 8 8 9 9 10 10 11 0 12 12 13 13 14 0 15 15 16 16 17 0 18 0 19 0 20 0 21 0 22 0 23 0 24 0 25 0 26 G -1 0 -1 0 -1 0 -1 0 -1 0 -1 0 -1 0 -1 0 -1 0 -1 0 -1 0 0 0 0 0 0 0 0 1 0 1 0 1 -1 0 -1 0 -1 0 -1 0 -1 0 -1 0 -1 0 -1 0 -1 0
27 0 1 1 2 2 3 3 4 4 5 5 6 6 7 0 8 8 9 9 10 10 11 0 12 12 13 13 14 0 15 15 16 0 17 17 18 0 19 19 20 0 21 21 22 0 23 23 24 0 25 25 26 G -1 0 -1 0 -1 0 -1 0 -1 0 -1 0 -1 0 -1 0 -1 0 -1 0 -1 0 -1 0 -1 0 -1 0 0 0 0 0 0 1 0 1 0 2 0 2 0 3 0 3 0 4 0 4 0 5 0 5
27 0 1 1 2 2 3 3 4 4 5 5 6 6 7 0 8 8 9 9 10 10 11 0 12 12 13 13 14 0 15 15 16 0 17 17 18 0 19 19 20 0 21 21 22 0 23 23 24 0 25 0 26 G -1 0 -1 0 -1 0 -1 0 -1 0 -1 0 -1 0 -1 0 -1 0 -1 0 -1 0 -1 0 -1 0 -1 0 0 0 0 0 0 1 0 1 0 2 0 2 0 3 0 3 0 4 0 4 -1 0 -1 0
27 0 1 1 2 2 3 3 4 4 5 5 6 6 7 0 8 8 9 9 10 10 11 0 12 12 13 13 14 0 15 15 16 0 17 17 18 0 19 19 20 0 21 21 22 0 23 0 24 0 25 0 26 G -1 0 -1 0 -1 0 -1 0 -1 0 -1 0 -1 0 -1 0 -1 0 -1 0 -1 0 -1 0 -1 0 -1 0 0 0 0 0 0 1 0 1 0 2 0 2 0 3 0 3 -1 0 -1 0 -1 0 -1 0
27 0 1 1 2 2 3 3 4 4 5 5 6 6 7 0 8 8 9 9 10 10 11 0 12 12 13 13 14 0 15 15 16 0 17 17 18 0 19 19 20 0 21 0 22 0 23 0 24 0 25 0 26 G -1 0 -1 0 -1 0 -1 0 -1 0 -1 0 -1 0 -1 0 -1 0 -1 0 -1 0 -1 0 -1 0 -1 0 0 0 0 0 0 1 0 1 0 2 0 2 -1 0 -1 0 -1 0 -1 0 -1 0 -1 0
27 0 1 1 2 2 3 3 4 4 5 5 6 6 7 0 8 8 9 9 10 10 11 0 12 12 13 13 14 0 15 15 16 0 17 17 18 0 19 0 20 0 21 0 22 0 23 0 24 0 25 0 26 G -1 0 -1 0 -1 0 -1 0 -1 0 -1 0 -1 0 -1 0 -1 0 -1 0 -1 0 -1 0 -1 0 -1 0 0 0 0 0 0 1 0 1 -1 0 -1 0 -1 0 -1 0 -1 0 -1 0 -1 0 -1 0
27 0 1 1 2 2 3 3 4 4 5 5 6 6 7 0 8 8 9 9 10 10 11 0 12 12 13 13 14 0 15 15 16 0 17 0 18 0 19 0 20 0 21 0 22 0 23 0 24 0 25 0 26 G -1 0 -1 0 -1 0 -1 0 -1 0 -1 0 -1 0 -1 0 -1 0 -1 0 -1 0 -1 0 -1 0 -1 0 -1 0 -1 0 -1 0 -1 0 -1 0 -1 0 -1 0 -1 0 -1 0 -1 0 -1 0 -1 0
27 0 1 1 2 2 3 3 4 4 5 5 6 6 7 0 8 8 9 9 10 10 11 0 12 12 13 13 14 0 15 0 16 0 17 0 18 0 19 0 20 0 21 0 22 0 23 0 24 0 25 0 26 G -1 0 -1 0 -1 0 -1 0 -1 0 -1 0 -1 0 -1 0 -1 0 -1 0 -1 0 -1 0 -1 0 -1 0 -1 0 -1 0 -1 0 -1 0 -1 0 -1 0 -1 0 -1 0 -1 0 -1 0 -1 0 -1 0
27 0 1 1 2 2 3 3 4 4 5 5 6 6 7 0 8 8 9 9 10 10 11 0 12 12 13 0 14 14 15 0 16 16 17 0 18 18 19 0 20 20 21 0 22 22 23 0 24 24 25 0 26 G -1 0 -1 0 -1 0 -1 0 -1 0 -1 0 -1 0 -1 0 -1 0 -1 0 -1 0 0 0 0 0 0 1 0 1 0 2 0 2 0 3 0 3 0 4 0 4 0 5 0 5 0 6 0 6 -1 0
27 0 1 1 2 2 3 3 4 4 5 5 6 6 7 0 8 8 9 9 10 10 11 0 12 12 13 0 14 14 15 0 16 16 17 0 18 18 19 0 20 20 21 0 22 22 23 0 24 0 25 0 26 G -1 0 -1 0 -1 0 -1 0 -1 0 -1 0 -1 0 -1 0 -1 0 -1 0 -1 0 0 0 0 0 0 1 0 1 0 2 0 2 0 3 0 3 0 4 0 4 0 5 0 5 -1 0 -1 0 -1 0
27 0 1 1 2 2 3 3 4 4 5 5 6 6 7 0 8 8 9 9 10 10 11 0 12 12 13 0 14 14 15 0 16 16 17 0 18 18 19 0 20 20 21 0 22 0 23 0 24 0 25 0 26 G -1 0 -1 0 -1 0 -1 0 -1 0 -1 0 -1 0 -1 0 -1 0 -1 0 -1 0 0 0 0 0 0 1 0 1 0 2 0 2 0 3 0 3 0 4 0 4 -1 0 -1 0 -1 0 -1 0 -1 0
27 0 1 1 2 2 3 3 4 4 5 5 6 6 7 0 8 8 9 9 10 10 11 0 12 12 13 0 14 14 15 0 16 16 17 0 18 18 19 0 20 0 21 0 22 0 23 0 24 0 25 0 26 G -1 0 -1 0 -1 0 -1 0 -1 0 -1 0 -1 0 -1 0 -1 0 -1 0 -1 0 0 0 0 0 0 1 0 1 0 2 0 2 0 3 0 3 -1 0 -1 0 -1 0 -1 0 -1 0 -1 0 -1 0
27 0 1 1 2 2 3 3 4 4 5 5 6 6 7 0 8 8 9 9 10 10 11 0 12 12 13 0 14 14 15 0 16 16 17 0 18 0 19 0 20 0 21 0 22 0 23 0 24 0 25 0 26 G -1 0 -1 0 -1 0 -1 0 -1 0 -1 0 -1 0 -1 0 -1 0 -1 0 -1 0 0 0 0 0 0 1 0 1 0 2 0 2 -1 0 -1 0 -1 0 -1 0 -1 0 -1 0 -1 0 -1 0 -1 0
27 0 1 1 2 2 3 3 4 4 5 5 6 6 7 0 8 8 9 9 10 10 11 0 12 12 13 0 14 14 15 0 16 0 17 0 18 0 19 0 20 0 21 0 22 0 23 0 24 0 25 0 26 G -1 0 -1 0 -1 0 -1 0 -1 0 -1 0 -1 0 -1 0 -1 0 -1 0 -1 0 0 0 0 0 0 1 0 1 -1 0 -1 0 -1 0 -1 0 -1 0 -1 0 -1 0 -1 0 -1 0 -1 0 -1 0
27 0 1 1 2 2 3 3 4 4 5 5 6 6 7 0 8 8 9 9 10 10 11 0 12 12 13 0 14 0 15 0 16 0 17 0 18 0 19 0 20 0 21 0 22 0 23 0 24 0 25 0 26 G -1 0 -1 0 -1 0 -1 0 -1 0 -1 0 -1 0 -1 0 -1 0 -1 0 -1 0 -1 0 -1 0 -1 0 -1 0 -1 0 -1 0 -1 0 -1 0 -1 0 -1 0 -1 0 -1 0 -1 0 -1 0 -1 0
27 0 1 1 2 2 3 3 4 4 5 5 6 6 7 0 8 8 9 9 10 10 11 0 12 0 13 0 14 0 15 0 16 0 17 0 18 0 19 0 20 0 21 0 22 0 23 0 24 0 25 0 26 G -1 0 -1 0 -1 0 -1 0 -1 0 -1 0 -1 0 -1 0 -1 0 -1 0 -1 0 -1 0 -1 0 -1 0 -1 0 -1 0 -1 0 -1 0 -1 0 -1 0 -1 0 -1 0 -1 0 -1 0 -1 0 -1 0
27 0 1 1 2 2 3 3 4 4 5 5 6 6 7 0 8 8 9 9 10 0 11 11 12 12 13 0 14 14 15 15 16 0 17 17 18 18 19 0 20 20 21 21 22 0 23 23 24 24 25 0 26 G -1 0 -1 0 -1 0 -1 0 -1 0 -1 0 -1 0 0 0 0 0 0 0 0 1 0 1 0 1 0 2 0 2 0 2 0 3 0 3 0 3 0 4 0 4 0 4 0 5 0 5 0 5 -1 0
27 0 1 1 2 2 3 3 4 4 5 5 6 6 7 0 8 8 9 9 10 0 11 11 12 12 13 0 14 14 15 15 16 0 17 17 18 18 19 0 20 20 21 21 22 0 23 23 24 0 25 25 26 G -1 0 -1 0 -1 0 -1 0 -1 0 -1 0 -1 0 1 0 1 0 1 0 1 1 1 1 1 1 1 2 1 2 1 2 1 3 1 3 1 3 1 4 1 4 1 4 0 0 0 0 0 1 0 1
27 0 1 1 2 2 3 3 4 4 5 5 6 6 7 0 8 8 9 9 10 0 11 11 12 12 13 0 14 14 15 15 16 0 17 17 18 18 19 0 20 20 21 21 22 0 23 23 24 0 25 0 26 G -1 0 -1 0 -1 0 -1 0 -1 0 -1 0 -1 0 0 0 0 0 0 0 0 1 0 1 0 1 0 2 0 2 0 2 0 3 0 3 0 3 0 4 0 4 0 4 -1 0 -1 0 -1 0 -1 0
27 0 1 1 2 2 3 3 4 4 5 5 6 6 7 0 8 8 9 9 10 0 11 11 12 12 13 0 14 14 15 15 16 0 17 17 18 18 19 0 20 20 21 21 22 0 23 0 24 0 25 0 26 G -1 0 -1 0 -1 0 -1 0 -1 0 -1 0 -1 0 0 0 0 0 0 0 0 1 0 1 0 1 0 2 0 2 0 2 0 3 0 3 0 3 0 4 0 4 0 4 -1 0 -1 0 -1 0 -1 0
27 0 1 1 2 2 3 3 4 4 5 5 6 6 7 0 8 8 9 9 10 0 11 11 12 12 13 0 14 14 15 15 16 0 17 17 18 18 19 0 20 20 21 0 22 22 23 0 24 24 25 0 26 G -1 0 -1 0 -1 0 -1 0 -1 0 -1 0 -1 0 1 0 1 0 1 0 1 1 1 1 1 1 1 2 1 2 1 2 1 3 1 3 1 3 0 0 0 0 0 1 0 1 0 2 0 2 -1 0
27 0 1 1 2 2 3 3 4 4 5 5 6 6 7 0 8 8 9 9 10 0 11 11 12 12 13 0 14 14 15 15 16 0 17 17 18 18 19 0 20 20 21 0 22 22 23 0 24 0 25 0 26 G -1 0 -1 0 -1 0 -1 0 -1 0 -1 0 -1 0 1 0 1 0 1 0 1 1 1 1 1 1 1 2 1 2 1 2 1 3 1 3 1 3 0 0 0 0 0 1 0 1 -1 0 -1 0 -1 0
27 0 1 1 2 2 3 3 4 4 5 5 6 6 7 0 8 8 9 9 10 0 11 11 12 12 13 0 14 14 15 15 16 0 17 17 18 18 19 0 20 20 21 0 22 0 23 0 24 0 25 0 26 G -1 0 -1 0 -1 0 -1 0 -1 0 -1 0 -1 0 0 0 0 0 0 0 0 1 0 1 0 1 0 2 0 2 0 2 0 3 0 3 0 3 -1 0 -1 0 -1 0 -1 0 -1 0 -1 0 -1 0
27 0 1 1 2 2 3 3 4 4 5 5 6 6 7 0 8 8 9 9 10 0 11 11 12 12 13 0 14 14 15 15 16 0 17 17 18 18 19 0 20 0 21 0 22 0 23 0 24 0 25 0 26 G -1 0 -1 0 -1 0 -1 0 -1 0 -1 0 -1 0 0 0 0 0 0 0 0 1 0 1 0 1 0 2 0 2 0 2 0 3 0 3 0 3 -1 0 -1 0 -1 0 -1 0 -1 0 -1 0 -1 0
27 0 1 1 2 2 3 3 4 4 5 5 6 6 7 0 8 8 9 9 10 0 11 11 12 12 13 0 14 14 15 15 16 0 17 17 18 0 19 19 20 0 21 21 22 0 23 23 24 0 25 25 26 G -1 0 -1 0 -1 0 -1 0 -1 0 -1 0 -1 0 1 0 1 0 1 0 1 1 1 1 1 1 1 2 1 2 1 2 0 0 0 0 0 1 0 1 0 2 0 2 0 3 0 3 0 4 0 4
27 0 1 1 2 2 3 3 4 4 5 5 6 6 7 0 8 8 9 9 10 0 11 11 12 12 13 0 14 14 15 15 16 0 17 17 18 0 19 19 20 0 21 21 22 0 23 23 24 0 25 0 26 G -1 0 -1 0 -1 0 -1 0 -1 0 -1 0 -1 0 1 0 1 0 1 0 1 1 1 1 1 1 1 2 1 2 1 2 0 0 0 0 0 1 0 1 0 2 0 2 0 3 0 3 -1 0 -1 0
27 0 1 1 2 2 3 3 4 4 5 5 6 6 7 0 8 8 9 9 10 0 11 11 12 12 13 0 14 14 15 15 16 0 17 17 18 0 19 19 20 0 21 21 22 0 23 0 24 0 25 0 26 G -1 0 -1 0 -1 0 -1 0 -1 0 -1 0 -1 0 1 0 1 0 1 0 1 1 1 1 1 1 1 2 1 2 1 2 0 0 0 0 0 1 0 1 0 2 0 2 -1 0 -1 0 -1 0 -1 0
27 0 1 1 2 2 3 3 4 4 5 5 6 6 7 0 8 8 9 9 10 0 11 11 12 12 13 0 14 14 15 15 16 0 17 17 18 0 19 19 20 0 21 0 22 0 23 0 24 0 25 0 26 G -1 0 -1 0 -1 0 -1 0 -1 0 -1 0 -1 0 1 0 1 0 1 0 1 1 1 1 1 1 1 2 1 2 1 2 0 0 0 0 0 1 0 1 -1 0 -1 0 -1 0 -1 0 -1 0 -1 0
27 0 1 1 2 2 3 3 4 4 5 5 6 6 7 0 8 8 9 9 10 0 11 11 12 12 13 0 14 14 15 15 16 0 17 17 18 0 19 0 20 0 21 0 22 0 23 0 24 0 25 0 26 G -1 0 -1 0 -1 0 -1 0 -1 0 -1 0 -1 0 0 0 0 0 0 0 0 1 0 1 0 1 0 2 0 2 0 2 -1 0 -1 0 -1 0 -1 0 -1 0 -1 0 -1 0 -1 0 -1 0 -1 0
27 0 1 1 2 2 3 3 4 4 5 5 6 6 7 0 8 8 9 9 10 0 11 11 12 12 13 0 14 14 15 15 16 0 17 0 18 0 19 0 20 0 21 0 22 0 23 0 24 0 25 0 26 G -1 0 -1 0 -1 0 -1 0 -1 0 -1 0 -1 0 0 0 0 0 0 0 0 1 0 1 0 1 0 2 0 2 0 2 -1 0 -1 0 -1 0 -1 0 -1 0 -1 0 -1 0 -1 0 -1 0 -1 0
27 0 1 1 2 2 3 3 4 4 5 5 6 6 7 0 8 8 9 9 10 0 11 11 12 12 13 0 14 14 15 0 16 16 17 0 18 18 19 0 20 20 21 0 22 22 23 0 24 24 25 0 26 G -1 0 -1 0 -1 0 -1 0 -1 0 -1 0 -1 0 1 0 1 0 1 0 1 1 1 1 1 1 0 0 0 0 0 1 0 1 0 2 0 2 0 3 0 3 0 4 0 4 0 5 0 5 -1 0
27 0 1 1 2 2 3 3 4 4 5 5 6 6 7 0 8 8 9 9 10 0 11 11 12 12 13 0 14 14 15 0 16 16 17 0 18 18 19 0 20 20 21 0 22 22 23 0 24 0 25 0 26 G -1 0 -1 0 -1 0 -1 0 -1 0 -1 0 -1 0 1 0 1 0 1 0 1 1 1 1 1 1 0 0 0 0 0 1 0 1 0 2 0 2 0 3 0 3 0 4 0 4 -1 0 -1 0 -1 0
27 0 1 1 2 2 3 3 4 4 5 5 6 6 7 0 8 8 9 9 10 0 11 11 12 12 13 0 14 14 15 0 16 16 17 0 18 18 19 0 20 20 21 0 22 0 23 0 24 0 25 0 26 G -1 0 -1 0 -1 0 -1 0 -1 0 -1 0 -1 0 1 0 1 0 1 0 1 1 1 1 1 1 0 0 0 0 0 1 0 1 0 2 0 2 0 3 0 3 -1 0 -1 0 -1 0 -1 0 -1 0
27 0 1 1 2 2 3 3 4 4 5 5 6 6 7 0 8 8 9 9 10 0 11 11 12 12 13 0 14 14 15 0 16 16 17 0 18 18 19 0 20 0 21 0 22 0 23 0 24 0 25 0 26 G -1 0 -1 0 -1 0 -1 0 -1 0 -1 0 -1 0 1 0 1 0 1 0 1 1 1 1 1 1 0 0 0 0 0 1 0 1 0 2 0 2 -1 0 -1 0 -1 0 -1 0 -1 0 -1 0 -1 0
27 0 1 1 2 2 3 3 4 4 5 5 6 6 7 0 8 8 9 9 10 0 11 11 12 12 13 0 14 14 15 0 16 16 17 0 18 0 19 0 20 0 21 0 22 0 23 0 24 0 25 0 26 G -1 0 -1 0 -1 0 -1 0 -1 0 -1 0 -1 0 1 0 1 0 1 0 1 1 1 1 1 1 0 0 0 0 0 1 0 1 -1 0 -1 0 -1 0 -1 0 -1 0 -1 0 -1 0 -1 0 -1 0
27 0 1 1 2 2 3 3 4 4 5 5 6 6 7 0 8 8 9 9 10 0 11 11 12 12 13 0 14 14 15 0 16 0 17 0 18 0 19 0 20 0 21 0 22 0 23 0 24 0 25 0 26 G -1 0 -1 0 -1 0 -1 0 -1 0 -1 0 -1 0 0 0 0 0 0 0 0 1 0 1 0 1 -1 0 -1 0 -1 0 -1 0 -1 0 -1 0 -1 0 -1 0 -1 0 -1 0 -1 0 -1 0 -1 0
27 0 1 1 2 2 3 3 4 4 5 5 6 6 7 0 8 8 9 9 10 0 11 11 12 12 13 0 14 0 15 0 16 0 17 0 18 0 19 0 20 0 21 0 22 0 23 0 24 0 25 0 26 G -1 0 -1 0 -1 0 -1 0 -1 0 -1 0 -1 0 0 0 0 0 0 0 0 1 0 1 0 1 -1 0 -1 0 -1 0 -1 0 -1 0 -1 0 -1 0 -1 0 -1 0 -1 0 -1 0 -1 0 -1 0
27 0 1 1 2 2 3 3 4 4 5 5 6 6 7 0 8 8 9 9 10 0 11 11 12 0 13 13 14 0 15 15 16 0 17 17 18 0 19 19 20 0 21 21 22 0 23 23 24 0 25 25 26 G -1 0 -1 0 -1 0 -1 0 -1 0 -1 0 -1 0 -1 0 -1 0 -1 0 0 0 0 0 0 1 0 1 0 2 0 2 0 3 0 3 0 4 0 4 0 5 0 5 0 6 0 6 0 7 0 7
27 0 1 1 2 2 3 3 4 4 5 5 6 6 7 0 8 8 9 9 10 0 11 11 12 0 13 13 14 0 15 15 16 0 17 17 18 0 19 19 20 0 21 21 22 0 23 23 24 0 25 0 26 G -1 0 -1 0 -1 0 -1 0 -1 0 -1 0 -1 0 -1 0 -1 0 -1 0 0 0 0 0 0 1 0 1 0 2 0 2 0 3 0 3 0 4 0 4 0 5 0 5 0 6 0 6 -1 0 -1 0
27 0 1 1 2 2 3 3 4 4 5 5 6 6 7 0 8 8 9 9 10 0 11 11 12 0 13 13 14 0 15 15 16 0 17 17 18 0 19 19 20 0 21 21 22 0 23 0 24 0 25 0 26 G -1 0 -1 0 -1 0 -1 0 -1 0 -1 0 -1 0 -1 0 -1 0 -1 0 0 0 0 0 0 1 0 1 0 2 0 2 0 3 0 3 0 4 0 4 0 5 0 5 -1 0 -1 0 -1 0 -1 0
27 0 1 1 2 2 3 3 4 4 5 5 6 6 7 0 8 8 9 9 10 0 11 11 12 0 13 13 14 0 15 15 16 0 17 17 18 0 19 19 20 0 21 0 22 0 23 0 24 0 25 0 26 G -1 0 -1 0 -1 0 -1 0 -1 0 -1 0 -1 0 -1 0 -1 0 -1 0 0 0 0 0 0 1 0 1 0 2 0 2 0 3 0 3 0 4 0 4 -1 0 -1 0 -1 0 -1 0 -1 0 -1 0
27 0 1 1 2 2 3 3 4 4 5 5 6 6 7 0 8 8 9 9 10 0 11 11 12 0 13 13 14 0 15 15 16 0 17 17 18 0 19 0 20 0 21 0 22 0 23 0 24 0 25 0 26 G -1 0 -1 0 -1 0 -1 0 -1 0 -1 0 -1 0 -1 0 -1 0 -1 0 0 0 0 0 0 1 0 1 0 2 0 2 0 3 0 3 -1 0 -1 0 -1 0 -1 0 -1 0 -1 0 -1 0 -1 0
27 0 1 1 2 2 3 3 4 4 5 5 6 6 7 0 8 8 9 9 10 0 11 11 12 0 13 13 14 0 15 15 16 0 17 0 18 0 19 0 20 0 21 0 22 0 23 0 24 0 25 0 26 G -1 0 -1 0 -1 0 -1 0 -1 0 -1 0 -1 0 -1 0 -1 0 -1 0 0 0 0 0 0 1 0 1 0 2 0 2 -1 0 -1 0 -1 0 -1 0 -1 0 -1 0 -1 0 -1 0 -1 0 -1 0
27 0 1 1 2 2 3 3 4 4 5 5 6 6 7 0 8 8 9 9 10 0 11 11 12 0 13 13 14 0 15 0 16 0 17 0 18 0 19 0 20 0 21 0 22 0 23 0 24 0 25 0 26 G -1 0 -1 0 -1 0 -1 0 -1 0 -1 0 -1 0 -1 0 -1 0 -1 0 0 0 0 0 0 1 0 1 -1 0 -1 0 -1 0 -1 0 -1 0 -1 0 -1 0 -1 0 -1 0 -1 0 -1 0 -1 0
27 0 1 1 2 2 3 3 4 4 5 5 6 6 7 0 8 8 9 9 10 0 11 11 12 0 13 0 14 0 15 0 16 0 17 0 18 0 19 0 20 0 21 0 22 0 23 0 24 0 25 0 26 G -1 0 -1 0 -1 0 -1 0 -1 0 -1 0 -1 0 -1 0 -1 0 -1 0 -1 0 -1 0 -1 0 -1 0 -1 0 -1 0 -1 0 -1 0 -1 0 -1 0 -1 0 -1 0 -1 0 -1 0 -1 0 -1 0
27 0 1 1 2 2 3 3 4 4 5 5 6 6 7 0 8 8 9 9 10 0 11 0 12 0 13 0 14 0 15 0 16 0 17 0 18 0 19 0 20 0 21 0 22 0 23 0 24 0 25 0 26 G -1 0 -1 0 -1 0 -1 0 -1 0 -1 0 -1 0 -1 0 -1 0 -1 0 -1 0 -1 0 -1 0 -1 0 -1 0 -1 0 -1 0 -1 0 -1 0 -1 0 -1 0 -1 0 -1 0 -1 0 -1 0 -1 0
27 0 1 1 2 2 3 3 4 4 5 5 6 6 7 0 8 8 9 0 10 10 11 0 12 12 13 0 14 14 15 0 16 16 17 0 18 18 19 0 20 20 21 0 22 22 23 0 24 24 25 0 26 G -1 0 -1 0 -1 0 -1 0 -1 0 -1 0 -1 0 0 0 0 0 0 1 0 1 0 2 0 2 0 3 0 3 0 4 0 4 0 5 0 5 0 6 0 6 0 7 0 7 0 8 0 8 -1 0
27 0 1 1 2 2 3 3 4 4 5 5 6 6 7 0 8 8 9 0 10 10 11 0 12 12 13 0 14 14 15 0 16 16 17 0 18 18 19 0 20 20 21 0 22 22 23 0 24 0 25 0 26 G -1 0 -1 0 -1 0 -1 0 -1 0 -1 0 -1 0 0 0 0 0 0 1 0 1 0 2 0 2 0 3 0 3 0 4 0 4 0 5 0 5 0 6 0 6 0 7 0 7 -1 0 -1 0 -1 0
27 0 1 1 2 2 3 3 4 4 5 5 6 6 7 0 8 8 9 0 10 10 11 0 12 12 13 0 14 14 15 0 16 16 17 0 18 18 19 0 20 20 21 0 22 0 23 0 24 0 25 0 26 G -1 0 -1 0 -1 0 -1 0 -1 0 -1 0 -1 0 0 0 0 0 0 1 0 1 0 2 0 2 0 3 0 3 0 4 0 4 0 5 0 5 0 6 0 6 -1 0 -1 0 -1 0 -1 0 -1 0
27 0 1 1 2 2 3 3 4 4 5 5 6 6 7 0 8 8 9 0 10 10 11 0 12 12 13 0 14 14 15 0 16 16 17 0 18 18 19 0 20 0 21 0 22 0 23 0 24 0 25 0 26 G -1 0 -1 0 -1 0 -1 0 -1 0 -1 0 -1 0 0 0 0 0 0 1 0 1 0 2 0 2 0 3 0 3 0 4 0 4 0 5 0 5 -1 0 -1 0 -1 0 -1 0 -1 0 -1 0 -1 0
27 0 1 1 2 2 3 3 4 4 5 5 6 6 7 0 8 8 9 0 10 10 11 0 12 12 13 0 14 14 15 0 16 16 17 0 18 0 19 0 20 0 21 0 22 0 23 0 24 0 25 0 26 G -1 0 -1 0 -1 0 -1 0 -1 0 -1 0 -1 0 0 0 0 0 0 1 0 1 0 2 0 2 0 3 0 3 0 4 0 4 -1 0 -1 0 -1 0 -1 0 -1 0 -1 0 -1 0 -1 0 -1 0
27 0 1 1 2 2 3 3 4 4 5 5 6 6 7 0 8 8 9 0 10 10 11 0 12 12 13 0 14 14 15 0 16 0 17 0 18 0 19 0 20 0 21 0 22 0 23 0 24 0 25 0 26 G -1 0 -1 0 -1 0 -1 0 -1 0 -1 0 -1 0 0 0 0 0 0 1 0 1 0 2 0 2 0 3 0 3 -1 0 -1 0 -1 0 -1 0 -1 0 -1 0 -1 0 -1 0 -1 0 -1 0 -1 0
27 0 1 1 2 2 3 3 4 4 5 5 6 6 7 0 8 8 9 0 10 10 11 0 12 12 13 0 14 0 15 0 16 0 17 0 18 0 19 0 20 0 21 0 22 0 23 0 24 0 25 0 26 G -1 0 -1 0 -1 0 -1 0 -1 0 -1 0 -1 0 0 0 0 0 0 1 0 1 0 2 0 2 -1 0 -1 0 -1 0 -1 0 -1 0 -1 0 -1 0 -1 0 -1 0 -1 0 -1 0 -1 0 -1 0
27 0 1 1 2 2 3 3 4 4 5 5 6 6 7 0 8 8 9 0 10 10 11 0 12 0 13 0 14 0 15 0 16 0 17 0 18 0 19 0 20 0 21 0 22 0 23 0 24 0 25 0 26 G -1 0 -1 0 -1 0 -1 0 -1 0 -1 0 -1 0 0 0 0 0 0 1 0 1 -1 0 -1 0 -1 0 -1 0 -1 0 -1 0 -1 0 -1 0 -1 0 -1 0 -1 0 -1 0 -1 0 -1 0 -1 0
27 0 1 1 2 2 3 3 4 4 5 5 6 6 7 0 8 8 9 0 10 0 11 0 12 0 13 0 14 0 15 0 16 0 17 0 18 0 19 0 20 0 21 0 22 0 23 0 24 0 25 0 26 G -1 0 -1 0 -1 0 -1 0 -1 0 -1 0 -1 0 -1 0 -1 0 -1 0 -1 0 -1 0 -1 0 -1 0 -1 0 -1 0 -1 0 -1 0 -1 0 -1 0 -1 0 -1 0 -1 0 -1 0 -1 0 -1 0
27 0 1 1 2 2 3 3 4 4 5 5 6 6 7 0 8 0 9 0 10 0 11 0 12 0 13 0 14 0 15 0 16 0 17 0 18 0 19 0 20 0 21 0 22 0 23 0 24 0 25 0 26 G -1 0 -1 0 -1 0 -1 0 -1 0 -1 0 -1 0 -1 0 -1 0 -1 0 -1 0 -1 0 -1 0 -1 0 -1 0 -1 0 -1 0 -1 0 -1 0 -1 0 -1 0 -1 0 -1 0 -1 0 -1 0 -1 0
27 0 1 1 2 2 3 3 4 4 5 5 6 0 7 7 8 8 9 9 10 10 11 11 12 0 13 13 14 14 15 15 16 16 17 17 18 0 19 19 20 20 21 21 22 22 23 23 24 0 25 25 26 G 0 0 0 0 0 0 0 0 0 0 0 0 0 1 0 1 0 1 0 1 0 1 0 1 0 2 0 2 0 2 0 2 0 2 0 2 0 3 0 3 0 3 0 3 0 3 0 3 -1 0 -1 0
27 0 1 1 2 2 3 3 4 4 5 5 6 0 7 7 8 8 9 9 10 10 11 11 12 0 13 13 14 14 15 15 16 16 17 17 18 0 19 19 20 20 21 21 22 22 23 23 24 0 25 0 26 G 0 0 0 0 0 0 0 0 0 0 0 0 0 1 0 1 0 1 0 1 0 1 0 1 0 2 0 2 0 2 0 2 0 2 0 2 0 3 0 3 0 3 0 3 0 3 0 3 -1 0 -1 0
27 0 1 1 2 2 3 3 4 4 5 5 6 0 7 7 8 8 9 9 10 10 11 11 12 0 13 13 14 14 15 15 16 16 17 17 18 0 19 19 20 20 21 21 22 22 23 0 24 24 25 25 26 G 0 0 0 0 0 0 0 0 0 0 0 0 0 1 0 1 0 1 0 1 0 1 0 1 0 2 0 2 0 2 0 2 0 2 0 2 -1 0 -1 0 -1 0 -1 0 -1 0 -1 0 -1 0 -1 0
27 0 1 1 2 2 3 3 4 4 5 5 6 0 7 7 8 8 9 9 10 10 11 11 12 0 13 13 14 14 15 15 16 16 17 17 18 0 19 19 20 20 21 21 22 22 23 0 24 24 25 0 26 G 0 0 0 0 0 0 0 0 0 0 0 0 0 1 0 1 0 1 0 1 0 1 0 1 0 2 0 2 0 2 0 2 0 2 0 2 -1 0 -1 0 -1 0 -1 0 -1 0 -1 0 -1 0 -1 0
27 0 1 1 2 2 3 3 4 4 5 5 6 0 7 7 8 8 9 9 10 10 11 11 12 0 13 13 14 14 15 15 16 16 17 17 18 0 19 19 20 20 21 21 22 22 23 0 24 0 25 0 26 G 0 0 0 0 0 0 0 0 0 0 0 0 0 1 0 1 0 1 0 1 0 1 0 1 0 2 0 2 0 2 0 2 0 2 0 2 -1 0 -1 0 -1 0 -1 0 -1 0 -1 0 -1 0 -1 0
27 0 1 1 2 2 3 3 4 4 5 5 6 0 7 7 8 8 9 9 10 10 11 11 12 0 13 13 14 14 15 15 16 16 17 17 18 0 19 19 20 20 21 21 22 0 23 23 24 24 25 25 26 G 1 0 1 0 1 0 1 0 1 0 1 0 1 1 1 1 1 1 1 1 1 1 1 1 1 2 1 2 1 2 1 2 1 2 1 2 0 0 0 0 0 0 0 0 0 1 0 1 0 1 0 1
27 0 1 1 2 2 3 3 4 4 5 5 6 0 7 7 8 8 9 9 10 10 11 11 12 0 13 13 14 14 15 15 16 16 17 17 18 0 19 19 20 20 21 21 22 0 23 23 24 24 25 0 26 G 0 0 0 0 0 0 0 0 0 0 0 0 0 1 0 1 0 1 0 1 0 1 0 1 0 2 0 2 0 2 0 2 0 2 0 2 -1 0 -1 0 -1 0 -1 0 -1 0 -1 0 -1 0 -1 0
27 0 1 1 2 2 3 3 4 4 5 5 6 0 7 7 8 8 9 9 10 10 11 11 12 0 13 13 14 14 15 15 16 16 17 17 18 0 19 19 20 20 21 21 22 0 23 23 24 0 25 25 26 G 1 0 1 0 1 0 1 0 1 0 1 0 1 1 1 1 1 1 1 1 1 1 1 1 1 2 1 2 1 2 1 2 1 2 1 2 -1 0 -1 0 -1 0 -1 0 0 0 0 0 0 1 0 1
27 0 1 1 2 2 3 3 4 4 5 5 6 0 7 7 8 8 9 9 10 10 11 11 12 0 13 13 14 14 15 15 16 16 17 17 18 0 19 19 20 20 21 21 22 0 23 23 24 0 25 0 26 G 0 0 0 0 0 0 0 0 0 0 0 0 0 1 0 1 0 1 0 1 0 1 0 1 0 2 0 2 0 2 0 2 0 2 0 2 -1 0 -1 0 -1 0 -1 0 -1 0 -1 0 -1 0 -1 0
27 0 1 1 2 2 3 3 4 4 5 5 6 0 7 7 8 8 9 9 10 10 11 11 12 0 13 13 14 14 15 15 16 16 17 17 18 0 19 19 20 20 21 21 22 0 23 0 24 0 25 0 26 G 0 0 0 0 0 0 0 0 0 0 0 0 0 1 0 1 0 1 0 1 0 1 0 1 0 2 0 2 0 2 0 2 0 2 0 2 -1 0 -1 0 -1 0 -1 0 -1 0 -1 0 -1 0 -1 0
27 0 1 1 2 2 3 3 4 4 5 5 6 0 7 7 8 8 9 9 10 10 11 11 12 0 13 13 14 14 15 15 16 16 17 17 18 0 19 19 20 20 21 0 22 22 23 23 24 0 25 25 26 G 1 0 1 0 1 0 1 0 1 0 1 0 1 1 1 1 1 1 1 1 1 1 1 1 1 2 1 2 1 2 1 2 1 2 1 2 0 0 0 0 0 0 0 1 0 1 0 1 -1 0 -1 0
27 0 1 1 2 2 3 3 4 4 5 5 6 0 7 7 8 8 9 9 10 10 11 11 12 0 13 13 14 14 15 15 16 16 17 17 18 0 19 19 20 20 21 0 22 22 23 23 24 0 25 0 26 G 1 0 1 0 1 0 1 0 1 0 1 0 1 1 1 1 1 1 1 1 1 1 1 1 1 2 1 2 1 2 1 2 1 2 1 2 0 0 0 0 0 0 0 1 0 1 0 1 -1 0 -1 0
27 0 1 1 2 2 3 3 4 4 5 5 6 0 7 7 8 8 9 9 10 10 11 11 12 0 13 13 14 14 15 15 16 16 17 17 18 0 19 19 20 20 21 0 22 22 23 0 24 24 25 0 26 G 1 0 1 0 1 0 1 0 1 0 1 0 1 1 1 1 1 1 1 1 1 1 1 1 1 2 1 2 1 2 1 2 1 2 1 2 -1 0 -1 0 -1 0 0 0 0 0 0 1 0 1 -1 0
27 0 1 1 2 2 3 3 4 4 5 5 6 0 7 7 8 8 9 9 10 10 11 11 12 0 13 13 14 14 15 15 16 16 17 17 18 0 19 19 20 20 21 0 22 22 23 0 24 0 25 0 26 G 0 0 0 0 0 0 0 0 0 0 0 0 0 1 0 1 0 1 0 1 0 1 0 1 0 2 0 2 0 2 0 2 0 2 0 2 -1 0 -1 0 -1 0 -1 0 -1 0 -1 0 -1 0 -1 0
27 0 1 1 2 2 3 3 4 4 5 5 6 0 7 7 8 8 9 9 10 10 11 11 12 0 13 13 14 14 15 15 16 16 17 17 18 0 19 19 20 20 21 0 22 0 23 0 24 0 25 0 26 G 0 0 0 0 0 0 0 0 0 0 0 0 0 1 0 1 0 1 0 1 0 1 0 1 0 2 0 2 0 2 0 2 0 2 0 2 -1 0 -1 0 -1 0 -1 0 -1 0 -1 0 -1 0 -1 0
27 0 1 1 2 2 3 3 4 4 5 5 6 0 7 7 8 8 9 9 10 10 11 11 12 0 13 13 14 14 15 15 16 16 17 17 18 0 19 19 20 0 21 21 22 0 23 23 24 0 25 25 26 G 1 0 1 0 1 0 1 0 1 0 1 0 1 1 1 1 1 1 1 1 1 1 1 1 1 2 1 2 1 2 1 2 1 2 1 2 0 0 0 0 0 1 0 1 0 2 0 2 0 3 0 3
27 0 1 1 2 2 3 3 4 4 5 5 6 0 7 7 8 8 9 9 10 10 11 11 12 0 13 13 14 14 15 15 16 16 17 17 18 0 19 19 20 0 21 21 22 0 23 23 24 0 25 0 26 G 1 0 1 0 1 0 1 0 1 0 1 0 1 1 1 1 1 1 1 1 1 1 1 1 1 2 1 2 1 2 1 2 1 2 1 2 0 0 0 0 0 1 0 1 0 2 0 2 -1 0 -1 0
27 0 1 1 2 2 3 3 4 4 5 5 6 0 7 7 8 8 9 9 10 10 11 11 12 0 13 13 14 14 15 15 16 16 17 17 18 0 19 19 20 0 21 21 22 0 23 0 24 0 25 0 26 G 1 0 1 0 1 0 1 0 1 0 1 0 1 1 1 1 1 1 1 1 1 1 1 1 1 2 1 2 1 2 1 2 1 2 1 2 0 0 0 0 0 1 0 1 -1 0 -1 0 -1 0 -1 0
27 0 1 1 2 2 3 3 4 4 5 5 6 0 7 7 8 8 9 9 10 10 11 11 12 0 13 13 14 14 15 15 16 16 17 17 18 0 19 19 20 0 21 0 22 0 23 0 24 0 25 0 26 G 0 0 0 0 0 0 0 0 0 0 0 0 0 1 0 1 0 1 0 1 0 1 0 1 0 2 0 2 0 2 0 2 0 2 0 2 -1 0 -1 0 -1 0 -1 0 -1 0 -1 0 -1 0 -1 0
27 0 1 1 2 2 3 3 4 4 5 5 6 0 7 7 8 8 9 9 10 10 11 11 12 0 13 13 14 14 15 15 16 16 17 17 18 0 19 0 20 0 21 0 22 0 23 0 24 0 25 0 26 G 0 0 0 0 0 0 0 0 0 0 0 0 0 1 0 1 0 1 0 1 0 1 0 1 0 2 0 2 0 2 0 2 0 2 0 2 -1 0 -1 0 -1 0 -1 0 -1 0 -1 0 -1 0 -1 0
27 0 1 1 2 2 3 3 4 4 5 5 6 0 7 7 8 8 9 9 10 10 11 11 12 0 13 13 14 14 15 15 16 16 17 0 18 18 19 19 20 20 21 21 22 0 23 23 24 24 25 25 26 G 1 0 1 0 1 0 1 0 1 0 1 0 1 1 1 1 1 1 1 1 1 1 1 1 0 0 0 0 0 0 0 0 0 0 0 1 0 1 0 1 0 1 0 1 -1 0 -1 0 -1 0 -1 0
27 0 1 1 2 2 3 3 4 4 5 5 6 0 7 7 8 8 9 9 10 10 11 11 12 0 13 13 14 14 15 15 16 16 17 0 18 18 19 19 20 20 21 21 22 0 23 23 24 24 25 0 26 G 1 0 1 0 1 0 1 0 1 0 1 0 1 1 1 1 1 1 1 1 1 1 1 1 0 0 0 0 0 0 0 0 0 0 0 1 0 1 0 1 0 1 0 1 -1 0 -1 0 -1 0 -1 0
27 0 1 1 2 2 3 3 4 4 5 5 6 0 7 7 8 8 9 9 10 10 11 11 12 0 13 13 14 14 15 15 16 16 17 0 18 18 19 19 20 20 21 21 22 0 23 23 24 0 25 25 26 G 2 0 2 0 2 0 2 0 2 0 2 0 2 1 2 1 2 1 2 1 2 1 2 1 1 0 1 0 1 0 1 0 1 0 1 1 1 1 1 1 1 1 1 1 0 0 0 0 0 1 0 1
27 0 1 1 2 2 3 3 4 4 5 5 6 0 7 7 8 8 9 9 10 10 11 11 12 0 13 13 14 14 15 15 16 16 17 0 18 18 19 19 20 20 21 21 22 0 23 23 24 0 25 0 26 G 1 0 1 0 1 0 1 0 1 0 1 0 1 1 1 1 1 1 1 1 1 1 1 1 0 0 0 0 0 0 0 0 0 0 0 1 0 1 0 1 0 1 0 1 -1 0 -1 0 -1 0 -1 0
27 0 1 1 2 2 3 3 4 4 5 5 6 0 7 7 8 8 9 9 10 10 11 11 12 0 13 13 14 14 15 15 16 16 17 0 18 18 19 19 20 20 21 21 22 0 23 0 24 0 25 0 26 G 1 0 1 0 1 0 1 0 1 0 1 0 1 1 1 1 1 1 1 1 1 1 1 1 0 0 0 0 0 0 0 0 0 0 0 1 0 1 0 1 0 1 0 1 -1 0 -1 0 -1 0 -1 0
27 0 1 1 2 2 3 3 4 4 5 5 6 0 7 7 8 8 9 9 10 10 11 11 12 0 13 13 14 14 15 15 16 16 17 0 18 18 19 19 20 20 21 0 22 22 23 23 24 24 25 0 26 G 1 0 1 0 1 0 1 0 1 0 1 0 1 1 1 1 1 1 1 1 1 1 1 1 -1 0 -1 0 -1 0 -1 0 -1 0 0 0 0 0 0 0 0 0 0 1 0 1 0 1 0 1 -1 0
27 0 1 1 2 2 3 3 4 4 5 5 6 0 7 7 8 8 9 9 10 10 11 11 12 0 13 13 14 14 15 15 16 16 17 0 18 18 19 19 20 20 21 0 22 22 23 23 24 0 25 25 26 G 0 0 0 0 0 0 0 0 0 0 0 0 0 1 0 1 0 1 0 1 0 1 0 1 -1 0 -1 0 -1 0 -1 0 -1 0 -1 0 -1 0 -1 0 -1 0 -1 0 -1 0 -1 0 -1 0 -1 0
27 0 1 1 2 2 3 3 4 4 5 5 6 0 7 7 8 8 9 9 10 10 11 11 12 0 13 13 14 14 15 15 16 16 17 0 18 18 19 19 20 20 21 0 22 22 23 23 24 0 25 0 26 G 0 0 0 0 0 0 0 0 0 0 0 0 0 1 0 1 0 1 0 1 0 1 0 1 -1 0 -1 0 -1 0 -1 0 -1 0 -1 0 -1 0 -1 0 -1 0 -1 0 -1 0 -1 0 -1 0 -1 0
27 0 1 1 2 2 3 3 4 4 5 5 6 0 7 7 8 8 9 9 10 10 11 11 12 0 13 13 14 14 15 15 16 16 17 0 18 18 19 19 20 20 21 0 22 22 23 0 24 24 25 0 26 G 1 0 1 0 1 0 1 0 1 0 1 0 1 1 1 1 1 1 1 1 1 1 1 1 -1 0 -1 0 -1 0 -1 0 -1 0 -1 0 -1 0 -1 0 -1 0 0 0 0 0 0 1 0 1 -1 0
27 0 1 1 2 2 3 3 4 4 5 5 6 0 7 7 8 8 9 9 10 10 11 11 12 0 13 13 14 14 15 15 16 16 17 0 18 18 19 19 20 20 21 0 22 22 23 0 24 0 25 0 26 G 0 0 0 0 0 0 0 0 0 0 0 0 0 1 0 1 0 1 0 1 0 1 0 1 -1 0 -1 0 -1 0 -1 0 -1 0 -1 0 -1 0 -1 0 -1 0 -1 0 -1 0 -1 0 -1 0 -1 0
27 0 1 1 2 2 3 3 4 4 5 5 6 0 7 7 8 8 9 9 10 10 11 11 12 0 13 13 14 14 15 15 16 16 17 0 18 18 19 19 20 20 21 0 22 0 23 0 24 0 25 0 26 G 0 0 0 0 0 0 0 0 0 0 0 0 0 1 0 1 0 1 0 1 0 1 0 1 -1 0 -1 0 -1 0 -1 0 -1 0 -1 0 -1 0 -1 0 -1 0 -1 0 -1 0 -1 0 -1 0 -1 0
27 0 1 1 2 2 3 3 4 4 5 5 6 0 7 7 8 8 9 9 10 10 11 11 12 0 13 13 14 14 15 15 16 16 17 0 18 18 19 19 20 0 21 21 22 22 23 0 24 24 25 25 26 G 1 0 1 0 1 0 1 0 1 0 1 0 1 1 1 1 1 1 1 1 1 1 1 1 -1 0 -1 0 -1 0 -1 0 -1 0 0 0 0 0 0 0 0 1 0 1 0 1 0 2 0 2 0 2
27 0 1 1 2 2 3 3 4 4 5 5 6 0 7 7 8 8 9 9 10 10 11 11 12 0 13 13 14 14 15 15 16 16 17 0 18 18 19 19 20 0 21 21 22 22 23 0 24 24 25 0 26 G 1 0 1 0 1 0 1 0 1 0 1 0 1 1 1 1 1 1 1 1 1 1 1 1 -1 0 -1 0 -1 0 -1 0 -1 0 0 0 0 0 0 0 0 1 0 1 0 1 -1 0 -1 0 -1 0
27 0 1 1 2 2 3 3 4 4 5 5 6 0 7 7 8 8 9 9 10 10 11 11 12 0 13 13 14 14 15 15 16 16 17 0 18 18 19 19 20 0 21 21 22 22 23 0 24 0 25 0 26 G 1 0 1 0 1 0 1 0 1 0 1 0 1 1 1 1 1 1 1 1 1 1 1 1 -1 0 -1 0 -1 0 -1 0 -1 0 0 0 0 0 0 0 0 1 0 1 0 1 -1 0 -1 0 -1 0
27 0 1 1 2 2 3 3 4 4 5 5 6 0 7 7 8 8 9 9 10 10 11 11 12 0 13 13 14 14 15 15 16 16 17 0 18 18 19 19 20 0 21 21 22 0 23 23 24 0 25 25 26 G 1 0 1 0 1 0 1 0 1 0 1 0 1 1 1 1 1 1 1 1 1 1 1 1 -1 0 -1 0 -1 0 -1 0 -1 0 -1 0 -1 0 -1 0 0 0 0 0 0 1 0 1 0 2 0 2
27 0 1 1 2 2 3 3 4 4 5 5 6 0 7 7 8 8 9 9 10 10 11 11 12 0 13 13 14 14 15 15 16 16 17 0 18 18 19 19 20 0 21 21 22 0 23 23 24 0 25 0 26 G 1 0 1 0 1 0 1 0 1 0 1 0 1 1 1 1 1 1 1 1 1 1 1 1 -1 0 -1 0 -1 0 -1 0 -1 0 -1 0 -1 0 -1 0 0 0 0 0 0 1 0 1 -1 0 -1 0
27 0 1 1 2 2 3 3 4 4 5 5 6 0 7 7 8 8 9 9 10 10 11 11 12 0 13 13 14 14 15 15 16 16 17 0 18 18 19 19 20 0 21 21 22 0 23 0 24 0 25 0 26 G 0 0 0 0 0 0 0 0 0 0 0 0 0 1 0 1 0 1 0 1 0 1 0 1 -1 0 -1 0 -1 0 -1 0 -1 0 -1 0 -1 0 -1 0 -1 0 -1 0 -1 0 -1 0 -1 0 -1 0
27 0 1 1 2 2 3 3 4 4 5 5 6 0 7 7 8 8 9 9 10 10 11 11 12 0 13 13 14 14 15 15 16 16 17 0 18 18 19 19 20 0 21 0 22 0 23 0 24 0 25 0 26 G 0 0 0 0 0 0 0 0 0 0 0 0 0 1 0 1 0 1 0 1 0 1 0 1 -1 0 -1 0 -1 0 -1 0 -1 0 -1 0 -1 0 -1 0 -1 0 -1 0 -1 0 -1 0 -1 0 -1 0
27 0 1 1 2 2 3 3 4 4 5 5 6 0 7 7 8 8 9 9 10 10 11 11 12 0 13 13 14 14 15 15 16 16 17 0 18 18 19 0 20 20 21 0 22 22 23 0 24 24 25 0 26 G 1 0 1 0 1 0 1 0 1 0 1 0 1 1 1 1 1 1 1 1 1 1 1 1 -1 0 -1 0 -1 0 -1 0 -1 0 0 0 0 0 0 1 0 1 0 2 0 2 0 3 0 3 -1 0
27 0 1 1 2 2 3 3 4 4 5 5 6 0 7 7 8 8 9 9 10 10 11 11 12 0 13 13 14 14 15 15 16 16 17 0 18 18 19 0 20 20 21 0 22 22 23 0 24 0 25 0 26 G 1 0 1 0 1 0 1 0 1 0 1 0 1 1 1 1 1 1 1 1 1 1 1 1 -1 0 -1 0 -1 0 -1 0 -1 0 0 0 0 0 0 1 0 1 0 2 0 2 -1 0 -1 0 -1 0
27 0 1 1 2 2 3 3 4 4 5 5 6 0 7 7 8 8 9 9 10 10 11 11 12 0 13 13 14 14 15 15 16 16 17 0 18 18 19 0 20 20 21 0 22 0 23 0 24 0 25 0 26 G 1 0 1 0 1 0 1 0 1 0 1 0 1 1 1 1 1 1 1 1 1 1 1 1 -1 0 -1 0 -1 0 -1 0 -1 0 0 0 0 0 0 1 0 1 -1 0 -1 0 -1 0 -1 0 -1 0
27 0 1 1 2 2 3 3 4 4 5 5 6 0 7 7 8 8 9 9 10 10 11 11 12 0 13 13 14 14 15 15 16 16 17 0 18 18 19 0 20 0 21 0 22 0 23 0 24 0 25 0 26 G 0 0 0 0 0 0 0 0 0 0 0 0 0 1 0 1 0 1 0 1 0 1 0 1 -1 0 -1 0 -1 0 -1 0 -1 0 -1 0 -1 0 -1 0 -1 0 -1 0 -1 0 -1 0 -1 0 -1 0
27 0 1 1 2 2 3 3 4 4 5 5 6 0 7 7 8 8 9 9 10 10 11 11 12 0 13 13 14 14 15 15 16 16 17 0 18 0 19 0 20 0 21 0 22 0 23 0 24 0 25 0 26 G 0 0 0 0 0 0 0 0 0 0 0 0 0 1 0 1 0 1 0 1 0 1 0 1 -1 0 -1 0 -1 0 -1 0 -1 0 -1 0 -1 0 -1 0 -1 0 -1 0 -1 0 -1 0 -1 0 -1 0
27 0 1 1 2 2 3 3 4 4 5 5 6 0 7 7 8 8 9 9 10 10 11 11 12 0 13 13 14 14 15 15 16 0 17 17 18 18 19 19 20 0 21 21 22 22 23 23 24 0 25 25 26 G 1 0 1 0 1 0 1 0 1 0 1 0 1 1 1 1 1 1 1 1 1 1 1 1 0 0 0 0 0 0 0 0 0 1 0 1 0 1 0 1 0 2 0 2 0 2 0 2 -1 0 -1 0
27 0 1 1 2 2 3 3 4 4 5 5 6 0 7 7 8 8 9 9 10 10 11 11 12 0 13 13 14 14 15 15 16 0 17 17 18 18 19 19 20 0 21 21 22 22 23 23 24 0 25 0 26 G 1 0 1 0 1 0 1 0 1 0 1 0 1 1 1 1 1 1 1 1 1 1 1 1 0 0 0 0 0 0 0 0 0 1 0 1 0 1 0 1 0 2 0 2 0 2 0 2 -1 0 -1 0
27 0 1 1 2 2 3 3 4 4 5 5 6 0 7 7 8 8 9 9 10 10 11 11 12 0 13 13 14 14 15 15 16 0 17 17 18 18 19 19 20 0 21 21 22 22 23 0 24 24 25 25 26 G 2 0 2 0 2 0 2 0 2 0 2 0 2 1 2 1 2 1 2 1 2 1 2 1 1 0 1 0 1 0 1 0 1 1 1 1 1 1 1 1 0 0 0 0 0 0 0 1 0 1 0 1
27 0 1 1 2 2 3 3 4 4 5 5 6 0 7 7 8 8 9 9 10 10 11 11 12 0 13 13 14 14 15 15 16 0 17 17 18 18 19 19 20 0 21 21 22 22 23 0 24 24 25 0 26 G 1 0 1 0 1 0 1 0 1 0 1 0 1 1 1 1 1 1 1 1 1 1 1 1 0 0 0 0 0 0 0 0 0 1 0 1 0 1 0 1 -1 0 -1 0 -1 0 -1 0 -1 0 -1 0
27 0 1 1 2 2 3 3 4 4 5 5 6 0 7 7 8 8 9 9 10 10 11 11 12 0 13 13 14 14 15 15 16 0 17 17 18 18 19 19 20 0 21 21 22 22 23 0 24 0 25 0 26 G 1 0 1 0 1 0 1 0 1 0 1 0 1 1 1 1 1 1 1 1 1 1 1 1 0 0 0 0 0 0 0 0 0 1 0 1 0 1 0 1 -1 0 -1 0 -1 0 -1 0 -1 0 -1 0
27 0 1 1 2 2 3 3 4 4 5 5 6 0 7 7 8 8 9 9 10 10 11 11 12 0 13 13 14 14 15 15 16 0 17 17 18 18 19 19 20 0 21 21 22 0 23 23 24 0 25 25 26 G 2 0 2 0 2 0 2 0 2 0 2 0 2 1 2 1 2 1 2 1 2 1 2 1 1 0 1 0 1 0 1 0 1 1 1 1 1 1 1 1 0 0 0 0 0 1 0 1 0 2 0 2
27 0 1 1 2 2 3 3 4 4 5 5 6 0 7 7 8 8 9 9 10 10 11 11 12 0 13 13 14 14 15 15 16 0 17 17 18 18 19 19 20 0 21 21 22 0 23 23 24 0 25 0 26 G 2 0 2 0 2 0 2 0 2 0 2 0 2 1 2 1 2 1 2 1 2 1 2 1 1 0 1 0 1 0 1 0 1 1 1 1 1 1 1 1 0 0 0 0 0 1 0 1 -1 0 -1 0
27 0 1 1 2 2 3 3 4 4 5 5 6 0 7 7 8 8 9 9 10 10 11 11 12 0 13 13 14 14 15 15 16 0 17 17 18 18 19 19 20 0 21 21 22 0 23 0 24 0 25 0 26 G 1 0 1 0 1 0 1 0 1 0 1 0 1 1 1 1 1 1 1 1 1 1 1 1 0 0 0 0 0 0 0 0 0 1 0 1 0 1 0 1 -1 0 -1 0 -1 0 -1 0 -1 0 -1 0
27 0 1 1 2 2 3 3 4 4 5 5 6 0 7 7 8 8 9 9 10 10 11 11 12 0 13 13 14 14 15 15 16 0 17 17 18 18 19 19 20 0 21 0 22 0 23 0 24 0 25 0 26 G 1 0 1 0 1 0 1 0 1 0 1 0 1 1 1 1 1 1 1 1 1 1 1 1 0 0 0 0 0 0 0 0 0 1 0 1 0 1 0 1 -1 0 -1 0 -1 0 -1 0 -1 0 -1 0
27 0 1 1 2 2 3 3 4 4 5 5 6 0 7 7 8 8 9 9 10 10 11 11 12 0 13 13 14 14 15 15 16 0 17 17 18 18 19 0 20 20 21 21 22 0 23 23 24 24 25 0 26 G 1 0 1 0 1 0 1 0 1 0 1 0 1 1 1 1 1 1 1 1 1 1 1 1 -1 0 -1 0 -1 0 -1 0 0 0 0 0 0 0 0 1 0 1 0 1 0 2 0 2 0 2 -1 0
27 0 1 1 2 2 3 3 4 4 5 5 6 0 7 7 8 8 9 9 10 10 11 11 12 0 13 13 14 14 15 15 16 0 17 17 18 18 19 0 20 20 21 21 22 0 23 23 24 0 25 25 26 G 2 0 2 0 2 0 2 0 2 0 2 0 2 1 2 1 2 1 2 1 2 1 2 1 -1 0 -1 0 -1 0 -1 0 1 0 1 0 1 0 1 1 1 1 1 1 0 0 0 0 0 1 0 1
27 0 1 1 2 2 3 3 4 4 5 5 6 0 7 7 8 8 9 9 10 10 11 11 12 0 13 13 14 14 15 15 16 0 17 17 18 18 19 0 20 20 21 21 22 0 23 23 24 0 25 0 26 G 1 0 1 0 1 0 1 0 1 0 1 0 1 1 1 1 1 1 1 1 1 1 1 1 -1 0 -1 0 -1 0 -1 0 0 0 0 0 0 0 0 1 0 1 0 1 -1 0 -1 0 -1 0 -1 0
27 0 1 1 2 2 3 3 4 4 5 5 6 0 7 7 8 8 9 9 10 10 11 11 12 0 13 13 14 14 15 15 16 0 17 17 18 18 19 0 20 20 21 21 22 0 23 0 24 0 25 0 26 G 1 0 1 0 1 0 1 0 1 0 1 0 1 1 1 1 1 1 1 1 1 1 1 1 -1 0 -1 0 -1 0 -1 0 0 0 0 0 0 0 0 1 0 1 0 1 -1 0 -1 0 -1 0 -1 0
27 0 1 1 2 2 3 3 4 4 5 5 6 0 7 7 8 8 9 9 10 10 11 11 12 0 13 13 14 14 15 15 16 0 17 17 18 18 19 0 20 20 21 0 22 22 23 0 24 24 25 0 26 G 1 0 1 0 1 0 1 0 1 0 1 0 1 1 1 1 1 1 1 1 1 1 1 1 -1 0 -1 0 -1 0 -1 0 -1 0 -1 0 -1 0 0 0 0 0 0 1 0 1 0 2 0 2 -1 0
27 0 1 1 2 2 3 3 4 4 5 5 6 0 7 7 8 8 9 9 10 10 11 11 12 0 13 13 14 14 15 15 16 0 17 17 18 18 19 0 20 20 21 0 22 22 23 0 24 0 25 0 26 G 1 0 1 0 1 0 1 0 1 0 1 0 1 1 1 1 1 1 1 1 1 1 1 1 -1 0 -1 0 -1 0 -1 0 -1 0 -1 0 -1 0 0 0 0 0 0 1 0 1 -1 0 -1 0 -1 0
27 0 1 1 2 2 3 3 4 4 5 5 6 0 7 7 8 8 9 9 10 10 11 11 12 0 13 13 14 14 15 15 16 0 17 17 18 18 19 0 20 20 21 0 22 0 23 0 24 0 25 0 26 G 0 0 0 0 0 0 0 0 0 0 0 0 0 1 0 1 0 1 0 1 0 1 0 1 -1 0 -1 0 -1 0 -1 0 -1 0 -1 0 -1 0 -1 0 -1 0 -1 0 -1 0 -1 0 -1 0 -1 0
27 0 1 1 2 2 3 3 4 4 5 5 6 0 7 7 8 8 9 9 10 10 11 11 12 0 13 13 14 14 15 15 16 0 17 17 18 18 19 0 20 0 21 0 22 0 23 0 24 0 25 0 26 G 0 0 0 0 0 0 0 0 0 0 0 0 0 1 0 1 0 1 0 1 0 1 0 1 -1 0 -1 0 -1 0 -1 0 -1 0 -1 0 -1 0 -1 0 -1 0 -1 0 -1 0 -1 0 -1 0 -1 0
27 0 1 1 2 2 3 3 4 4 5 5 6 0 7 7 8 8 9 9 10 10 11 11 12 0 13 13 14 14 15 15 16 0 17 17 18 0 19 19 20 0 21 21 22 0 23 23 24 0 25 25 26 G 1 0 1 0 1 0 1 0 1 0 1 0 1 1 1 1 1 1 1 1 1 1 1 1 -1 0 -1 0 -1 0 -1 0 0 0 0 0 0 1 0 1 0 2 0 2 0 3 0 3 0 4 0 4
27 0 1 1 2 2 3 3 4 4 5 5 6 0 7 7 8 8 9 9 10 10 11 11 12 0 13 13 14 14 15 15 16 0 17 17 18 0 19 19 20 0 21 21 22 0 23 23 24 0 25 0 26 G 1 0 1 0 1 0 1 0 1 0 1 0 1 1 1 1 1 1 1 1 1 1 1 1 -1 0 -1 0 -1 0 -1 0 0 0 0 0 0 1 0 1 0 2 0 2 0 3 0 3 -1 0 -1 0
27 0 1 1 2 2 3 3 4 4 5 5 6 0 7 7 8 8 9 9 10 10 11 11 12 0 13 13 14 14 15 15 16 0 17 17 18 0 19 19 20 0 21 21 22 0 23 0 24 0 25 0 26 G 1 0 1 0 1 0 1 0 1 0 1 0 1 1 1 1 1 1 1 1 1 1 1 1 -1 0 -1 0 -1 0 -1 0 0 0 0 0 0 1 0 1 0 2 0 2 -1 0 -1 0 -1 0 -1 0
27 0 1 1 2 2 3 3 4 4 5 5 6 0 7 7 8 8 9 9 10 10 11 11 12 0 13 13 14 14 15 15 16 0 17 17 18 0 19 19 20 0 21 0 22 0 23 0 24 0 25 0 26 G 1 0 1 0 1 0 1 0 1 0 1 0 1 1 1 1 1 1 1 1 1 1 1 1 -1 0 -1 0 -1 0 -1 0 0 0 0 0 0 1 0 1 -1 0 -1 0 -1 0 -1 0 -1 0 -1 0
27 0 1 1 2 2 3 3 4 4 5 5 6 0 7 7 8 8 9 9 10 10 11 11 12 0 13 13 14 14 15 15 16 0 17 17 18 0 19 0 20 0 21 0 22 0 23 0 24 0 25 0 26 G 0 0 0 0 0 0 0 0 0 0 0 0 0 1 0 1 0 1 0 1 0 1 0 1 -1 0 -1 0 -1 0 -1 0 -1 0 -1 0 -1 0 -1 0 -1 0 -1 0 -1 0 -1 0 -1 0 -1 0
27 0 1 1 2 2 3 3 4 4 5 5 6 0 7 7 8 8 9 9 10 10 11 11 12 0 13 13 14 14 15 15 16 0 17 0 18 0 19 0 20 0 21 0 22 0 23 0 24 0 25 0 26 G 0 0 0 0 0 0 0 0 0 0 0 0 0 1 0 1 0 1 0 1 0 1 0 1 -1 0 -1 0 -1 0 -1 0 -1 0 -1 0 -1 0 -1 0 -1 0 -1 0 -1 0 -1 0 -1 0 -1 0
27 0 1 1 2 2 3 3 4 4 5 5 6 0 7 7 8 8 9 9 10 10 11 11 12 0 13 13 14 14 15 0 16 16 17 17 18 0 19 19 20 20 21 0 22 22 23 23 24 0 25 25 26 G 1 0 1 0 1 0 1 0 1 0 1 0 1 1 1 1 1 1 1 1 1 1 1 1 0 0 0 0 0 0 0 1 0 1 0 1 0 2 0 2 0 2 0 3 0 3 0 3 -1 0 -1 0
27 0 1 1 2 2 3 3 4 4 5 5 6 0 7 7 8 8 9 9 10 10 11 11 12 0 13 13 14 14 15 0 16 16 17 17 18 0 19 19 20 20 21 0 22 22 23 23 24 0 25 0 26 G 1 0 1 0 1 0 1 0 1 0 1 0 1 1 1 1 1 1 1 1 1 1 1 1 0 0 0 0 0 0 0 1 0 1 0 1 0 2 0 2 0 2 0 3 0 3 0 3 -1 0 -1 0
27 0 1 1 2 2 3 3 4 4 5 5 6 0 7 7 8 8 9 9 10 10 11 11 12 0 13 13 14 14 15 0 16 16 17 17 18 0 19 19 20 20 21 0 22 22 23 0 24 24 25 0 26 G 2 0 2 0 2 0 2 0 2 0 2 0 2 1 2 1 2 1 2 1 2 1 2 1 1 0 1 0 1 0 1 1 1 1 1 1 1 2 1 2 1 2 0 0 0 0 0 1 0 1 -1 0
27 0 1 1 2 2 3 3 4 4 5 5 6 0 7 7 8 8 9 9 10 10 11 11 12 0 13 13 14 14 15 0 16 16 17 17 18 0 19 19 20 20 21 0 22 22 23 0 24 0 25 0 26 G 1 0 1 0 1 0 1 0 1 0 1 0 1 1 1 1 1 1 1 1 1 1 1 1 0 0 0 0 0 0 0 1 0 1 0 1 0 2 0 2 0 2 -1 0 -1 0 -1 0 -1 0 -1 0
27 0 1 1 2 2 3 3 4 4 5 5 6 0 7 7 8 8 9 9 10 10 11 11 12 0 13 13 14 14 15 0 16 16 17 17 18 0 19 19 20 20 21 0 22 0 23 0 24 0 25 0 26 G 1 0 1 0 1 0 1 0 1 0 1 0 1 1 1 1 1 1 1 1 1 1 1 1 0 0 0 0 0 0 0 1 0 1 0 1 0 2 0 2 0 2 -1 0 -1 0 -1 0 -1 0 -1 0
27 0 1 1 2 2 3 3 4 4 5 5 6 0 7 7 8 8 9 9 10 10 11 11 12 0 13 13 14 14 15 0 16 16 17 17 18 0 19 19 20 0 21 21 22 0 23 23 24 0 25 25 26 G 2 0 2 0 2 0 2 0 2 0 2 0 2 1 2 1 2 1 2 1 2 1 2 1 1 0 1 0 1 0 1 1 1 1 1 1 0 0 0 0 0 1 0 1 0 2 0 2 0 3 0 3
27 0 1 1 2 2 3 3 4 4 5 5 6 0 7 7 8 8 9 9 10 10 11 11 12 0 13 13 14 14 15 0 16 16 17 17 18 0 19 19 20 0 21 21 22 0 23 23 24 0 25 0 26 G 2 0 2 0 2 0 2 0 2 0 2 0 2 1 2 1 2 1 2 1 2 1 2 1 1 0 1 0 1 0 1 1 1 1 1 1 0 0 0 0 0 1 0 1 0 2 0 2 -1 0 -1 0
27 0 1 1 2 2 3 3 4 4 5 5 6 0 7 7 8 8 9 9 10 10 11 11 12 0 13 13 14 14 15 0 16 16 17 17 18 0 19 19 20 0 21 21 22 0 23 0 24 0 25 0 26 G 2 0 2 0 2 0 2 0 2 0 2 0 2 1 2 1 2 1 2 1 2 1 2 1 1 0 1 0 1 0 1 1 1 1 1 1 0 0 0 0 0 1 0 1 -1 0 -1 0 -1 0 -1 0
27 0 1 1 2 2 3 3 4 4 5 5 6 0 7 7 8 8 9 9 10 10 11 11 12 0 13 13 14 14 15 0 16 16 17 17 18 0 19 19 20 0 21 0 22 0 23 0 24 0 25 0 26 G 1 0 1 0 1 0 1 0 1 0 1 0 1 1 1 1 1 1 1 1 1 1 1 1 0 0 0 0 0 0 0 1 0 1 0 1 -1 0 -1 0 -1 0 -1 0 -1 0 -1 0 -1 0 -1 0
27 0 1 1 2 2 3 3 4 4 5 5 6 0 7 7 8 8 9 9 10 10 11 11 12 0 13 13 14 14 15 0 16 16 17 17 18 0 19 0 20 0 21 0 22 0 23 0 24 0 25 0 26 G 1 0 1 0 1 0 1 0 1 0 1 0 1 1 1 1 1 1 1 1 1 1 1 1 0 0 0 0 0 0 0 1 0 1 0 1 -1 0 -1 0 -1 0 -1 0 -1 0 -1 0 -1 0 -1 0
27 0 1 1 2 2 3 3 4 4 5 5 6 0 7 7 8 8 9 9 10 10 11 11 12 0 13 13 14 14 15 0 16 16 17 0 18 18 19 0 20 20 21 0 22 22 23 0 24 24 25 0 26 G 1 0 1 0 1 0 1 0 1 0 1 0 1 1 1 1 1 1 1 1 1 1 1 1 -1 0 -1 0 -1 0 0 0 0 0 0 1 0 1 0 2 0 2 0 3 0 3 0 4 0 4 -1 0
27 0 1 1 2 2 3 3 4 4 5 5 6 0 7 7 8 8 9 9 10 10 11 11 12 0 13 13 14 14 15 0 16 16 17 0 18 18 19 0 20 20 21 0 22 22 23 0 24 0 25 0 26 G 1 0 1 0 1 0 1 0 1 0 1 0 1 1 1 1 1 1 1 1 1 1 1 1 -1 0 -1 0 -1 0 0 0 0 0 0 1 0 1 0 2 0 2 0 3 0 3 -1 0 -1 0 -1 0
27 0 1 1 2 2 3 3 4 4 5 5 6 0 7 7 8 8 9 9 10 10 11 11 12 0 13 13 14 14 15 0 16 16 17 0 18 18 19 0 20 20 21 0 22 0 23 0 24 0 25 0 26 G 1 0 1 0 1 0 1 0 1 0 1 0 1 1 1 1 1 1 1 1 1 1 1 1 -1 0 -1 0 -1 0 0 0 0 0 0 1 0 1 0 2 0 2 -1 0 -1 0 -1 0 -1 0 -1 0
27 0 1 1 2 2 3 3 4 4 5 5 6 0 7 7 8 8 9 9 10 10 11 11 12 0 13 13 14 14 15 0 16 16 17 0 18 18 19 0 20 0 21 0 22 0 23 0 24 0 25 0 26 G 1 0 1 0 1 0 1 0 1 0 1 0 1 1 1 1 1 1 1 1 1 1 1 1 -1 0 -1 0 -1 0 0 0 0 0 0 1 0 1 -1 0 -1 0 -1 0 -1 0 -1 0 -1 0 -1 0
27 0 1 1 2 2 3 3 4 4 5 5 6 0 7 7 8 8 9 9 10 10 11 11 12 0 13 13 14 14 15 0 16 16 17 0 18 0 19 0 20 0 21 0 22 0 23 0 24 0 25 0 26 G 0 0 0 0 0 0 0 0 0 0 0 0 0 1 0 1 0 1 0 1 0 1 0 1 -1 0 -1 0 -1 0 -1 0 -1 0 -1 0 -1 0 -1 0 -1 0 -1 0 -1 0 -1 0 -1 0 -1 0
27 0 1 1 2 2 3 3 4 4 5 5 6 0 7 7 8 8 9 9 10 10 11 11 12 0 13 13 14 14 15 0 16 0 17 0 18 0 19 0 20 0 21 0 22 0 23 0 24 0 25 0 26 G 0 0 0 0 0 0 0 0 0 0 0 0 0 1 0 1 0 1 0 1 0 1 0 1 -1 0 -1 0 -1 0 -1 0 -1 0 -1 0 -1 0 -1 0 -1 0 -1 0 -1 0 -1 0 -1 0 -1 0
27 0 1 1 2 2 3 3 4 4 5 5 6 0 7 7 8 8 9 9 10 10 11 11 12 0 13 13 14 0 15 15 16 0 17 17 18 0 19 19 20 0 21 21 22 0 23 23 24 0 25 25 26 G 1 0 1 0 1 0 1 0 1 0 1 0 1 1 1 1 1 1 1 1 1 1 1 1 0 0 0 0 0 1 0 1 0 2 0 2 0 3 0 3 0 4 0 4 0 5 0 5 0 6 0 6
27 0 1 1 2 2 3 3 4 4 5 5 6 0 7 7 8 8 9 9 10 10 11 11 12 0 13 13 14 0 15 15 16 0 17 17 18 0 19 19 20 0 21 21 22 0 23 23 24 0 25 0 26 G 1 0 1 0 1 0 1 0 1 0 1 0 1 1 1 1 1 1 1 1 1 1 1 1 0 0 0 0 0 1 0 1 0 2 0 2 0 3 0 3 0 4 0 4 0 5 0 5 -1 0 -1 0
27 0 1 1 2 2 3 3 4 4 5 5 6 0 7 7 8 8 9 9 10 10 11 11 12 0 13 13 14 0 15 15 16 0 17 17 18 0 19 19 20 0 21 21 22 0 23 0 24 0 25 0 26 G 1 0 1 0 1 0 1 0 1 0 1 0 1 1 1 1 1 1 1 1 1 1 1 1 0 0 0 0 0 1 0 1 0 2 0 2 0 3 0 3 0 4 0 4 -1 0 -1 0 -1 0 -1 0
27 0 1 1 2 2 3 3 4 4 5 5 6 0 7 7 8 8 9 9 10 10 11 11 12 0 13 13 14 0 15 15 16 0 17 17 18 0 19 19 20 0 21 0 22 0 23 0 24 0 25 0 26 G 1 0 1 0 1 0 1 0 1 0 1 0 1 1 1 1 1 1 1 1 1 1 1 1 0 0 0 0 0 1 0 1 0 2 0 2 0 3 0 3 -1 0 -1 0 -1 0 -1 0 -1 0 -1 0
27 0 1 1 2 2 3 3 4 4 5 5 6 0 7 7 8 8 9 9 10 10 11 11 12 0 13 13 14 0 15 15 16 0 17 17 18 0 19 0 20 0 21 0 22 0 23 0 24 0 25 0 26 G 1 0 1 0 1 0 1 0 1 0 1 0 1 1 1 1 1 1 1 1 1 1 1 1 0 0 0 0 0 1 0 1 0 2 0 2 -1 0 -1 0 -1 0 -1 0 -1 0 -1 0 -1 0 -1 0
27 0 1 1 2 2 3 3 4 4 5 5 6 0 7 7 8 8 9 9 10 10 11 11 12 0 13 13 14 0 15 15 16 0 17 0 18 0 19 0 20 0 21 0 22 0 23 0 24 0 25 0 26 G 1 0 1 0 1 0 1 0 1 0 1 0 1 1 1 1 1 1 1 1 1 1 1 1 0 0 0 0 0 1 0 1 -1 0 -1 0 -1 0 -1 0 -1 0 -1 0 -1 0 -1 0 -1 0 -1 0
27 0 1 1 2 2 3 3 4 4 5 5 6 0 7 7 8 8 9 9 10 10 11 11 12 0 13 13 14 0 15 0 16 0 17 0 18 0 19 0 20 0 21 0 22 0 23 0 24 0 25 0 26 G 0 0 0 0 0 0 0 0 0 0 0 0 0 1 0 1 0 1 0 1 0 1 0 1 -1 0 -1 0 -1 0 -1 0 -1 0 -1 0 -1 0 -1 0 -1 0 -1 0 -1 0 -1 0 -1 0 -1 0
27 0 1 1 2 2 3 3 4 4 5 5 6 0 7 7 8 8 9 9 10 10 11 11 12 0 13 0 14 0 15 0 16 0 17 0 18 0 19 0 20 0 21 0 22 0 23 0 24 0 25 0 26 G 0 0 0 0 0 0 0 0 0 0 0 0 0 1 0 1 0 1 0 1 0 1 0 1 -1 0 -1 0 -1 0 -1 0 -1 0 -1 0 -1 0 -1 0 -1 0 -1 0 -1 0 -1 0 -1 0 -1 0
27 0 1 1 2 2 3 3 4 4 5 5 6 0 7 7 8 8 9 9 10 10 11 0 12 12 13 13 14 14 15 15 16 0 17 17 18 18 19 19 20 20 21 0 22 22 23 23 24 24 25 25 26 G -1 0 -1 0 -1 0 -1 0 -1 0 -1 0 0 0 0 0 0 0 0 0 0 0 0 1 0 1 0 1 0 1 0 1 0 2 0 2 0 2 0 2 0 2 0 3 0 3 0 3 0 3 0 3
27 0 1 1 2 2 3 3 4 4 5 5 6 0 7 7 8 8 9 9 10 10 11 0 12 12 13 13 14 14 15 15 16 0 17 17 18 18 19 19 20 20 21 0 22 22 23 23 24 24 25 0 26 G -1 0 -1 0 -1 0 -1 0 -1 0 -1 0 0 0 0 0 0 0 0 0 0 0 0 1 0 1 0 1 0 1 0 1 0 2 0 2 0 2 0 2 0 2 -1 0 -1 0 -1 0 -1 0 -1 0
27 0 1 1 2 2 3 3 4 4 5 5 6 0 7 7 8 8 9 9 10 10 11 0 12 12 13 13 14 14 15 15 16 0 17 17 18 18 19 19 20 20 21 0 22 22 23 23 24 0 25 25 26 G -1 0 -1 0 -1 0 -1 0 -1 0 -1 0 0 0 0 0 0 0 0 0 0 0 0 1 0 1 0 1 0 1 0 1 0 2 0 2 0 2 0 2 0 2 -1 0 -1 0 -1 0 -1 0 -1 0
27 0 1 1 2 2 3 3 4 4 5 5 6 0 7 7 8 8 9 9 10 10 11 0 12 12 13 13 14 14 15 15 16 0 17 17 18 18 19 19 20 20 21 0 22 22 23 23 24 0 25 0 26 G -1 0 -1 0 -1 0 -1 0 -1 0 -1 0 0 0 0 0 0 0 0 0 0 0 0 1 0 1 0 1 0 1 0 1 0 2 0 2 0 2 0 2 0 2 -1 0 -1 0 -1 0 -1 0 -1 0
27 0 1 1 2 2 3 3 4 4 5 5 6 0 7 7 8 8 9 9 10 10 11 0 12 12 13 13 14 14 15 15 16 0 17 17 18 18 19 19 20 20 21 0 22 22 23 0 24 24 25 0 26 G -1 0 -1 0 -1 0 -1 0 -1 0 -1 0 1 0 1 0 1 0 1 0 1 0 1 1 1 1 1 1 1 1 1 1 1 2 1 2 1 2 1 2 1 2 0 0 0 0 0 1 0 1 -1 0
27 0 1 1 2 2 3 3 4 4 5 5 6 0 7 7 8 8 9 9 10 10 11 0 12 12 13 13 14 14 15 15 16 0 17 17 18 18 19 19 20 20 21 0 22 22 23 0 24 0 25 0 26 G -1 0 -1 0 -1 0 -1 0 -1 0 -1 0 0 0 0 0 0 0 0 0 0 0 0 1 0 1 0 1 0 1 0 1 0 2 0 2 0 2 0 2 0 2 -1 0 -1 0 -1 0 -1 0 -1 0
27 0 1 1 2 2 3 3 4 4 5 5 6 0 7 7 8 8 9 9 10 10 11 0 12 12 13 13 14 14 15 15 16 0 17 17 18 18 19 19 20 20 21 0 22 0 23 0 24 0 25 0 26 G -1 0 -1 0 -1 0 -1 0 -1 0 -1 0 0 0 0 0 0 0 0 0 0 0 0 1 0 1 0 1 0 1 0 1 0 2 0 2 0 2 0 2 0 2 -1 0 -1 0 -1 0 -1 0 -1 0
27 0 1 1 2 2 3 3 4 4 5 5 6 0 7 7 8 8 9 9 10 10 11 0 12 12 13 13 14 14 15 15 16 0 17 17 18 18 19 19 20 0 21 21 22 22 23 23 24 0 25 25 26 G -1 0 -1 0 -1 0 -1 0 -1 0 -1 0 1 0 1 0 1 0 1 0 1 0 1 1 1 1 1 1 1 1 1 1 0 0 0 0 0 0 0 0 0 1 0 1 0 1 0 1 -1 0 -1 0
27 0 1 1 2 2 3 3 4 4 5 5 6 0 7 7 8 8 9 9 10 10 11 0 12 12 13 13 14 14 15 15 16 0 17 17 18 18 19 19 20 0 21 21 22 22 23 23 24 0 25 0 26 G -1 0 -1 0 -1 0 -1 0 -1 0 -1 0 1 0 1 0 1 0 1 0 1 0 1 1 1 1 1 1 1 1 1 1 0 0 0 0 0 0 0 0 0 1 0 1 0 1 0 1 -1 0 -1 0
27 0 1 1 2 2 3 3 4 4 5 5 6 0 7 7 8 8 9 9 10 10 11 0 12 12 13 13 14 14 15 15 16 0 17 17 18 18 19 19 20 0 21 21 22 22 23 0 24 24 25 25 26 G -1 0 -1 0 -1 0 -1 0 -1 0 -1 0 1 0 1 0 1 0 1 0 1 0 1 1 1 1 1 1 1 1 1 1 -1 0 -1 0 -1 0 -1 0 0 0 0 0 0 0 0 1 0 1 0 1
27 0 1 1 2 2 3 3 4 4 5 5 6 0 7 7 8 8 9 9 10 10 11 0 12 12 13 13 14 14 15 15 16 0 17 17 18 18 19 19 20 0 21 21 22 22 23 0 24 24 25 0 26 G -1 0 -1 0 -1 0 -1 0 -1 0 -1 0 0 0 0 0 0 0 0 0 0 0 0 1 0 1 0 1 0 1 0 1 -1 0 -1 0 -1 0 -1 0 -1 0 -1 0 -1 0 -1 0 -1 0 -1 0
27 0 1 1 2 2 3 3 4 4 5 5 6 0 7 7 8 8 9 9 10 10 11 0 12 12 13 13 14 14 15 15 16 0 17 17 18 18 19 19 20 0 21 21 22 22 23 0 24 0 25 0 26 G -1 0 -1 0 -1 0 -1 0 -1 0 -1 0 0 0 0 0 0 0 0 0 0 0 0 1 0 1 0 1 0 1 0 1 -1 0 -1 0 -1 0 -1 0 -1 0 -1 0 -1 0 -1 0 -1 0 -1 0
27 0 1 1 2 2 3 3 4 4 5 5 6 0 7 7 8 8 9 9 10 10 11 0 12 12 13 13 14 14 15 15 16 0 17 17 18 18 19 19 20 0 21 21 22 0 23 23 24 0 25 25 26 G -1 0 -1 0 -1 0 -1 0 -1 0 -1 0 1 0 1 0 1 0 1 0 1 0 1 1 1 1 1 1 1 1 1 1 -1 0 -1 0 -1 0 -1 0 0 0 0 0 0 1 0 1 0 2 0 2
27 0 1 1 2 2 3 3 4 4 5 5 6 0 7 7 8 8 9 9 10 10 11 0 12 12 13 13 14 14 15 15 16 0 17 17 18 18 19 19 20 0 21 21 22 0 23 23 24 0 25 0 26 G -1 0 -1 0 -1 0 -1 0 -1 0 -1 0 1 0 1 0 1 0 1 0 1 0 1 1 1 1 1 1 1 1 1 1 -1 0 -1 0 -1 0 -1 0 0 0 0 0 0 1 0 1 -1 0 -1 0
27 0 1 1 2 2 3 3 4 4 5 5 6 0 7 7 8 8 9 9 10 10 11 0 12 12 13 13 14 14 15 15 16 0 17 17 18 18 19 19 20 0 21 21 22 0 23 0 24 0 25 0 26 G -1 0 -1 0 -1 0 -1 0 -1 0 -1 0 0 0 0 0 0 0 0 0 0 0 0 1 0 1 0 1 0 1 0 1 -1 0 -1 0 -1 0 -1 0 -1 0 -1 0 -1 0 -1 0 -1 0 -1 0
27 0 1 1 2 2 3 3 4 4 5 5 6 0 7 7 8 8 9 9 10 10 11 0 12 12 13 13 14 14 15 15 16 0 17 17 18 18 19 19 20 0 21 0 22 0 23 0 24 0 25 0 26 G -1 0 -1 0 -1 0 -1 0 -1 0 -1 0 0 0 0 0 0 0 0 0 0 0 0 1 0 1 0 1 0 1 0 1 -1 0 -1 0 -1 0 -1 0 -1 0 -1 0 -1 0 -1 0 -1 0 -1 0
27 0 1 1 2 2 3 3 4 4 5 5 6 0 7 7 8 8 9 9 10 10 11 0 12 12 13 13 14 14 15 15 16 0 17 17 18 18 19 0 20 20 21 21 22 0 23 23 24 24 25 0 26 G -1 0 -1 0 -1 0 -1 0 -1 0 -1 0 1 0 1 0 1 0 1 0 1 0 1 1 1 1 1 1 1 1 1 1 0 0 0 0 0 0 0 1 0 1 0 1 0 2 0 2 0 2 -1 0
27 0 1 1 2 2 3 3 4 4 5 5 6 0 7 7 8 8 9 9 10 10 11 0 12 12 13 13 14 14 15 15 16 0 17 17 18 18 19 0 20 20 21 21 22 0 23 23 24 0 25 25 26 G -1 0 -1 0 -1 0 -1 0 -1 0 -1 0 2 0 2 0 2 0 2 0 2 0 2 1 2 1 2 1 2 1 2 1 1 0 1 0 1 0 1 1 1 1 1 1 0 0 0 0 0 1 0 1
27 0 1 1 2 2 3 3 4 4 5 5 6 0 7 7 8 8 9 9 10 10 11 0 12 12 13 13 14 14 15 15 16 0 17 17 18 18 19 0 20 20 21 21 22 0 23 23 24 0 25 0 26 G -1 0 -1 0 -1 0 -1 0 -1 0 -1 0 1 0 1 0 1 0 1 0 1 0 1 1 1 1 1 1 1 1 1 1 0 0 0 0 0 0 0 1 0 1 0 1 -1 0 -1 0 -1 0 -1 0
27 0 1 1 2 2 3 3 4 4 5 5 6 0 7 7 8 8 9 9 10 10 11 0 12 12 13 13 14 14 15 15 16 0 17 17 18 18 19 0 20 20 21 21 22 0 23 0 24 0 25 0 26 G -1 0 -1 0 -1 0 -1 0 -1 0 -1 0 1 0 1 0 1 0 1 0 1 0 1 1 1 1 1 1 1 1 1 1 0 0 0 0 0 0 0 1 0 1 0 1 -1 0 -1 0 -1 0 -1 0
27 0 1 1 2 2 3 3 4 4 5 5 6 0 7 7 8 8 9 9 10 10 11 0 12 12 13 13 14 14 15 15 16 0 17 17 18 18 19 0 20 20 21 0 22 22 23 0 24 24 25 0 26 G -1 0 -1 0 -1 0 -1 0 -1 0 -1 0 1 0 1 0 1 0 1 0 1 0 1 1 1 1 1 1 1 1 1 1 -1 0 -1 0 -1 0 0 0 0 0 0 1 0 1 0 2 0 2 -1 0
27 0 1 1 2 2 3 3 4 4 5 5 6 0 7 7 8 8 9 9 10 10 11 0 12 12 13 13 14 14 15 15 16 0 17 17 18 18 19 0 20 20 21 0 22 22 23 0 24 0 25 0 26 G -1 0 -1 0 -1 0 -1 0 -1 0 -1 0 1 0 1 0 1 0 1 0 1 0 1 1 1 1 1 1 1 1 1 1 -1 0 -1 0 -1 0 0 0 0 0 0 1 0 1 -1 0 -1 0 -1 0
27 0 1 1 2 2 3 3 4 4 5 5 6 0 7 7 8 8 9 9 10 10 11 0 12 12 13 13 14 14 15 15 16 0 17 17 18 18 19 0 20 20 21 0 22 0 23 0 24 0 25 0 26 G -1 0 -1 0 -1 0 -1 0 -1 0 -1 0 0 0 0 0 0 0 0 0 0 0 0 1 0 1 0 1 0 1 0 1 -1 0 -1 0 -1 0 -1 0 -1 0 -1 0 -1 0 -1 0 -1 0 -1 0
27 0 1 1 2 2 3 3 4 4 5 5 6 0 7 7 8 8 9 9 10 10 11 0 12 12 13 13 14 14 15 15 16 0 17 17 18 18 19 0 20 0 21 0 22 0 23 0 24 0 25 0 26 G -1 0 -1 0 -1 0 -1 0 -1 0 -1 0 0 0 0 0 0 0 0 0 0 0 0 1 0 1 0 1 0 1 0 1 -1 0 -1 0 -1 0 -1 0 -1 0 -1 0 -1 0 -1 0 -1 0 -1 0
27 0 1 1 2 2 3 3 4 4 5 5 6 0 7 7 8 8 9 9 10 10 11 0 12 12 13 13 14 14 15 15 16 0 17 17 18 0 19 19 20 0 21 21 22 0 23 23 24 0 25 25 26 G -1 0 -1 0 -1 0 -1 0 -1 0 -1 0 1 0 1 0 1 0 1 0 1 0 1 1 1 1 1 1 1 1 1 1 0 0 0 0 0 1 0 1 0 2 0 2 0 3 0 3 0 4 0 4
27 0 1 1 2 2 3 3 4 4 5 5 6 0 7 7 8 8 9 9 10 10 11 0 12 12 13 13 14 14 15 15 16 0 17 17 18 0 19 19 20 0 21 21 22 0 23 23 24 0 25 0 26 G -1 0 -1 0 -1 0 -1 0 -1 0 -1 0 1 0 1 0 1 0 1 0 1 0 1 1 1 1 1 1 1 1 1 1 0 0 0 0 0 1 0 1 0 2 0 2 0 3 0 3 -1 0 -1 0
27 0 1 1 2 2 3 3 4 4 5 5 6 0 7 7 8 8 9 9 10 10 11 0 12 12 13 13 14 14 15 15 16 0 17 17 18 0 19 19 20 0 21 21 22 0 23 0 24 0 25 0 26 G -1 0 -1 0 -1 0 -1 0 -1 0 -1 0 1 0 1 0 1 0 1 0 1 0 1 1 1 1 1 1 1 1 1 1 0 0 0 0 0 1 0 1 0 2 0 2 -1 0 -1 0 -1 0 -1 0
27 0 1 1 2 2 3 3 4 4 5 5 6 0 7 7 8 8 9 9 10 10 11 0 12 12 13 13 14 14 15 15 16 0 17 17 18 0 19 19 20 0 21 0 22 0 23 0 24 0 25 0 26 G -1 0 -1 0 -1 0 -1 0 -1 0 -1 0 1 0 1 0 1 0 1 0 1 0 1 1 1 1 1 1 1 1 1 1 0 0 0 0 0 1 0 1 -1 0 -1 0 -1 0 -1 0 -1 0 -1 0
27 0 1 1 2 2 3 3 4 4 5 5 6 0 7 7 8 8 9 9 10 10 11 0 12 12 13 13 14 14 15 15 16 0 17 17 18 0 19 0 20 0 21 0 22 0 23 0 24 0 25 0 26 G -1 0 -1 0 -1 0 -1 0 -1 0 -1 0 0 0 0 0 0 0 0 0 0 0 0 1 0 1 0 1 0 1 0 1 -1 0 -1 0 -1 0 -1 0 -1 0 -1 0 -1 0 -1 0 -1 0 -1 0
27 0 1 1 2 2 3 3 4 4 5 5 6 0 7 7 8 8 9 9 10 10 11 0 12 12 13 13 14 14 15 15 16 0 17 0 18 0 19 0 20 0 21 0 22 0 23 0 24 0 25 0 26 G -1 0 -1 0 -1 0 -1 0 -1 0 -1 0 0 0 0 0 0 0 0 0 0 0 0 1 0 1 0 1 0 1 0 1 -1 0 -1 0 -1 0 -1 0 -1 0 -1 0 -1 0 -1 0 -1 0 -1 0
27 0 1 1 2 2 3 3 4 4 5 5 6 0 7 7 8 8 9 9 10 10 11 0 12 12 13 13 14 14 15 0 16 16 17 17 18 18 19 0 20 20 21 21 22 22 23 0 24 24 25 25 26 G -1 0 -1 0 -1 0 -1 0 -1 0 -1 0 -1 0 -1 0 -1 0 -1 0 -1 0 0 0 0 0 0 0 0 0 0 1 0 1 0 1 0 1 0 2 0 2 0 2 0 2 -1 0 -1 0 -1 0
27 0 1 1 2 2 3 3 4 4 5 5 6 0 7 7 8 8 9 9 10 10 11 0 12 12 13 13 14 14 15 0 16 16 17 17 18 18 19 0 20 20 21 21 22 22 23 0 24 24 25 0 26 G -1 0 -1 0 -1 0 -1 0 -1 0 -1 0 -1 0 -1 0 -1 0 -1 0 -1 0 0 0 0 0 0 0 0 0 0 1 0 1 0 1 0 1 0 2 0 2 0 2 0 2 -1 0 -1 0 -1 0
27 0 1 1 2 2 3 3 4 4 5 5 6 0 7 7 8 8 9 9 10 10 11 0 12 12 13 13 14 14 15 0 16 16 17 17 18 18 19 0 20 20 21 21 22 22 23 0 24 0 25 0 26 G -1 0 -1 0 -1 0 -1 0 -1 0 -1 0 -1 0 -1 0 -1 0 -1 0 -1 0 0 0 0 0 0 0 0 0 0 1 0 1 0 1 0 1 0 2 0 2 0 2 0 2 -1 0 -1 0 -1 0
27 0 1 1 2 2 3 3 4 4 5 5 6 0 7 7 8 8 9 9 10 10 11 0 12 12 13 13 14 14 15 0 16 16 17 17 18 18 19 0 20 20 21 21 22 0 23 23 24 24 25 0 26 G -1 0 -1 0 -1 0 -1 0 -1 0 -1 0 -1 0 -1 0 -1 0 -1 0 -1 0 1 0 1 0 1 0 1 0 1 1 1 1 1 1 1 1 0 0 0 0 0 0 0 1 0 1 0 1 -1 0
27 0 1 1 2 2 3 3 4 4 5 5 6 0 7 7 8 8 9 9 10 10 11 0 12 12 13 13 14 14 15 0 16 16 17 17 18 18 19 0 20 20 21 21 22 0 23 23 24 0 25 25 26 G -1 0 -1 0 -1 0 -1 0 -1 0 -1 0 -1 0 -1 0 -1 0 -1 0 -1 0 1 0 1 0 1 0 1 0 1 1 1 1 1 1 1 1 -1 0 -1 0 -1 0 0 0 0 0 0 1 0 1
27 0 1 1 2 2 3 3 4 4 5 5 6 0 7 7 8 8 9 9 10 10 11 0 12 12 13 13 14 14 15 0 16 16 17 17 18 18 19 0 20 20 21 21 22 0 23 23 24 0 25 0 26 G -1 0 -1 0 -1 0 -1 0 -1 0 -1 0 -1 0 -1 0 -1 0 -1 0 -1 0 0 0 0 0 0 0 0 0 0 1 0 1 0 1 0 1 -1 0 -1 0 -1 0 -1 0 -1 0 -1 0 -1 0
27 0 1 1 2 2 3 3 4 4 5 5 6 0 7 7 8 8 9 9 10 10 11 0 12 12 13 13 14 14 15 0 16 16 17 17 18 18 19 0 20 20 21 21 22 0 23 0 24 0 25 0 26 G -1 0 -1 0 -1 0 -1 0 -1 0 -1 0 -1 0 -1 0 -1 0 -1 0 -1 0 0 0 0 0 0 0 0 0 0 1 0 1 0 1 0 1 -1 0 -1 0 -1 0 -1 0 -1 0 -1 0 -1 0
27 0 1 1 2 2 3 3 4 4 5 5 6 0 7 7 8 8 9 9 10 10 11 0 12 12 13 13 14 14 15 0 16 16 17 17 18 18 19 0 20 20 21 0 22 22 23 0 24 24 25 0 26 G -1 0 -1 0 -1 0 -1 0 -1 0 -1 0 -1 0 -1 0 -1 0 -1 0 -1 0 1 0 1 0 1 0 1 0 1 1 1 1 1 1 1 1 0 0 0 0 0 1 0 1 0 2 0 2 -1 0
27 0 1 1 2 2 3 3 4 4 5 5 6 0 7 7 8 8 9 9 10 10 11 0 12 12 13 13 14 14 15 0 16 16 17 17 18 18 19 0 20 20 21 0 22 22 23 0 24 0 25 0 26 G -1 0 -1 0 -1 0 -1 0 -1 0 -1 0 -1 0 -1 0 -1 0 -1 0 -1 0 1 0 1 0 1 0 1 0 1 1 1 1 1 1 1 1 0 0 0 0 0 1 0 1 -1 0 -1 0 -1 0
27 0 1 1 2 2 3 3 4 4 5 5 6 0 7 7 8 8 9 9 10 10 11 0 12 12 13 13 14 14 15 0 16 16 17 17 18 18 19 0 20 20 21 0 22 0 23 0 24 0 25 0 26 G -1 0 -1 0 -1 0 -1 0 -1 0 -1 0 -1 0 -1 0 -1 0 -1 0 -1 0 0 0 0 0 0 0 0 0 0 1 0 1 0 1 0 1 -1 0 -1 0 -1 0 -1 0 -1 0 -1 0 -1 0
27 0 1 1 2 2 3 3 4 4 5 5 6 0 7 7 8 8 9 9 10 10 11 0 12 12 13 13 14 14 15 0 16 16 17 17 18 18 19 0 20 0 21 0 22 0 23 0 24 0 25 0 26 G -1 0 -1 0 -1 0 -1 0 -1 0 -1 0 -1 0 -1 0 -1 0 -1 0 -1 0 0 0 0 0 0 0 0 0 0 1 0 1 0 1 0 1 -1 0 -1 0 -1 0 -1 0 -1 0 -1 0 -1 0
27 0 1 1 2 2 3 3 4 4 5 5 6 0 7 7 8 8 9 9 10 10 11 0 12 12 13 13 14 14 15 0 16 16 17 17 18 0 19 19 20 20 21 0 22 22 23 23 24 0 25 25 26 G -1 0 -1 0 -1 0 -1 0 -1 0 -1 0 -1 0 -1 0 -1 0 -1 0 -1 0 -1 0 -1 0 -1 0 -1 0 0 0 0 0 0 0 0 1 0 1 0 1 0 2 0 2 0 2 -1 0 -1 0
27 0 1 1 2 2 3 3 4 4 5 5 6 0 7 7 8 8 9 9 10 10 11 0 12 12 13 13 14 14 15 0 16 16 17 17 18 0 19 19 20 20 21 0 22 22 23 23 24 0 25 0 26 G -1 0 -1 0 -1 0 -1 0 -1 0 -1 0 -1 0 -1 0 -1 0 -1 0 -1 0 -1 0 -1 0 -1 0 -1 0 0 0 0 0 0 0 0 1 0 1 0 1 0 2 0 2 0 2 -1 0 -1 0
27 0 1 1 2 2 3 3 4 4 5 5 6 0 7 7 8 8 9 9 10 10 11 0 12 12 13 13 14 14 15 0 16 16 17 17 18 0 19 19 20 20 21 0 22 22 23 0 24 24 25 0 26 G -1 0 -1 0 -1 0 -1 0 -1 0 -1 0 -1 0 -1 0 -1 0 -1 0 -1 0 -1 0 -1 0 -1 0 -1 0 1 0 1 0 1 0 1 1 1 1 1 1 0 0 0 0 0 1 0 1 -1 0
27 0 1 1 2 2 3 3 4 4 5 5 6 0 7 7 8 8 9 9 10 10 11 0 12 12 13 13 14 14 15 0 16 16 17 17 18 0 19 19 20 20 21 0 22 22 23 0 24 0 25 0 26 G -1 0 -1 0 -1 0 -1 0 -1 0 -1 0 -1 0 -1 0 -1 0 -1 0 -1 0 -1 0 -1 0 -1 0 -1 0 0 0 0 0 0 0 0 1 0 1 0 1 -1 0 -1 0 -1 0 -1 0 -1 0
27 0 1 1 2 2 3 3 4 4 5 5 6 0 7 7 8 8 9 9 10 10 11 0 12 12 13 13 14 14 15 0 16 16 17 17 18 0 19 19 20 20 21 0 22 0 23 0 24 0 25 0 26 G -1 0 -1 0 -1 0 -1 0 -1 0 -1 0 -1 0 -1 0 -1 0 -1 0 -1 0 -1 0 -1 0 -1 0 -1 0 0 0 0 0 0 0 0 1 0 1 0 1 -1 0 -1 0 -1 0 -1 0 -1 0
27 0 1 1 2 2 3 3 4 4 5 5 6 0 7 7 8 8 9 9 10 10 11 0 12 12 13 13 14 14 15 0 16 16 17 17 18 0 19 19 20 0 21 21 22 0 23 23 24 0 25 25 26 G -1 0 -1 0 -1 0 -1 0 -1 0 -1 0 -1 0 -1 0 -1 0 -1 0 -1 0 -1 0 -1 0 -1 0 -1 0 -1 0 -1 0 -1 0 0 0 0 0 0 1 0 1 0 2 0 2 0 3 0 3
27 0 1 1 2 2 3 3 4 4 5 5 6 0 7 7 8 8 9 9 10 10 11 0 12 12 13 13 14 14 15 0 16 16 17 17 18 0 19 19 20 0 21 21 22 0 23 23 24 0 25 0 26 G -1 0 -1 0 -1 0 -1 0 -1 0 -1 0 -1 0 -1 0 -1 0 -1 0 -1 0 -1 0 -1 0 -1 0 -1 0 -1 0 -1 0 -1 0 0 0 0 0 0 1 0 1 0 2 0 2 -1 0 -1 0
27 0 1 1 2 2 3 3 4 4 5 5 6 0 7 7 8 8 9 9 10 10 11 0 12 12 13 13 14 14 15 0 16 16 17 17 18 0 19 19 20 0 21 21 22 0 23 0 24 0 25 0 26 G -1 0 -1 0 -1 0 -1 0 -1 0 -1 0 -1 0 -1 0 -1 0 -1 0 -1 0 -1 0 -1 0 -1 0 -1 0 -1 0 -1 0 -1 0 0 0 0 0 0 1 0 1 -1 0 -1 0 -1 0 -1 0
27 0 1 1 2 2 3 3 4 4 5 5 6 0 7 7 8 8 9 9 10 10 11 0 12 12 13 13 14 14 15 0 16 16 17 17 18 0 19 19 20 0 21 0 22 0 23 0 24 0 25 0 26 G -1 0 -1 0 -1 0 -1 0 -1 0 -1 0 -1 0 -1 0 -1 0 -1 0 -1 0 -1 0 -1 0 -1 0 -1 0 -1 0 -1 0 -1 0 -1 0 -1 0 -1 0 -1 0 -1 0 -1 0 -1 0 -1 0
27 0 1 1 2 2 3 3 4 4 5 5 6 0 7 7 8 8 9 9 10 10 11 0 12 12 13 13 14 14 15 0 16 16 17 17 18 0 19 0 20 0 21 0 22 0 23 0 24 0 25 0 26 G -1 0 -1 0 -1 0 -1 0 -1 0 -1 0 -1 0 -1 0 -1 0 -1 0 -1 0 -1 0 -1 0 -1 0 -1 0 -1 0 -1 0 -1 0 -1 0 -1 0 -1 0 -1 0 -1 0 -1 0 -1 0 -1 0
27 0 1 1 2 2 3 3 4 4 5 5 6 0 7 7 8 8 9 9 10 10 11 0 12 12 13 13 14 14 15 0 16 16 17 0 18 18 19 0 20 20 21 0 22 22 23 0 24 24 25 0 26 G -1 0 -1 0 -1 0 -1 0 -1 0 -1 0 -1 0 -1 0 -1 0 -1 0 -1 0 -1 0 -1 0 -1 0 -1 0 0 0 0 0 0 1 0 1 0 2 0 2 0 3 0 3 0 4 0 4 -1 0
27 0 1 1 2 2 3 3 4 4 5 5 6 0 7 7 8 8 9 9 10 10 11 0 12 12 13 13 14 14 15 0 16 16 17 0 18 18 19 0 20 20 21 0 22 22 23 0 24 0 25 0 26 G -1 0 -1 0 -1 0 -1 0 -1 0 -1 0 -1 0 -1 0 -1 0 -1 0 -1 0 -1 0 -1 0 -1 0 -1 0 0 0 0 0 0 1 0 1 0 2 0 2 0 3 0 3 -1 0 -1 0 -1 0
27 0 1 1 2 2 3 3 4 4 5 5 6 0 7 7 8 8 9 9 10 10 11 0 12 12 13 13 14 14 15 0 16 16 17 0 18 18 19 0 20 20 21 0 22 0 23 0 24 0 25 0 26 G -1 0 -1 0 -1 0 -1 0 -1 0 -1 0 -1 0 -1 0 -1 0 -1 0 -1 0 -1 0 -1 0 -1 0 -1 0 0 0 0 0 0 1 0 1 0 2 0 2 -1 0 -1 0 -1 0 -1 0 -1 0
27 0 1 1 2 2 3 3 4 4 5 5 6 0 7 7 8 8 9 9 10 10 11 0 12 12 13 13 14 14 15 0 16 16 17 0 18 18 19 0 20 0 21 0 22 0 23 0 24 0 25 0 26 G -1 0 -1 0 -1 0 -1 0 -1 0 -1 0 -1 0 -1 0 -1 0 -1 0 -1 0 -1 0 -1 0 -1 0 -1 0 0 0 0 0 0 1 0 1 -1 0 -1 0 -1 0 -1 0 -1 0 -1 0 -1 0
27 0 1 1 2 2 3 3 4 4 5 5 6 0 7 7 8 8 9 9 10 10 11 0 12 12 13 13 14 14 15 0 16 16 17 0 18 0 19 0 20 0 21 0 22 0 23 0 24 0 25 0 26 G -1 0 -1 0 -1 0 -1 0 -1 0 -1 0 -1 0 -1 0 -1 0 -1 0 -1 0 -1 0 -1 0 -1 0 -1 0 -1 0 -1 0 -1 0 -1 0 -1 0 -1 0 -1 0 -1 0 -1 0 -1 0 -1 0
27 0 1 1 2 2 3 3 4 4 5 5 6 0 7 7 8 8 9 9 10 10 11 0 12 12 13 13 14 14 15 0 16 0 17 0 18 0 19 0 20 0 21 0 22 0 23 0 24 0 25 0 26 G -1 0 -1 0 -1 0 -1 0 -1 0 -1 0 -1 0 -1 0 -1 0 -1 0 -1 0 -1 0 -1 0 -1 0 -1 0 -1 0 -1 0 -1 0 -1 0 -1 0 -1 0 -1 0 -1 0 -1 0 -1 0 -1 0
27 0 1 1 2 2 3 3 4 4 5 5 6 0 7 7 8 8 9 9 10 10 11 0 12 12 13 13 14 0 15 15 16 16 17 0 18 18 19 19 20 0 21 21 22 22 23 0 24 24 25 25 26 G -1 0 -1 0 -1 0 -1 0 -1 0 -1 0 -1 0 -1 0 -1 0 -1 0 -1 0 0 0 0 0 0 0 0 1 0 1 0 1 0 2 0 2 0 2 0 3 0 3 0 3 0 4 0 4 0 4
27 0 1 1 2 2 3 3 4 4 5 5 6 0 7 7 8 8 9 9 10 10 11 0 12 12 13 13 14 0 15 15 16 16 17 0 18 18 19 19 20 0 21 21 22 22 23 0 24 24 25 0 26 G -1 0 -1 0 -1 0 -1 0 -1 0 -1 0 -1 0 -1 0 -1 0 -1 0 -1 0 0 0 0 0 0 0 0 1 0 1 0 1 0 2 0 2 0 2 0 3 0 3 0 3 -1 0 -1 0 -1 0
27 0 1 1 2 2 3 3 4 4 5 5 6 0 7 7 8 8 9 9 10 10 11 0 12 12 13 13 14 0 15 15 16 16 17 0 18 18 19 19 20 0 21 21 22 22 23 0 24 0 25 0 26 G -1 0 -1 0 -1 0 -1 0 -1 0 -1 0 -1 0 -1 0 -1 0 -1 0 -1 0 0 0 0 0 0 0 0 1 0 1 0 1 0 2 0 2 0 2 0 3 0 3 0 3 -1 0 -1 0 -1 0
27 0 1 1 2 2 3 3 4 4 5 5 6 0 7 7 8 8 9 9 10 10 11 0 12 12 13 13 14 0 15 15 16 16 17 0 18 18 19 19 20 0 21 21 22 0 23 23 24 0 25 25 26 G -1 0 -1 0 -1 0 -1 0 -1 0 -1 0 -1 0 -1 0 -1 0 -1 0 -1 0 1 0 1 0 1 0 1 1 1 1 1 1 1 2 1 2 1 2 0 0 0 0 0 1 0 1 0 2 0 2
27 0 1 1 2 2 3 3 4 4 5 5 6 0 7 7 8 8 9 9 10 10 11 0 12 12 13 13 14 0 15 15 16 16 17 0 18 18 19 19 20 0 21 21 22 0 23 23 24 0 25 0 26 G -1 0 -1 0 -1 0 -1 0 -1 0 -1 0 -1 0 -1 0 -1 0 -1 0 -1 0 1 0 1 0 1 0 1 1 1 1 1 1 1 2 1 2 1 2 0 0 0 0 0 1 0 1 -1 0 -1 0
27 0 1 1 2 2 3 3 4 4 5 5 6 0 7 7 8 8 9 9 10 10 11 0 12 12 13 13 14 0 15 15 16 16 17 0 18 18 19 19 20 0 21 21 22 0 23 0 24 0 25 0 26 G -1 0 -1 0 -1 0 -1 0 -1 0 -1 0 -1 0 -1 0 -1 0 -1 0 -1 0 0 0 0 0 0 0 0 1 0 1 0 1 0 2 0 2 0 2 -1 0 -1 0 -1 0 -1 0 -1 0 -1 0
27 0 1 1 2 2 3 3 4 4 5 5 6 0 7 7 8 8 9 9 10 10 11 0 12 12 13 13 14 0 15 15 16 16 17 0 18 18 19 19 20 0 21 0 22 0 23 0 24 0 25 0 26 G -1 0 -1 0 -1 0 -1 0 -1 0 -1 0 -1 0 -1 0 -1 0 -1 0 -1 0 0 0 0 0 0 0 0 1 0 1 0 1 0 2 0 2 0 2 -1 0 -1 0 -1 0 -1 0 -1 0 -1 0
27 0 1 1 2 2 3 3 4 4 5 5 6 0 7 7 8 8 9 9 10 10 11 0 12 12 13 13 14 0 15 15 16 16 17 0 18 18 19 0 20 20 21 0 22 22 23 0 24 24 25 0 26 G -1 0 -1 0 -1 0 -1 0 -1 0 -1 0 -1 0 -1 0 -1 0 -1 0 -1 0 1 0 1 0 1 0 1 1 1 1 1 1 0 0 0 0 0 1 0 1 0 2 0 2 0 3 0 3 -1 0
27 0 1 1 2 2 3 3 4 4 5 5 6 0 7 7 8 8 9 9 10 10 11 0 12 12 13 13 14 0 15 15 16 16 17 0 18 18 19 0 20 20 21 0 22 22 23 0 24 0 25 0 26 G -1 0 -1 0 -1 0 -1 0 -1 0 -1 0 -1 0 -1 0 -1 0 -1 0 -1 0 1 0 1 0 1 0 1 1 1 1 1 1 0 0 0 0 0 1 0 1 0 2 0 2 -1 0 -1 0 -1 0
27 0 1 1 2 2 3 3 4 4 5 5 6 0 7 7 8 8 9 9 10 10 11 0 12 12 13 13 14 0 15 15 16 16 17 0 18 18 19 0 20 20 21 0 22 0 23 0 24 0 25 0 26 G -1 0 -1 0 -1 0 -1 0 -1 0 -1 0 -1 0 -1 0 -1 0 -1 0 -1 0 1 0 1 0 1 0 1 1 1 1 1 1 0 0 0 0 0 1 0 1 -1 0 -1 0 -1 0 -1 0 -1 0
27 0 1 1 2 2 3 3 4 4 5 5 6 0 7 7 8 8 9 9 10 10 11 0 12 12 13 13 14 0 15 15 16 16 17 0 18 18 19 0 20 0 21 0 22 0 23 0 24 0 25 0 26 G -1 0 -1 0 -1 0 -1 0 -1 0 -1 0 -1 0 -1 0 -1 0 -1 0 -1 0 0 0 0 0 0 0 0 1 0 1 0 1 -1 0 -1 0 -1 0 -1 0 -1 0 -1 0 -1 0 -1 0 -1 0
27 0 1 1 2 2 3 3 4 4 5 5 6 0 7 7 8 8 9 9 10 10 11 0 12 12 13 13 14 0 15 15 16 16 17 0 18 0 19 0 20 0 21 0 22 0 23 0 24 0 25 0 26 G -1 0 -1 0 -1 0 -1 0 -1 0 -1 0 -1 0 -1 0 -1 0 -1 0 -1 0 0 0 0 0 0 0 0 1 0 1 0 1 -1 0 -1 0 -1 0 -1 0 -1 0 -1 0 -1 0 -1 0 -1 0
27 0 1 1 2 2 3 3 4 4 5 5 6 0 7 7 8 8 9 9 10 10 11 0 12 12 13 13 14 0 15 15 16 0 17 17 18 0 19 19 20 0 21 21 22 0 23 23 24 0 25 25 26 G -1 0 -1 0 -1 0 -1 0 -1 0 -1 0 -1 0 -1 0 -1 0 -1 0 -1 0 -1 0 -1 0 -1 0 0 0 0 0 0 1 0 1 0 2 0 2 0 3 0 3 0 4 0 4 0 5 0 5
27 0 1 1 2 2 3 3 4 4 5 5 6 0 7 7 8 8 9 9 10 10 11 0 12 12 13 13 14 0 15 15 16 0 17 17 18 0 19 19 20 0 21 21 22 0 23 23 24 0 25 0 26 G -1 0 -1 0 -1 0 -1 0 -1 0 -1 0 -1 0 -1 0 -1 0 -1 0 -1 0 -1 0 -1 0 -1 0 0 0 0 0 0 1 0 1 0 2 0 2 0 3 0 3 0 4 0 4 -1 0 -1 0
27 0 1 1 2 2 3 3 4 4 5 5 6 0 7 7 8 8 9 9 10 10 11 0 12 12 13 13 14 0 15 15 16 0 17 17 18 0 19 19 20 0 21 21 22 0 23 0 24 0 25 0 26 G -1 0 -1 0 -1 0 -1 0 -1 0 -1 0 -1 0 -1 0 -1 0 -1 0 -1 0 -1 0 -1 0 -1 0 0 0 0 0 0 1 0 1 0 2 0 2 0 3 0 3 -1 0 -1 0 -1 0 -1 0
27 0 1 1 2 2 3 3 4 4 5 5 6 0 7 7 8 8 9 9 10 10 11 0 12 12 13 13 14 0 15 15 16 0 17 17 18 0 19 19 20 0 21 0 22 0 23 0 24 0 25 0 26 G -1 0 -1 0 -1 0 -1 0 -1 0 -1 0 -1 0 -1 0 -1 0 -1 0 -1 0 -1 0 -1 0 -1 0 0 0 0 0 0 1 0 1 0 2 0 2 -1 0 -1 0 -1 0 -1 0 -1 0 -1 0
27 0 1 1 2 2 3 3 4 4 5 5 6 0 7 7 8 8 9 9 10 10 11 0 12 12 13 13 14 0 15 15 16 0 17 17 18 0 19 0 20 0 21 0 22 0 23 0 24 0 25 0 26 G -1 0 -1 0 -1 0 -1 0 -1 0 -1 0 -1 0 -1 0 -1 0 -1 0 -1 0 -1 0 -1 0 -1 0 0 0 0 0 0 1 0 1 -1 0 -1 0 -1 0 -1 0 -1 0 -1 0 -1 0 -1 0
27 0 1 1 2 2 3 3 4 4 5 5 6 0 7 7 8 8 9 9 10 10 11 0 12 12 13 13 14 0 15 15 16 0 17 0 18 0 19 0 20 0 21 0 22 0 23 0 24 0 25 0 26 G -1 0 -1 0 -1 0 -1 0 -1 0 -1 0 -1 0 -1 0 -1 0 -1 0 -1 0 -1 0 -1 0 -1 0 -1 0 -1 0 -1 0 -1 0 -1 0 -1 0 -1 0 -1 0 -1 0 -1 0 -1 0 -1 0
27 0 1 1 2 2 3 3 4 4 5 5 6 0 7 7 8 8 9 9 10 10 11 0 12 12 13 13 14 0 15 0 16 0 17 0 18 0 19 0 20 0 21 0 22 0 23 0 24 0 25 0 26 G -1 0 -1 0 -1 0 -1 0 -1 0 -1 0 -1 0 -1 0 -1 0 -1 0 -1 0 -1 0 -1 0 -1 0 -1 0 -1 0 -1 0 -1 0 -1 0 -1 0 -1 0 -1 0 -1 0 -1 0 -1 0 -1 0
27 0 1 1 2 2 3 3 4 4 5 5 6 0 7 7 8 8 9 9 10 10 11 0 12 12 13 0 14 14 15 0 16 16 17 0 18 18 19 0 20 20 21 0 22 22 23 0 24 24 25 0 26 G -1 0 -1 0 -1 0 -1 0 -1 0 -1 0 -1 0 -1 0 -1 0 -1 0 -1 0 0 0 0 0 0 1 0 1 0 2 0 2 0 3 0 3 0 4 0 4 0 5 0 5 0 6 0 6 -1 0
27 0 1 1 2 2 3 3 4 4 5 5 6 0 7 7 8 8 9 9 10 10 11 0 12 12 13 0 14 14 15 0 16 16 17 0 18 18 19 0 20 20 21 0 22 22 23 0 24 0 25 0 26 G -1 0 -1 0 -1 0 -1 0 -1 0 -1 0 -1 0 -1 0 -1 0 -1 0 -1 0 0 0 0 0 0 1 0 1 0 2 0 2 0 3 0 3 0 4 0 4 0 5 0 5 -1 0 -1 0 -1 0
27 0 1 1 2 2 3 3 4 4 5 5 6 0 7 7 8 8 9 9 10 10 11 0 12 12 13 0 14 14 15 0 16 16 17 0 18 18 19 0 20 20 21 0 22 0 23 0 24 0 25 0 26 G -1 0 -1 0 -1 0 -1 0 -1 0 -1 0 -1 0 -1 0 -1 0 -1 0 -1 0 0 0 0 0 0 1 0 1 0 2 0 2 0 3 0 3 0 4 0 4 -1 0 -1 0 -1 0 -1 0 -1 0
27 0 1 1 2 2 3 3 4 4 5 5 6 0 7 7 8 8 9 9 10 10 11 0 12 12 13 0 14 14 15 0 16 16 17 0 18 18 19 0 20 0 21 0 22 0 23 0 24 0 25 0 26 G -1 0 -1 0 -1 0 -1 0 -1 0 -1 0 -1 0 -1 0 -1 0 -1 0 -1 0 0 0 0 0 0 1 0 1 0 2 0 2 0 3 0 3 -1 0 -1 0 -1 0 -1 0 -1 0 -1 0 -1 0
27 0 1 1 2 2 3 3 4 4 5 5 6 0 7 7 8 8 9 9 10 10 11 0 12 12 13 0 14 14 15 0 16 16 17 0 18 0 19 0 20 0 21 0 22 0 23 0 24 0 25 0 26 G -1 0 -1 0 -1 0 -1 0 -1 0 -1 0 -1 0 -1 0 -1 0 -1 0 -1 0 0 0 0 0 0 1 0 1 0 2 0 2 -1 0 -1 0 -1 0 -1 0 -1 0 -1 0 -1 0 -1 0 -1 0
27 0 1 1 2 2 3 3 4 4 5 5 6 0 7 7 8 8 9 9 10 10 11 0 12 12 13 0 14 14 15 0 16 0 17 0 18 0 19 0 20 0 21 0 22 0 23 0 24 0 25 0 26 G -1 0 -1 0 -1 0 -1 0 -1 0 -1 0 -1 0 -1 0 -1 0 -1 0 -1 0 0 0 0 0 0 1 0 1 -1 0 -1 0 -1 0 -1 0 -1 0 -1 0 -1 0 -1 0 -1 0 -1 0 -1 0
27 0 1 1 2 2 3 3 4 4 5 5 6 0 7 7 8 8 9 9 10 10 11 0 12 12 13 0 14 0 15 0 16 0 17 0 18 0 19 0 20 0 21 0 22 0 23 0 24 0 25 0 26 G -1 0 -1 0 -1 0 -1 0 -1 0 -1 0 -1 0 -1 0 -1 0 -1 0 -1 0 -1 0 -1 0 -1 0 -1 0 -1 0 -1 0 -1 0 -1 0 -1 0 -1 0 -1 0 -1 0 -1 0 -1 0 -1 0
27 0 1 1 2 2 3 3 4 4 5 5 6 0 7 7 8 8 9 9 10 10 11 0 12 0 13 0 14 0 15 0 16 0 17 0 18 0 19 0 20 0 21 0 22 0 23 0 24 0 25 0 26 G -1 0 -1 0 -1 0 -1 0 -1 0 -1 0 -1 0 -1 0 -1 0 -1 0 -1 0 -1 0 -1 0 -1 0 -1 0 -1 0 -1 0 -1 0 -1 0 -1 0 -1 0 -1 0 -1 0 -1 0 -1 0 -1 0
27 0 1 1 2 2 3 3 4 4 5 5 6 0 7 7 8 8 9 9 10 0 11 11 12 12 13 13 14 0 15 15 16 16 17 17 18 0 19 19 20 20 21 21 22 0 23 23 24 24 25 25 26 G -1 0 -1 0 -1 0 -1 0 -1 0 -1 0 0 0 0 0 0 0 0 0 0 1 0 1 0 1 0 1 0 2 0 2 0 2 0 2 0 3 0 3 0 3 0 3 0 4 0 4 0 4 0 4
27 0 1 1 2 2 3 3 4 4 5 5 6 0 7 7 8 8 9 9 10 0 11 11 12 12 13 13 14 0 15 15 16 16 17 17 18 0 19 19 20 20 21 21 22 0 23 23 24 24 25 0 26 G -1 0 -1 0 -1 0 -1 0 -1 0 -1 0 0 0 0 0 0 0 0 0 0 1 0 1 0 1 0 1 0 2 0 2 0 2 0 2 0 3 0 3 0 3 0 3 -1 0 -1 0 -1 0 -1 0
27 0 1 1 2 2 3 3 4 4 5 5 6 0 7 7 8 8 9 9 10 0 11 11 12 12 13 13 14 0 15 15 16 16 17 17 18 0 19 19 20 20 21 21 22 0 23 23 24 0 25 25 26 G -1 0 -1 0 -1 0 -1 0 -1 0 -1 0 1 0 1 0 1 0 1 0 1 1 1 1 1 1 1 1 1 2 1 2 1 2 1 2 1 3 1 3 1 3 1 3 0 0 0 0 0 1 0 1
27 0 1 1 2 2 3 3 4 4 5 5 6 0 7 7 8 8 9 9 10 0 11 11 12 12 13 13 14 0 15 15 16 16 17 17 18 0 19 19 20 20 21 21 22 0 23 23 24 0 25 0 26 G -1 0 -1 0 -1 0 -1 0 -1 0 -1 0 0 0 0 0 0 0 0 0 0 1 0 1 0 1 0 1 0 2 0 2 0 2 0 2 0 3 0 3 0 3 0 3 -1 0 -1 0 -1 0 -1 0
27 0 1 1 2 2 3 3 4 4 5 5 6 0 7 7 8 8 9 9 10 0 11 11 12 12 13 13 14 0 15 15 16 16 17 17 18 0 19 19 20 20 21 21 22 0 23 0 24 0 25 0 26 G -1 0 -1 0 -1 0 -1 0 -1 0 -1 0 0 0 0 0 0 0 0 0 0 1 0 1 0 1 0 1 0 2 0 2 0 2 0 2 0 3 0 3 0 3 0 3 -1 0 -1 0 -1 0 -1 0
27 0 1 1 2 2 3 3 4 4 5 5 6 0 7 7 8 8 9 9 10 0 11 11 12 12 13 13 14 0 15 15 16 16 17 17 18 0 19 19 20 20 21 0 22 22 23 23 24 0 25 25 26 G -1 0 -1 0 -1 0 -1 0 -1 0 -1 0 1 0 1 0 1 0 1 0 1 1 1 1 1 1 1 1 1 2 1 2 1 2 1 2 0 0 0 0 0 0 0 1 0 1 0 1 -1 0 -1 0
27 0 1 1 2 2 3 3 4 4 5 5 6 0 7 7 8 8 9 9 10 0 11 11 12 12 13 13 14 0 15 15 16 16 17 17 18 0 19 19 20 20 21 0 22 22 23 23 24 0 25 0 26 G -1 0 -1 0 -1 0 -1 0 -1 0 -1 0 1 0 1 0 1 0 1 0 1 1 1 1 1 1 1 1 1 2 1 2 1 2 1 2 0 0 0 0 0 0 0 1 0 1 0 1 -1 0 -1 0
27 0 1 1 2 2 3 3 4 4 5 5 6 0 7 7 8 8 9 9 10 0 11 11 12 12 13 13 14 0 15 15 16 16 17 17 18 0 19 19 20 20 21 0 22 22 23 0 24 24 25 0 26 G -1 0 -1 0 -1 0 -1 0 -1 0 -1 0 1 0 1 0 1 0 1 0 1 1 1 1 1 1 1 1 1 2 1 2 1 2 1 2 -1 0 -1 0 -1 0 0 0 0 0 0 1 0 1 -1 0
27 0 1 1 2 2 3 3 4 4 5 5 6 0 7 7 8 8 9 9 10 0 11 11 12 12 13 13 14 0 15 15 16 16 17 17 18 0 19 19 20 20 21 0 22 22 23 0 24 0 25 0 26 G -1 0 -1 0 -1 0 -1 0 -1 0 -1 0 0 0 0 0 0 0 0 0 0 1 0 1 0 1 0 1 0 2 0 2 0 2 0 2 -1 0 -1 0 -1 0 -1 0 -1 0 -1 0 -1 0 -1 0
27 0 1 1 2 2 3 3 4 4 5 5 6 0 7 7 8 8 9 9 10 0 11 11 12 12 13 13 14 0 15 15 16 16 17 17 18 0 19 19 20 20 21 0 22 0 23 0 24 0 25 0 26 G -1 0 -1 0 -1 0 -1 0 -1 0 -1 0 0 0 0 0 0 0 0 0 0 1 0 1 0 1 0 1 0 2 0 2 0 2 0 2 -1 0 -1 0 -1 0 -1 0 -1 0 -1 0 -1 0 -1 0
27 0 1 1 2 2 3 3 4 4 5 5 6 0 7 7 8 8 9 9 10 0 11 11 12 12 13 13 14 0 15 15 16 16 17 17 18 0 19 19 20 0 21 21 22 0 23 23 24 0 25 25 26 G -1 0 -1 0 -1 0 -1 0 -1 0 -1 0 1 0 1 0 1 0 1 0 1 1 1 1 1 1 1 1 1 2 1 2 1 2 1 2 0 0 0 0 0 1 0 1 0 2 0 2 0 3 0 3
27 0 1 1 2 2 3 3 4 4 5 5 6 0 7 7 8 8 9 9 10 0 11 11 12 12 13 13 14 0 15 15 16 16 17 17 18 0 19 19 20 0 21 21 22 0 23 23 24 0 25 0 26 G -1 0 -1 0 -1 0 -1 0 -1 0 -1 0 1 0 1 0 1 0 1 0 1 1 1 1 1 1 1 1 1 2 1 2 1 2 1 2 0 0 0 0 0 1 0 1 0 2 0 2 -1 0 -1 0
27 0 1 1 2 2 3 3 4 4 5 5 6 0 7 7 8 8 9 9 10 0 11 11 12 12 13 13 14 0 15 15 16 16 17 17 18 0 19 19 20 0 21 21 22 0 23 0 24 0 25 0 26 G -1 0 -1 0 -1 0 -1 0 -1 0 -1 0 1 0 1 0 1 0 1 0 1 1 1 1 1 1 1 1 1 2 1 2 1 2 1 2 0 0 0 0 0 1 0 1 -1 0 -1 0 -1 0 -1 0
27 0 1 1 2 2 3 3 4 4 5 5 6 0 7 7 8 8 9 9 10 0 11 11 12 12 13 13 14 0 15 15 16 16 17 17 18 0 19 19 20 0 21 0 22 0 23 0 24 0 25 0 26 G -1 0 -1 0 -1 0 -1 0 -1 0 -1 0 0 0 0 0 0 0 0 0 0 1 0 1 0 1 0 1 0 2 0 2 0 2 0 2 -1 0 -1 0 -1 0 -1 0 -1 0 -1 0 -1 0 -1 0
27 0 1 1 2 2 3 3 4 4 5 5 6 0 7 7 8 8 9 9 10 0 11 11 12 12 13 13 14 0 15 15 16 16 17 17 18 0 19 0 20 0 21 0 22 0 23 0 24 0 25 0 26 G -1 0 -1 0 -1 0 -1 0 -1 0 -1 0 0 0 0 0 0 0 0 0 0 1 0 1 0 1 0 1 0 2 0 2 0 2 0 2 -1 0 -1 0 -1 0 -1 0 -1 0 -1 0 -1 0 -1 0
27 0 1 1 2 2 3 3 4 4 5 5 6 0 7 7 8 8 9 9 10 0 11 11 12 12 13 13 14 0 15 15 16 16 17 0 18 18 19 19 20 0 21 21 22 22 23 0 24 24 25 25 26 G -1 0 -1 0 -1 0 -1 0 -1 0 -1 0 1 0 1 0 1 0 1 0 1 1 1 1 1 1 1 1 0 0 0 0 0 0 0 1 0 1 0 1 0 2 0 2 0 2 0 3 0 3 0 3
27 0 1 1 2 2 3 3 4 4 5 5 6 0 7 7 8 8 9 9 10 0 11 11 12 12 13 13 14 0 15 15 16 16 17 0 18 18 19 19 20 0 21 21 22 22 23 0 24 24 25 0 26 G -1 0 -1 0 -1 0 -1 0 -1 0 -1 0 1 0 1 0 1 0 1 0 1 1 1 1 1 1 1 1 0 0 0 0 0 0 0 1 0 1 0 1 0 2 0 2 0 2 -1 0 -1 0 -1 0
27 0 1 1 2 2 3 3 4 4 5 5 6 0 7 7 8 8 9 9 10 0 11 11 12 12 13 13 14 0 15 15 16 16 17 0 18 18 19 19 20 0 21 21 22 22 23 0 24 0 25 0 26 G -1 0 -1 0 -1 0 -1 0 -1 0 -1 0 1 0 1 0 1 0 1 0 1 1 1 1 1 1 1 1 0 0 0 0 0 0 0 1 0 1 0 1 0 2 0 2 0 2 -1 0 -1 0 -1 0
27 0 1 1 2 2 3 3 4 4 5 5 6 0 7 7 8 8 9 9 10 0 11 11 12 12 13 13 14 0 15 15 16 16 17 0 18 18 19 19 20 0 21 21 22 0 23 23 24 0 25 25 26 G -1 0 -1 0 -1 0 -1 0 -1 0 -1 0 2 0 2 0 2 0 2 0 2 1 2 1 2 1 2 1 1 0 1 0 1 0 1 1 1 1 1 1 0 0 0 0 0 1 0 1 0 2 0 2
27 0 1 1 2 2 3 3 4 4 5 5 6 0 7 7 8 8 9 9 10 0 11 11 12 12 13 13 14 0 15 15 16 16 17 0 18 18 19 19 20 0 21 21 22 0 23 23 24 0 25 0 26 G -1 0 -1 0 -1 0 -1 0 -1 0 -1 0 2 0 2 0 2 0 2 0 2 1 2 1 2 1 2 1 1 0 1 0 1 0 1 1 1 1 1 1 0 0 0 0 0 1 0 1 -1 0 -1 0
27 0 1 1 2 2 3 3 4 4 5 5 6 0 7 7 8 8 9 9 10 0 11 11 12 12 13 13 14 0 15 15 16 16 17 0 18 18 19 19 20 0 21 21 22 0 23 0 24 0 25 0 26 G -1 0 -1 0 -1 0 -1 0 -1 0 -1 0 1 0 1 0 1 0 1 0 1 1 1 1 1 1 1 1 0 0 0 0 0 0 0 1 0 1 0 1 -1 0 -1 0 -1 0 -1 0 -1 0 -1 0
27 0 1 1 2 2 3 3 4 4 5 5 6 0 7 7 8 8 9 9 10 0 11 11 12 12 13 13 14 0 15 15 16 16 17 0 18 18 19 19 20 0 21 0 22 0 23 0 24 0 25 0 26 G -1 0 -1 0 -1 0 -1 0 -1 0 -1 0 1 0 1 0 1 0 1 0 1 1 1 1 1 1 1 1 0 0 0 0 0 0 0 1 0 1 0 1 -1 0 -1 0 -1 0 -1 0 -1 0 -1 0
27 0 1 1 2 2 3 3 4 4 5 5 6 0 7 7 8 8 9 9 10 0 11 11 12 12 13 13 14 0 15 15 16 16 17 0 18 18 19 0 20 20 21 0 22 22 23 0 24 24 25 0 26 G -1 0 -1 0 -1 0 -1 0 -1 0 -1 0 1 0 1 0 1 0 1 0 1 1 1 1 1 1 1 1 -1 0 -1 0 -1 0 0 0 0 0 0 1 0 1 0 2 0 2 0 3 0 3 -1 0
27 0 1 1 2 2 3 3 4 4 5 5 6 0 7 7 8 8 9 9 10 0 11 11 12 12 13 13 14 0 15 15 16 16 17 0 18 18 19 0 20 20 21 0 22 22 23 0 24 0 25 0 26 G -1 0 -1 0 -1 0 -1 0 -1 0 -1 0 1 0 1 0 1 0 1 0 1 1 1 1 1 1 1 1 -1 0 -1 0 -1 0 0 0 0 0 0 1 0 1 0 2 0 2 -1 0 -1 0 -1 0
27 0 1 1 2 2 3 3 4 4 5 5 6 0 7 7 8 8 9 9 10 0 11 11 12 12 13 13 14 0 15 15 16 16 17 0 18 18 19 0 20 20 21 0 22 0 23 0 24 0 25 0 26 G -1 0 -1 0 -1 0 -1 0 -1 0 -1 0 1 0 1 0 1 0 1 0 1 1 1 1 1 1 1 1 -1 0 -1 0 -1 0 0 0 0 0 0 1 0 1 -1 0 -1 0 -1 0 -1 0 -1 0
27 0 1 1 2 2 3 3 4 4 5 5 6 0 7 7 8 8 9 9 10 0 11 11 12 12 13 13 14 0 15 15 16 16 17 0 18 18 19 0 20 0 21 0 22 0 23 0 24 0 25 0 26 G -1 0 -1 0 -1 0 -1 0 -1 0 -1 0 0 0 0 0 0 0 0 0 0 1 0 1 0 1 0 1 -1 0 -1 0 -1 0 -1 0 -1 0 -1 0 -1 0 -1 0 -1 0 -1 0 -1 0 -1 0
27 0 1 1 2 2 3 3 4 4 5 5 6 0 7 7 8 8 9 9 10 0 11 11 12 12 13 13 14 0 15 15 16 16 17 0 18 0 19 0 20 0 21 0 22 0 23 0 24 0 25 0 26 G -1 0 -1 0 -1 0 -1 0 -1 0 -1 0 0 0 0 0 0 0 0 0 0 1 0 1 0 1 0 1 -1 0 -1 0 -1 0 -1 0 -1 0 -1 0 -1 0 -1 0 -1 0 -1 0 -1 0 -1 0
27 0 1 1 2 2 3 3 4 4 5 5 6 0 7 7 8 8 9 9 10 0 11 11 12 12 13 13 14 0 15 15 16 0 17 17 18 0 19 19 20 0 21 21 22 0 23 23 24 0 25 25 26 G -1 0 -1 0 -1 0 -1 0 -1 0 -1 0 1 0 1 0 1 0 1 0 1 1 1 1 1 1 1 1 0 0 0 0 0 1 0 1 0 2 0 2 0 3 0 3 0 4 0 4 0 5 0 5
27 0 1 1 2 2 3 3 4 4 5 5 6 0 7 7 8 8 9 9 10 0 11 11 12 12 13 13 14 0 15 15 16 0 17 17 18 0 19 19 20 0 21 21 22 0 23 23 24 0 25 0 26 G -1 0 -1 0 -1 0 -1 0 -1 0 -1 0 1 0 1 0 1 0 1 0 1 1 1 1 1 1 1 1 0 0 0 0 0 1 0 1 0 2 0 2 0 3 0 3 0 4 0 4 -1 0 -1 0
27 0 1 1 2 2 3 3 4 4 5 5 6 0 7 7 8 8 9 9 10 0 11 11 12 12 13 13 14 0 15 15 16 0 17 17 18 0 19 19 20 0 21 21 22 0 23 0 24 0 25 0 26 G -1 0 -1 0 -1 0 -1 0 -1 0 -1 0 1 0 1 0 1 0 1 0 1 1 1 1 1 1 1 1 0 0 0 0 0 1 0 1 0 2 0 2 0 3 0 3 -1 0 -1 0 -1 0 -1 0
27 0 1 1 2 2 3 3 4 4 5 5 6 0 7 7 8 8 9 9 10 0 11 11 12 12 13 13 14 0 15 15 16 0 17 17 18 0 19 19 20 0 21 0 22 0 23 0 24 0 25 0 26 G -1 0 -1 0 -1 0 -1 0 -1 0 -1 0 1 0 1 0 1 0 1 0 1 1 1 1 1 1 1 1 0 0 0 0 0 1 0 1 0 2 0 2 -1 0 -1 0 -1 0 -1 0 -1 0 -1 0
27 0 1 1 2 2 3 3 4 4 5 5 6 0 7 7 8 8 9 9 10 0 11 11 12 12 13 13 14 0 15 15 16 0 17 17 18 0 19 0 20 0 21 0 22 0 23 0 24 0 25 0 26 G -1 0 -1 0 -1 0 -1 0 -1 0 -1 0 1 0 1 0 1 0 1 0 1 1 1 1 1 1 1 1 0 0 0 0 0 1 0 1 -1 0 -1 0 -1 0 -1 0 -1 0 -1 0 -1 0 -1 0
27 0 1 1 2 2 3 3 4 4 5 5 6 0 7 7 8 8 9 9 10 0 11 11 12 12 13 13 14 0 15 15 16 0 17 0 18 0 19 0 20 0 21 0 22 0 23 0 24 0 25 0 26 G -1 0 -1 0 -1 0 -1 0 -1 0 -1 0 0 0 0 0 0 0 0 0 0 1 0 1 0 1 0 1 -1 0 -1 0 -1 0 -1 0 -1 0 -1 0 -1 0 -1 0 -1 0 -1 0 -1 0 -1 0
27 0 1 1 2 2 3 3 4 4 5 5 6 0 7 7 8 8 9 9 10 0 11 11 12 12 13 13 14 0 15 0 16 0 17 0 18 0 19 0 20 0 21 0 22 0 23 0 24 0 25 0 26 G -1 0 -1 0 -1 0 -1 0 -1 0 -1 0 0 0 0 0 0 0 0 0 0 1 0 1 0 1 0 1 -1 0 -1 0 -1 0 -1 0 -1 0 -1 0 -1 0 -1 0 -1 0 -1 0 -1 0 -1 0
27 0 1 1 2 2 3 3 4 4 5 5 6 0 7 7 8 8 9 9 10 0 11 11 12 12 13 0 14 14 15 15 16 0 17 17 18 18 19 0 20 20 21 21 22 0 23 23 24 24 25 0 26 G -1 0 -1 0 -1 0 -1 0 -1 0 -1 0 -1 0 -1 0 -1 0 -1 0 0 0 0 0 0 0 0 1 0 1 0 1 0 2 0 2 0 2 0 3 0 3 0 3 0 4 0 4 0 4 -1 0
27 0 1 1 2 2 3 3 4 4 5 5 6 0 7 7 8 8 9 9 10 0 11 11 12 12 13 0 14 14 15 15 16 0 17 17 18 18 19 0 20 20 21 21 22 0 23 23 24 0 25 25 26 G -1 0 -1 0 -1 0 -1 0 -1 0 -1 0 -1 0 -1 0 -1 0 -1 0 1 0 1 0 1 0 1 1 1 1 1 1 1 2 1 2 1 2 1 3 1 3 1 3 0 0 0 0 0 1 0 1
27 0 1 1 2 2 3 3 4 4 5 5 6 0 7 7 8 8 9 9 10 0 11 11 12 12 13 0 14 14 15 15 16 0 17 17 18 18 19 0 20 20 21 21 22 0 23 23 24 0 25 0 26 G -1 0 -1 0 -1 0 -1 0 -1 0 -1 0 -1 0 -1 0 -1 0 -1 0 0 0 0 0 0 0 0 1 0 1 0 1 0 2 0 2 0 2 0 3 0 3 0 3 -1 0 -1 0 -1 0 -1 0
27 0 1 1 2 2 3 3 4 4 5 5 6 0 7 7 8 8 9 9 10 0 11 11 12 12 13 0 14 14 15 15 16 0 17 17 18 18 19 0 20 20 21 21 22 0 23 0 24 0 25 0 26 G -1 0 -1 0 -1 0 -1 0 -1 0 -1 0 -1 0 -1 0 -1 0 -1 0 0 0 0 0 0 0 0 1 0 1 0 1 0 2 0 2 0 2 0 3 0 3 0 3 -1 0 -1 0 -1 0 -1 0
27 0 1 1 2 2 3 3 4 4 5 5 6 0 7 7 8 8 9 9 10 0 11 11 12 12 13 0 14 14 15 15 16 0 17 17 18 18 19 0 20 20 21 0 22 22 23 0 24 24 25 0 26 G -1 0 -1 0 -1 0 -1 0 -1 0 -1 0 -1 0 -1 0 -1 0 -1 0 1 0 1 0 1 0 1 1 1 1 1 1 1 2 1 2 1 2 0 0 0 0 0 1 0 1 0 2 0 2 -1 0
27 0 1 1 2 2 3 3 4 4 5 5 6 0 7 7 8 8 9 9 10 0 11 11 12 12 13 0 14 14 15 15 16 0 17 17 18 18 19 0 20 20 21 0 22 22 23 0 24 0 25 0 26 G -1 0 -1 0 -1 0 -1 0 -1 0 -1 0 -1 0 -1 0 -1 0 -1 0 1 0 1 0 1 0 1 1 1 1 1 1 1 2 1 2 1 2 0 0 0 0 0 1 0 1 -1 0 -1 0 -1 0
27 0 1 1 2 2 3 3 4 4 5 5 6 0 7 7 8 8 9 9 10 0 11 11 12 12 13 0 14 14 15 15 16 0 17 17 18 18 19 0 20 20 21 0 22 0 23 0 24 0 25 0 26 G -1 0 -1 0 -1 0 -1 0 -1 0 -1 0 -1 0 -1 0 -1 0 -1 0 0 0 0 0 0 0 0 1 0 1 0 1 0 2 0 2 0 2 -1 0 -1 0 -1 0 -1 0 -1 0 -1 0 -1 0
27 0 1 1 2 2 3 3 4 4 5 5 6 0 7 7 8 8 9 9 10 0 11 11 12 12 13 0 14 14 15 15 16 0 17 17 18 18 19 0 20 0 21 0 22 0 23 0 24 0 25 0 26 G -1 0 -1 0 -1 0 -1 0 -1 0 -1 0 -1 0 -1 0 -1 0 -1 0 0 0 0 0 0 0 0 1 0 1 0 1 0 2 0 2 0 2 -1 0 -1 0 -1 0 -1 0 -1 0 -1 0 -1 0
27 0 1 1 2 2 3 3 4 4 5 5 6 0 7 7 8 8 9 9 10 0 11 11 12 12 13 0 14 14 15 15 16 0 17 17 18 0 19 19 20 0 21 21 22 0 23 23 24 0 25 25 26 G -1 0 -1 0 -1 0 -1 0 -1 0 -1 0 -1 0 -1 0 -1 0 -1 0 1 0 1 0 1 0 1 1 1 1 1 1 0 0 0 0 0 1 0 1 0 2 0 2 0 3 0 3 0 4 0 4
27 0 1 1 2 2 3 3 4 4 5 5 6 0 7 7 8 8 9 9 10 0 11 11 12 12 13 0 14 14 15 15 16 0 17 17 18 0 19 19 20 0 21 21 22 0 23 23 24 0 25 0 26 G -1 0 -1 0 -1 0 -1 0 -1 0 -1 0 -1 0 -1 0 -1 0 -1 0 1 0 1 0 1 0 1 1 1 1 1 1 0 0 0 0 0 1 0 1 0 2 0 2 0 3 0 3 -1 0 -1 0
27 0 1 1 2 2 3 3 4 4 5 5 6 0 7 7 8 8 9 9 10 0 11 11 12 12 13 0 14 14 15 15 16 0 17 17 18 0 19 19 20 0 21 21 22 0 23 0 24 0 25 0 26 G -1 0 -1 0 -1 0 -1 0 -1 0 -1 0 -1 0 -1 0 -1 0 -1 0 1 0 1 0 1 0 1 1 1 1 1 1 0 0 0 0 0 1 0 1 0 2 0 2 -1 0 -1 0 -1 0 -1 0
27 0 1 1 2 2 3 3 4 4 5 5 6 0 7 7 8 8 9 9 10 0 11 11 12 12 13 0 14 14 15 15 16 0 17 17 18 0 19 19 20 0 21 0 22 0 23 0 24 0 25 0 26 G -1 0 -1 0 -1 0 -1 0 -1 0 -1 0 -1 0 -1 0 -1 0 -1 0 1 0 1 0 1 0 1 1 1 1 1 1 0 0 0 0 0 1 0 1 -1 0 -1 0 -1 0 -1 0 -1 0 -1 0
27 0 1 1 2 2 3 3 4 4 5 5 6 0 7 7 8 8 9 9 10 0 11 11 12 12 13 0 14 14 15 15 16 0 17 17 18 0 19 0 20 0 21 0 22 0 23 0 24 0 25 0 26 G -1 0 -1 0 -1 0 -1 0 -1 0 -1 0 -1 0 -1 0 -1 0 -1 0 0 0 0 0 0 0 0 1 0 1 0 1 -1 0 -1 0 -1 0 -1 0 -1 0 -1 0 -1 0 -1 0 -1 0 -1 0
27 0 1 1 2 2 3 3 4 4 5 5 6 0 7 7 8 8 9 9 10 0 11 11 12 12 13 0 14 14 15 15 16 0 17 0 18 0 19 0 20 0 21 0 22 0 23 0 24 0 25 0 26 G -1 0 -1 0 -1 0 -1 0 -1 0 -1 0 -1 0 -1 0 -1 0 -1 0 0 0 0 0 0 0 0 1 0 1 0 1 -1 0 -1 0 -1 0 -1 0 -1 0 -1 0 -1 0 -1 0 -1 0 -1 0
27 0 1 1 2 2 3 3 4 4 5 5 6 0 7 7 8 8 9 9 10 0 11 11 12 12 13 0 14 14 15 0 16 16 17 0 18 18 19 0 20 20 21 0 22 22 23 0 24 24 25 0 26 G -1 0 -1 0 -1 0 -1 0 -1 0 -1 0 -1 0 -1 0 -1 0 -1 0 -1 0 -1 0 -1 0 0 0 0 0 0 1 0 1 0 2 0 2 0 3 0 3 0 4 0 4 0 5 0 5 -1 0
27 0 1 1 2 2 3 3 4 4 5 5 6 0 7 7 8 8 9 9 10 0 11 11 12 12 13 0 14 14 15 0 16 16 17 0 18 18 19 0 20 20 21 0 22 22 23 0 24 0 25 0 26 G -1 0 -1 0 -1 0 -1 0 -1 0 -1 0 -1 0 -1 0 -1 0 -1 0 -1 0 -1 0 -1 0 0 0 0 0 0 1 0 1 0 2 0 2 0 3 0 3 0 4 0 4 -1 0 -1 0 -1 0
27 0 1 1 2 2 3 3 4 4 5 5 6 0 7 7 8 8 9 9 10 0 11 11 12 12 13 0 14 14 15 0 16 16 17 0 18 18 19 0 20 20 21 0 22 0 23 0 24 0 25 0 26 G -1 0 -1 0 -1 0 -1 0 -1 0 -1 0 -1 0 -1 0 -1 0 -1 0 -1 0 -1 0 -1 0 0 0 0 0 0 1 0 1 0 2 0 2 0 3 0 3 -1 0 -1 0 -1 0 -1 0 -1 0
27 0 1 1 2 2 3 3 4 4 5 5 6 0 7 7 8 8 9 9 10 0 11 11 12 12 13 0 14 14 15 0 16 16 17 0 18 18 19 0 20 0 21 0 22 0 23 0 24 0 25 0 26 G -1 0 -1 0 -1 0 -1 0 -1 0 -1 0 -1 0 -1 0 -1 0 -1 0 -1 0 -1 0 -1 0 0 0 0 0 0 1 0 1 0 2 0 2 -1 0 -1 0 -1 0 -1 0 -1 0 -1 0 -1 0
27 0 1 1 2 2 3 3 4 4 5 5 6 0 7 7 8 8 9 9 10 0 11 11 12 12 13 0 14 14 15 0 16 16 17 0 18 0 19 0 20 0 21 0 22 0 23 0 24 0 25 0 26 G -1 0 -1 0 -1 0 -1 0 -1 0 -1 0 -1 0 -1 0 -1 0 -1 0 -1 0 -1 0 -1 0 0 0 0 0 0 1 0 1 -1 0 -1 0 -1 0 -1 0 -1 0 -1 0 -1 0 -1 0 -1 0
27 0 1 1 2 2 3 3 4 4 5 5 6 0 7 7 8 8 9 9 10 0 11 11 12 12 13 0 14 14 15 0 16 0 17 0 18 0 19 0 20 0 21 0 22 0 23 0 24 0 25 0 26 G -1 0 -1 0 -1 0 -1 0 -1 0 -1 0 -1 0 -1 0 -1 0 -1 0 -1 0 -1 0 -1 0 -1 0 -1 0 -1 0 -1 0 -1 0 -1 0 -1 0 -1 0 -1 0 -1 0 -1 0 -1 0 -1 0
27 0 1 1 2 2 3 3 4 4 5 5 6 0 7 7 8 8 9 9 10 0 11 11 12 12 13 0 14 0 15 0 16 0 17 0 18 0 19 0 20 0 21 0 22 0 23 0 24 0 25 0 26 G -1 0 -1 0 -1 0 -1 0 -1 0 -1 0 -1 0 -1 0 -1 0 -1 0 -1 0 -1 0 -1 0 -1 0 -1 0 -1 0 -1 0 -1 0 -1 0 -1 0 -1 0 -1 0 -1 0 -1 0 -1 0 -1 0
27 0 1 1 2 2 3 3 4 4 5 5 6 0 7 7 8 8 9 9 10 0 11 11 12 0 13 13 14 0 15 15 16 0 17 17 18 0 19 19 20 0 21 21 22 0 23 23 24 0 25 25 26 G -1 0 -1 0 -1 0 -1 0 -1 0 -1 0 -1 0 -1 0 -1 0 -1 0 0 0 0 0 0 1 0 1 0 2 0 2 0 3 0 3 0 4 0 4 0 5 0 5 0 6 0 6 0 7 0 7
27 0 1 1 2 2 3 3 4 4 5 5 6 0 7 7 8 8 9 9 10 0 11 11 12 0 13 13 14 0 15 15 16 0 17 17 18 0 19 19 20 0 21 21 22 0 23 23 24 0 25 0 26 G -1 0 -1 0 -1 0 -1 0 -1 0 -1 0 -1 0 -1 0 -1 0 -1 0 0 0 0 0 0 1 0 1 0 2 0 2 0 3 0 3 0 4 0 4 0 5 0 5 0 6 0 6 -1 0 -1 0
27 0 1 1 2 2 3 3 4 4 5 5 6 0 7 7 8 8 9 9 10 0 11 11 12 0 13 13 14 0 15 15 16 0 17 17 18 0 19 19 20 0 21 21 22 0 23 0 24 0 25 0 26 G -1 0 -1 0 -1 0 -1 0 -1 0 -1 0 -1 0 -1 0 -1 0 -1 0 0 0 0 0 0 1 0 1 0 2 0 2 0 3 0 3 0 4 0 4 0 5 0 5 -1 0 -1 0 -1 0 -1 0
27 0 1 1 2 2 3 3 4 4 5 5 6 0 7 7 8 8 9 9 10 0 11 11 12 0 13 13 14 0 15 15 16 0 17 17 18 0 19 19 20 0 21 0 22 0 23 0 24 0 25 0 26 G -1 0 -1 0 -1 0 -1 0 -1 0 -1 0 -1 0 -1 0 -1 0 -1 0 0 0 0 0 0 1 0 1 0 2 0 2 0 3 0 3 0 4 0 4 -1 0 -1 0 -1 0 -1 0 -1 0 -1 0
27 0 1 1 2 2 3 3 4 4 5 5 6 0 7 7 8 8 9 9 10 0 11 11 12 0 13 13 14 0 15 15 16 0 17 17 18 0 19 0 20 0 21 0 22 0 23 0 24 0 25 0 26 G -1 0 -1 0 -1 0 -1 0 -1 0 -1 0 -1 0 -1 0 -1 0 -1 0 0 0 0 0 0 1 0 1 0 2 0 2 0 3 0 3 -1 0 -1 0 -1 0 -1 0 -1 0 -1 0 -1 0 -1 0
27 0 1 1 2 2 3 3 4 4 5 5 6 0 7 7 8 8 9 9 10 0 11 11 12 0 13 13 14 0 15 15 16 0 17 0 18 0 19 0 20 0 21 0 22 0 23 0 24 0 25 0 26 G -1 0 -1 0 -1 0 -1 0 -1 0 -1 0 -1 0 -1 0 -1 0 -1 0 0 0 0 0 0 1 0 1 0 2 0 2 -1 0 -1 0 -1 0 -1 0 -1 0 -1 0 -1 0 -1 0 -1 0 -1 0
27 0 1 1 2 2 3 3 4 4 5 5 6 0 7 7 8 8 9 9 10 0 11 11 12 0 13 13 14 0 15 0 16 0 17 0 18 0 19 0 20 0 21 0 22 0 23 0 24 0 25 0 26 G -1 0 -1 0 -1 0 -1 0 -1 0 -1 0 -1 0 -1 0 -1 0 -1 0 0 0 0 0 0 1 0 1 -1 0 -1 0 -1 0 -1 0 -1 0 -1 0 -1 0 -1 0 -1 0 -1 0 -1 0 -1 0
27 0 1 1 2 2 3 3 4 4 5 5 6 0 7 7 8 8 9 9 10 0 11 11 12 0 13 0 14 0 15 0 16 0 17 0 18 0 19 0 20 0 21 0 22 0 23 0 24 0 25 0 26 G -1 0 -1 0 -1 0 -1 0 -1 0 -1 0 -1 0 -1 0 -1 0 -1 0 -1 0 -1 0 -1 0 -1 0 -1 0 -1 0 -1 0 -1 0 -1 0 -1 0 -1 0 -1 0 -1 0 -1 0 -1 0 -1 0
27 0 1 1 2 2 3 3 4 4 5 5 6 0 7 7 8 8 9 9 10 0 11 0 12 0 13 0 14 0 15 0 16 0 17 0 18 0 19 0 20 0 21 0 22 0 23 0 24 0 25 0 26 G -1 0 -1 0 -1 0 -1 0 -1 0 -1 0 -1 0 -1 0 -1 0 -1 0 -1 0 -1 0 -1 0 -1 0 -1 0 -1 0 -1 0 -1 0 -1 0 -1 0 -1 0 -1 0 -1 0 -1 0 -1 0 -1 0
27 0 1 1 2 2 3 3 4 4 5 5 6 0 7 7 8 8 9 0 10 10 11 11 12 0 13 13 14 14 15 0 16 16 17 17 18 0 19 19 20 20 21 0 22 22 23 23 24 0 25 25 26 G -1 0 -1 0 -1 0 -1 0 -1 0 -1 0 0 0 0 0 0 0 0 1 0 1 0 1 0 2 0 2 0 2 0 3 0 3 0 3 0 4 0 4 0 4 0 5 0 5 0 5 -1 0 -1 0
27 0 1 1 2 2 3 3 4 4 5 5 6 0 7 7 8 8 9 0 10 10 11 11 12 0 13 13 14 14 15 0 16 16 17 17 18 0 19 19 20 20 21 0 22 22 23 23 24 0 25 0 26 G -1 0 -1 0 -1 0 -1 0 -1 0 -1 0 0 0 0 0 0 0 0 1 0 1 0 1 0 2 0 2 0 2 0 3 0 3 0 3 0 4 0 4 0 4 0 5 0 5 0 5 -1 0 -1 0
27 0 1 1 2 2 3 3 4 4 5 5 6 0 7 7 8 8 9 0 10 10 11 11 12 0 13 13 14 14 15 0 16 16 17 17 18 0 19 19 20 20 21 0 22 22 23 0 24 24 25 0 26 G -1 0 -1 0 -1 0 -1 0 -1 0 -1 0 1 0 1 0 1 0 1 1 1 1 1 1 1 2 1 2 1 2 1 3 1 3 1 3 1 4 1 4 1 4 0 0 0 0 0 1 0 1 -1 0
27 0 1 1 2 2 3 3 4 4 5 5 6 0 7 7 8 8 9 0 10 10 11 11 12 0 13 13 14 14 15 0 16 16 17 17 18 0 19 19 20 20 21 0 22 22 23 0 24 0 25 0 26 G -1 0 -1 0 -1 0 -1 0 -1 0 -1 0 0 0 0 0 0 0 0 1 0 1 0 1 0 2 0 2 0 2 0 3 0 3 0 3 0 4 0 4 0 4 -1 0 -1 0 -1 0 -1 0 -1 0
27 0 1 1 2 2 3 3 4 4 5 5 6 0 7 7 8 8 9 0 10 10 11 11 12 0 13 13 14 14 15 0 16 16 17 17 18 0 19 19 20 20 21 0 22 0 23 0 24 0 25 0 26 G -1 0 -1 0 -1 0 -1 0 -1 0 -1 0 0 0 0 0 0 0 0 1 0 1 0 1 0 2 0 2 0 2 0 3 0 3 0 3 0 4 0 4 0 4 -1 0 -1 0 -1 0 -1 0 -1 0
27 0 1 1 2 2 3 3 4 4 5 5 6 0 7 7 8 8 9 0 10 10 11 11 12 0 13 13 14 14 15 0 16 16 17 17 18 0 19 19 20 0 21 21 22 0 23 23 24 0 25 25 26 G -1 0 -1 0 -1 0 -1 0 -1 0 -1 0 1 0 1 0 1 0 1 1 1 1 1 1 1 2 1 2 1 2 1 3 1 3 1 3 0 0 0 0 0 1 0 1 0 2 0 2 0 3 0 3
27 0 1 1 2 2 3 3 4 4 5 5 6 0 7 7 8 8 9 0 10 10 11 11 12 0 13 13 14 14 15 0 16 16 17 17 18 0 19 19 20 0 21 21 22 0 23 23 24 0 25 0 26 G -1 0 -1 0 -1 0 -1 0 -1 0 -1 0 1 0 1 0 1 0 1 1 1 1 1 1 1 2 1 2 1 2 1 3 1 3 1 3 0 0 0 0 0 1 0 1 0 2 0 2 -1 0 -1 0
27 0 1 1 2 2 3 3 4 4 5 5 6 0 7 7 8 8 9 0 10 10 11 11 12 0 13 13 14 14 15 0 16 16 17 17 18 0 19 19 20 0 21 21 22 0 23 0 24 0 25 0 26 G -1 0 -1 0 -1 0 -1 0 -1 0 -1 0 1 0 1 0 1 0 1 1 1 1 1 1 1 2 1 2 1 2 1 3 1 3 1 3 0 0 0 0 0 1 0 1 -1 0 -1 0 -1 0 -1 0
27 0 1 1 2 2 3 3 4 4 5 5 6 0 7 7 8 8 9 0 10 10 11 11 12 0 13 13 14 14 15 0 16 16 17 17 18 0 19 19 20 0 21 0 22 0 23 0 24 0 25 0 26 G -1 0 -1 0 -1 0 -1 0 -1 0 -1 0 0 0 0 0 0 0 0 1 0 1 0 1 0 2 0 2 0 2 0 3 0 3 0 3 -1 0 -1 0 -1 0 -1 0 -1 0 -1 0 -1 0 -1 0
27 0 1 1 2 2 3 3 4 4 5 5 6 0 7 7 8 8 9 0 10 10 11 11 12 0 13 13 14 14 15 0 16 16 17 17 18 0 19 0 20 0 21 0 22 0 23 0 24 0 25 0 26 G -1 0 -1 0 -1 0 -1 0 -1 0 -1 0 0 0 0 0 0 0 0 1 0 1 0 1 0 2 0 2 0 2 0 3 0 3 0 3 -1 0 -1 0 -1 0 -1 0 -1 0 -1 0 -1 0 -1 0
27 0 1 1 2 2 3 3 4 4 5 5 6 0 7 7 8 8 9 0 10 10 11 11 12 0 13 13 14 14 15 0 16 16 17 0 18 18 19 0 20 20 21 0 22 22 23 0 24 24 25 0 26 G -1 0 -1 0 -1 0 -1 0 -1 0 -1 0 1 0 1 0 1 0 1 1 1 1 1 1 1 2 1 2 1 2 0 0 0 0 0 1 0 1 0 2 0 2 0 3 0 3 0 4 0 4 -1 0
27 0 1 1 2 2 3 3 4 4 5 5 6 0 7 7 8 8 9 0 10 10 11 11 12 0 13 13 14 14 15 0 16 16 17 0 18 18 19 0 20 20 21 0 22 22 23 0 24 0 25 0 26 G -1 0 -1 0 -1 0 -1 0 -1 0 -1 0 1 0 1 0 1 0 1 1 1 1 1 1 1 2 1 2 1 2 0 0 0 0 0 1 0 1 0 2 0 2 0 3 0 3 -1 0 -1 0 -1 0
27 0 1 1 2 2 3 3 4 4 5 5 6 0 7 7 8 8 9 0 10 10 11 11 12 0 13 13 14 14 15 0 16 16 17 0 18 18 19 0 20 20 21 0 22 0 23 0 24 0 25 0 26 G -1 0 -1 0 -1 0 -1 0 -1 0 -1 0 1 0 1 0 1 0 1 1 1 1 1 1 1 2 1 2 1 2 0 0 0 0 0 1 0 1 0 2 0 2 -1 0 -1 0 -1 0 -1 0 -1 0
27 0 1 1 2 2 3 3 4 4 5 5 6 0 7 7 8 8 9 0 10 10 11 11 12 0 13 13 14 14 15 0 16 16 17 0 18 18 19 0 20 0 21 0 22 0 23 0 24 0 25 0 26 G -1 0 -1 0 -1 0 -1 0 -1 0 -1 0 1 0 1 0 1 0 1 1 1 1 1 1 1 2 1 2 1 2 0 0 0 0 0 1 0 1 -1 0 -1 0 -1 0 -1 0 -1 0 -1 0 -1 0
27 0 1 1 2 2 3 3 4 4 5 5 6 0 7 7 8 8 9 0 10 10 11 11 12 0 13 13 14 14 15 0 16 16 17 0 18 0 19 0 20 0 21 0 22 0 23 0 24 0 25 0 26 G -1 0 -1 0 -1 0 -1 0 -1 0 -1 0 0 0 0 0 0 0 0 1 0 1 0 1 0 2 0 2 0 2 -1 0 -1 0 -1 0 -1 0 -1 0 -1 0 -1 0 -1 0 -1 0 -1 0 -1 0
27 0 1 1 2 2 3 3 4 4 5 5 6 0 7 7 8 8 9 0 10 10 11 11 12 0 13 13 14 14 15 0 16 0 17 0 18 0 19 0 20 0 21 0 22 0 23 0 24 0 25 0 26 G -1 0 -1 0 -1 0 -1 0 -1 0 -1 0 0 0 0 0 0 0 0 1 0 1 0 1 0 2 0 2 0 2 -1 0 -1 0 -1 0 -1 0 -1 0 -1 0 -1 0 -1 0 -1 0 -1 0 -1 0
27 0 1 1 2 2 3 3 4 4 5 5 6 0 7 7 8 8 9 0 10 10 11 11 12 0 13 13 14 0 15 15 16 0 17 17 18 0 19 19 20 0 21 21 22 0 23 23 24 0 25 25 26 G -1 0 -1 0 -1 0 -1 0 -1 0 -1 0 1 0 1 0 1 0 1 1 1 1 1 1 0 0 0 0 0 1 0 1 0 2 0 2 0 3 0 3 0 4 0 4 0 5 0 5 0 6 0 6
27 0 1 1 2 2 3 3 4 4 5 5 6 0 7 7 8 8 9 0 10 10 11 11 12 0 13 13 14 0 15 15 16 0 17 17 18 0 19 19 20 0 21 21 22 0 23 23 24 0 25 0 26 G -1 0 -1 0 -1 0 -1 0 -1 0 -1 0 1 0 1 0 1 0 1 1 1 1 1 1 0 0 0 0 0 1 0 1 0 2 0 2 0 3 0 3 0 4 0 4 0 5 0 5 -1 0 -1 0
27 0 1 1 2 2 3 3 4 4 5 5 6 0 7 7 8 8 9 0 10 10 11 11 12 0 13 13 14 0 15 15 16 0 17 17 18 0 19 19 20 0 21 21 22 0 23 0 24 0 25 0 26 G -1 0 -1 0 -1 0 -1 0 -1 0 -1 0 1 0 1 0 1 0 1 1 1 1 1 1 0 0 0 0 0 1 0 1 0 2 0 2 0 3 0 3 0 4 0 4 -1 0 -1 0 -1 0 -1 0
27 0 1 1 2 2 3 3 4 4 5 5 6 0 7 7 8 8 9 0 10 10 11 11 12 0 13 13 14 0 15 15 16 0 17 17 18 0 19 19 20 0 21 0 22 0 23 0 24 0 25 0 26 G -1 0 -1 0 -1 0 -1 0 -1 0 -1 0 1 0 1 0 1 0 1 1 1 1 1 1 0 0 0 0 0 1 0 1 0 2 0 2 0 3 0 3 -1 0 -1 0 -1 0 -1 0 -1 0 -1 0
27 0 1 1 2 2 3 3 4 4 5 5 6 0 7 7 8 8 9 0 10 10 11 11 12 0 13 13 14 0 15 15 16 0 17 17 18 0 19 0 20 0 21 0 22 0 23 0 24 0 25 0 26 G -1 0 -1 0 -1 0 -1 0 -1 0 -1 0 1 0 1 0 1 0 1 1 1 1 1 1 0 0 0 0 0 1 0 1 0 2 0 2 -1 0 -1 0 -1 0 -1 0 -1 0 -1 0 -1 0 -1 0
27 0 1 1 2 2 3 3 4 4 5 5 6 0 7 7 8 8 9 0 10 10 11 11 12 0 13 13 14 0 15 15 16 0 17 0 18 0 19 0 20 0 21 0 22 0 23 0 24 0 25 0 26 G -1 0 -1 0 -1 0 -1 0 -1 0 -1 0 1 0 1 0 1 0 1 1 1 1 1 1 0 0 0 0 0 1 0 1 -1 0 -1 0 -1 0 -1 0 -1 0 -1 0 -1 0 -1 0 -1 0 -1 0
27 0 1 1 2 2 3 3 4 4 5 5 6 0 7 7 8 8 9 0 10 10 11 11 12 0 13 13 14 0 15 0 16 0 17 0 18 0 19 0 20 0 21 0 22 0 23 0 24 0 25 0 26 G -1 0 -1 0 -1 0 -1 0 -1 0 -1 0 0 0 0 0 0 0 0 1 0 1 0 1 -1 0 -1 0 -1 0 -1 0 -1 0 -1 0 -1 0 -1 0 -1 0 -1 0 -1 0 -1 0 -1 0 -1 0
27 0 1 1 2 2 3 3 4 4 5 5 6 0 7 7 8 8 9 0 10 10 11 11 12 0 13 0 14 0 15 0 16 0 17 0 18 0 19 0 20 0 21 0 22 0 23 0 24 0 25 0 26 G -1 0 -1 0 -1 0 -1 0 -1 0 -1 0 0 0 0 0 0 0 0 1 0 1 0 1 -1 0 -1 0 -1 0 -1 0 -1 0 -1 0 -1 0 -1 0 -1 0 -1 0 -1 0 -1 0 -1 0 -1 0
27 0 1 1 2 2 3 3 4 4 5 5 6 0 7 7 8 8 9 0 10 10 11 0 12 12 13 0 14 14 15 0 16 16 17 0 18 18 19 0 20 20 21 0 22 22 23 0 24 24 25 0 26 G -1 0 -1 0 -1 0 -1 0 -1 0 -1 0 -1 0 -1 0 -1 0 0 0 0 0 0 1 0 1 0 2 0 2 0 3 0 3 0 4 0 4 0 5 0 5 0 6 0 6 0 7 0 7 -1 0
27 0 1 1 2 2 3 3 4 4 5 5 6 0 7 7 8 8 9 0 10 10 11 0 12 12 13 0 14 14 15 0 16 16 17 0 18 18 19 0 20 20 21 0 22 22 23 0 24 0 25 0 26 G -1 0 -1 0 -1 0 -1 0 -1 0 -1 0 -1 0 -1 0 -1 0 0 0 0 0 0 1 0 1 0 2 0 2 0 3 0 3 0 4 0 4 0 5 0 5 0 6 0 6 -1 0 -1 0 -1 0
27 0 1 1 2 2 3 3 4 4 5 5 6 0 7 7 8 8 9 0 10 10 11 0 12 12 13 0 14 14 15 0 16 16 17 0 18 18 19 0 20 20 21 0 22 0 23 0 24 0 25 0 26 G -1 0 -1 0 -1 0 -1 0 -1 0 -1 0 -1 0 -1 0 -1 0 0 0 0 0 0 1 0 1 0 2 0 2 0 3 0 3 0 4 0 4 0 5 0 5 -1 0 -1 0 -1 0 -1 0 -1 0
27 0 1 1 2 2 3 3 4 4 5 5 6 0 7 7 8 8 9 0 10 10 11 0 12 12 13 0 14 14 15 0 16 16 17 0 18 18 19 0 20 0 21 0 22 0 23 0 24 0 25 0 26 G -1 0 -1 0 -1 0 -1 0 -1 0 -1 0 -1 0 -1 0 -1 0 0 0 0 0 0 1 0 1 0 2 0 2 0 3 0 3 0 4 0 4 -1 0 -1 0 -1 0 -1 0 -1 0 -1 0 -1 0
27 0 1 1 2 2 3 3 4 4 5 5 6 0 7 7 8 8 9 0 10 10 11 0 12 12 13 0 14 14 15 0 16 16 17 0 18 0 19 0 20 0 21 0 22 0 23 0 24 0 25 0 26 G -1 0 -1 0 -1 0 -1 0 -1 0 -1 0 -1 0 -1 0 -1 0 0 0 0 0 0 1 0 1 0 2 0 2 0 3 0 3 -1 0 -1 0 -1 0 -1 0 -1 0 -1 0 -1 0 -1 0 -1 0
27 0 1 1 2 2 3 3 4 4 5 5 6 0 7 7 8 8 9 0 10 10 11 0 12 12 13 0 14 14 15 0 16 0 17 0 18 0 19 0 20 0 21 0 22 0 23 0 24 0 25 0 26 G -1 0 -1 0 -1 0 -1 0 -1 0 -1 0 -1 0 -1 0 -1 0 0 0 0 0 0 1 0 1 0 2 0 2 -1 0 -1 0 -1 0 -1 0 -1 0 -1 0 -1 0 -1 0 -1 0 -1 0 -1 0
27 0 1 1 2 2 3 3 4 4 5 5 6 0 7 7 8 8 9 0 10 10 11 0 12 12 13 0 14 0 15 0 16 0 17 0 18 0 19 0 20 0 21 0 22 0 23 0 24 0 25 0 26 G -1 0 -1 0 -1 0 -1 0 -1 0 -1 0 -1 0 -1 0 -1 0 0 0 0 0 0 1 0 1 -1 0 -1 0 -1 0 -1 0 -1 0 -1 0 -1 0 -1 0 -1 0 -1 0 -1 0 -1 0 -1 0
27 0 1 1 2 2 3 3 4 4 5 5 6 0 7 7 8 8 9 0 10 10 11 0 12 0 13 0 14 0 15 0 16 0 17 0 18 0 19 0 20 0 21 0 22 0 23 0 24 0 25 0 26 G -1 0 -1 0 -1 0 -1 0 -1 0 -1 0 -1 0 -1 0 -1 0 -1 0 -1 0 -1 0 -1 0 -1 0 -1 0 -1 0 -1 0 -1 0 -1 0 -1 0 -1 0 -1 0 -1 0 -1 0 -1 0 -1 0
27 0 1 1 2 2 3 3 4 4 5 5 6 0 7 7 8 8 9 0 10 0 11 0 12 0 13 0 14 0 15 0 16 0 17 0 18 0 19 0 20 0 21 0 22 0 23 0 24 0 25 0 26 G -1 0 -1 0 -1 0 -1 0 -1 0 -1 0 -1 0 -1 0 -1 0 -1 0 -1 0 -1 0 -1 0 -1 0 -1 0 -1 0 -1 0 -1 0 -1 0 -1 0 -1 0 -1 0 -1 0 -1 0 -1 0 -1 0
27 0 1 1 2 2 3 3 4 4 5 5 6 0 7 7 8 0 9 9 10 0 11 11 12 0 13 13 14 0 15 15 16 0 17 17 18 0 19 19 20 0 21 21 22 0 23 23 24 0 25 25 26 G -1 0 -1 0 -1 0 -1 0 -1 0 -1 0 0 0 0 0 0 1 0 1 0 2 0 2 0 3 0 3 0 4 0 4 0 5 0 5 0 6 0 6 0 7 0 7 0 8 0 8 0 9 0 9
27 0 1 1 2 2 3 3 4 4 5 5 6 0 7 7 8 0 9 9 10 0 11 11 12 0 13 13 14 0 15 15 16 0 17 17 18 0 19 19 20 0 21 21 22 0 23 23 24 0 25 0 26 G -1 0 -1 0 -1 0 -1 0 -1 0 -1 0 0 0 0 0 0 1 0 1 0 2 0 2 0 3 0 3 0 4 0 4 0 5 0 5 0 6 0 6 0 7 0 7 0 8 0 8 -1 0 -1 0
27 0 1 1 2 2 3 3 4 4 5 5 6 0 7 7 8 0 9 9 10 0 11 11 12 0 13 13 14 0 15 15 16 0 17 17 18 0 19 19 20 0 21 21 22 0 23 0 24 0 25 0 26 G -1 0 -1 0 -1 0 -1 0 -1 0 -1 0 0 0 0 0 0 1 0 1 0 2 0 2 0 3 0 3 0 4 0 4 0 5 0 5 0 6 0 6 0 7 0 7 -1 0 -1 0 -1 0 -1 0
27 0 1 1 2 2 3 3 4 4 5 5 6 0 7 7 8 0 9 9 10 0 11 11 12 0 13 13 14 0 15 15 16 0 17 17 18 0 19 19 20 0 21 0 22 0 23 0 24 0 25 0 26 G -1 0 -1 0 -1 0 -1 0 -1 0 -1 0 0 0 0 0 0 1 0 1 0 2 0 2 0 3 0 3 0 4 0 4 0 5 0 5 0 6 0 6 -1 0 -1 0 -1 0 -1 0 -1 0 -1 0
27 0 1 1 2 2 3 3 4 4 5 5 6 0 7 7 8 0 9 9 10 0 11 11 12 0 13 13 14 0 15 15 16 0 17 17 18 0 19 0 20 0 21 0 22 0 23 0 24 0 25 0 26 G -1 0 -1 0 -1 0 -1 0 -1 0 -1 0 0 0 0 0 0 1 0 1 0 2 0 2 0 3 0 3 0 4 0 4 0 5 0 5 -1 0 -1 0 -1 0 -1 0 -1 0 -1 0 -1 0 -1 0
27 0 1 1 2 2 3 3 4 4 5 5 6 0 7 7 8 0 9 9 10 0 11 11 12 0 13 13 14 0 15 15 16 0 17 0 18 0 19 0 20 0 21 0 22 0 23 0 24 0 25 0 26 G -1 0 -1 0 -1 0 -1 0 -1 0 -1 0 0 0 0 0 0 1 0 1 0 2 0 2 0 3 0 3 0 4 0 4 -1 0 -1 0 -1 0 -1 0 -1 0 -1 0 -1 0 -1 0 -1 0 -1 0
27 0 1 1 2 2 3 3 4 4 5 5 6 0 7 7 8 0 9 9 10 0 11 11 12 0 13 13 14 0 15 0 16 0 17 0 18 0 19 0 20 0 21 0 22 0 23 0 24 0 25 0 26 G -1 0 -1 0 -1 0 -1 0 -1 0 -1 0 0 0 0 0 0 1 0 1 0 2 0 2 0 3 0 3 -1 0 -1 0 -1 0 -1 0 -1 0 -1 0 -1 0 -1 0 -1 0 -1 0 -1 0 -1 0
27 0 1 1 2 2 3 3 4 4 5 5 6 0 7 7 8 0 9 9 10 0 11 11 12 0 13 0 14 0 15 0 16 0 17 0 18 0 19 0 20 0 21 0 22 0 23 0 24 0 25 0 26 G -1 0 -1 0 -1 0 -1 0 -1 0 -1 0 0 0 0 0 0 1 0 1 0 2 0 2 -1 0 -1 0 -1 0 -1 0 -1 0 -1 0 -1 0 -1 0 -1 0 -1 0 -1 0 -1 0 -1 0 -1 0
27 0 1 1 2 2 3 3 4 4 5 5 6 0 7 7 8 0 9 9 10 0 11 0 12 0 13 0 14 0 15 0 16 0 17 0 18 0 19 0 20 0 21 0 22 0 23 0 24 0 25 0 26 G -1 0 -1 0 -1 0 -1 0 -1 0 -1 0 0 0 0 0 0 1 0 1 -1 0 -1 0 -1 0 -1 0 -1 0 -1 0 -1 0 -1 0 -1 0 -1 0 -1 0 -1 0 -1 0 -1 0 -1 0 -1 0
27 0 1 1 2 2 3 3 4 4 5 5 6 0 7 7 8 0 9 0 10 0 11 0 12 0 13 0 14 0 15 0 16 0 17 0 18 0 19 0 20 0 21 0 22 0 23 0 24 0 25 0 26 G -1 0 -1 0 -1 0 -1 0 -1 0 -1 0 -1 0 -1 0 -1 0 -1 0 -1 0 -1 0 -1 0 -1 0 -1 0 -1 0 -1 0 -1 0 -1 0 -1 0 -1 0 -1 0 -1 0 -1 0 -1 0 -1 0
27 0 1 1 2 2 3 3 4 4 5 5 6 0 7 0 8 0 9 0 10 0 11 0 12 0 13 0 14 0 15 0 16 0 17 0 18 0 19 0 20 0 21 0 22 0 23 0 24 0 25 0 26 G -1 0 -1 0 -1 0 -1 0 -1 0 -1 0 -1 0 -1 0 -1 0 -1 0 -1 0 -1 0 -1 0 -1 0 -1 0 -1 0 -1 0 -1 0 -1 0 -1 0 -1 0 -1 0 -1 0 -1 0 -1 0 -1 0
27 0 1 1 2 2 3 3 4 4 5 0 6 6 7 7 8 8 9 9 10 0 11 11 12 12 13 13 14 14 15 0 16 16 17 17 18 18 19 19 20 0 21 21 22 22 23 23 24 24 25 0 26 G 0 0 0 0 0 0 0 0 0 0 0 1 0 1 0 1 0 1 0 1 0 2 0 2 0 2 0 2 0 2 0 3 0 3 0 3 0 3 0 3 0 4 0 4 0 4 0 4 0 4 -1 0
27 0 1 1 2 2 3 3 4 4 5 0 6 6 7 7 8 8 9 9 10 0 11 11 12 12 13 13 14 14 15 0 16 16 17 17 18 18 19 19 20 0 21 21 22 22 23 23 24 0 25 25 26 G 0 0 0 0 0 0 0 0 0 0 0 1 0 1 0 1 0 1 0 1 0 2 0 2 0 2 0 2 0 2 0 3 0 3 0 3 0 3 0 3 -1 0 -1 0 -1 0 -1 0 -1 0 -1 0
27 0 1 1 2 2 3 3 4 4 5 0 6 6 7 7 8 8 9 9 10 0 11 11 12 12 13 13 14 14 15 0 16 16 17 17 18 18 19 19 20 0 21 21 22 22 23 23 24 0 25 0 26 G 0 0 0 0 0 0 0 0 0 0 0 1 0 1 0 1 0 1 0 1 0 2 0 2 0 2 0 2 0 2 0 3 0 3 0 3 0 3 0 3 -1 0 -1 0 -1 0 -1 0 -1 0 -1 0
27 0 1 1 2 2 3 3 4 4 5 0 6 6 7 7 8 8 9 9 10 0 11 11 12 12 13 13 14 14 15 0 16 16 17 17 18 18 19 19 20 0 21 21 22 22 23 0 24 24 25 25 26 G 1 0 1 0 1 0 1 0 1 0 1 1 1 1 1 1 1 1 1 1 1 2 1 2 1 2 1 2 1 2 1 3 1 3 1 3 1 3 1 3 0 0 0 0 0 0 0 1 0 1 0 1
27 0 1 1 2 2 3 3 4 4 5 0 6 6 7 7 8 8 9 9 10 0 11 11 12 12 13 13 14 14 15 0 16 16 17 17 18 18 19 19 20 0 21 21 22 22 23 0 24 24 25 0 26 G 0 0 0 0 0 0 0 0 0 0 0 1 0 1 0 1 0 1 0 1 0 2 0 2 0 2 0 2 0 2 0 3 0 3 0 3 0 3 0 3 -1 0 -1 0 -1 0 -1 0 -1 0 -1 0
27 0 1 1 2 2 3 3 4 4 5 0 6 6 7 7 8 8 9 9 10 0 11 11 12 12 13 13 14 14 15 0 16 16 17 17 18 18 19 19 20 0 21 21 22 22 23 0 24 0 25 0 26 G 0 0 0 0 0 0 0 0 0 0 0 1 0 1 0 1 0 1 0 1 0 2 0 2 0 2 0 2 0 2 0 3 0 3 0 3 0 3 0 3 -1 0 -1 0 -1 0 -1 0 -1 0 -1 0
27 0 1 1 2 2 3 3 4 4 5 0 6 6 7 7 8 8 9 9 10 0 11 11 12 12 13 13 14 14 15 0 16 16 17 17 18 18 19 19 20 0 21 21 22 0 23 23 24 0 25 25 26 G 1 0 1 0 1 0 1 0 1 0 1 1 1 1 1 1 1 1 1 1 1 2 1 2 1 2 1 2 1 2 1 3 1 3 1 3 1 3 1 3 0 0 0 0 0 1 0 1 0 2 0 2
27 0 1 1 2 2 3 3 4 4 5 0 6 6 7 7 8 8 9 9 10 0 11 11 12 12 13 13 14 14 15 0 16 16 17 17 18 18 19 19 20 0 21 21 22 0 23 23 24 0 25 0 26 G 1 0 1 0 1 0 1 0 1 0 1 1 1 1 1 1 1 1 1 1 1 2 1 2 1 2 1 2 1 2 1 3 1 3 1 3 1 3 1 3 0 0 0 0 0 1 0 1 -1 0 -1 0
27 0 1 1 2 2 3 3 4 4 5 0 6 6 7 7 8 8 9 9 10 0 11 11 12 12 13 13 14 14 15 0 16 16 17 17 18 18 19 19 20 0 21 21 22 0 23 0 24 0 25 0 26 G 0 0 0 0 0 0 0 0 0 0 0 1 0 1 0 1 0 1 0 1 0 2 0 2 0 2 0 2 0 2 0 3 0 3 0 3 0 3 0 3 -1 0 -1 0 -1 0 -1 0 -1 0 -1 0
27 0 1 1 2 2 3 3 4 4 5 0 6 6 7 7 8 8 9 9 10 0 11 11 12 12 13 13 14 14 15 0 16 16 17 17 18 18 19 19 20 0 21 0 22 0 23 0 24 0 25 0 26 G 0 0 0 0 0 0 0 0 0 0 0 1 0 1 0 1 0 1 0 1 0 2 0 2 0 2 0 2 0 2 0 3 0 3 0 3 0 3 0 3 -1 0 -1 0 -1 0 -1 0 -1 0 -1 0
27 0 1 1 2 2 3 3 4 4 5 0 6 6 7 7 8 8 9 9 10 0 11 11 12 12 13 13 14 14 15 0 16 16 17 17 18 18 19 0 20 20 21 21 22 22 23 0 24 24 25 25 26 G 1 0 1 0 1 0 1 0 1 0 1 1 1 1 1 1 1 1 1 1 1 2 1 2 1 2 1 2 1 2 0 0 0 0 0 0 0 0 0 1 0 1 0 1 0 1 -1 0 -1 0 -1 0
27 0 1 1 2 2 3 3 4 4 5 0 6 6 7 7 8 8 9 9 10 0 11 11 12 12 13 13 14 14 15 0 16 16 17 17 18 18 19 0 20 20 21 21 22 22 23 0 24 24 25 0 26 G 1 0 1 0 1 0 1 0 1 0 1 1 1 1 1 1 1 1 1 1 1 2 1 2 1 2 1 2 1 2 0 0 0 0 0 0 0 0 0 1 0 1 0 1 0 1 -1 0 -1 0 -1 0
27 0 1 1 2 2 3 3 4 4 5 0 6 6 7 7 8 8 9 9 10 0 11 11 12 12 13 13 14 14 15 0 16 16 17 17 18 18 19 0 20 20 21 21 22 22 23 0 24 0 25 0 26 G 1 0 1 0 1 0 1 0 1 0 1 1 1 1 1 1 1 1 1 1 1 2 1 2 1 2 1 2 1 2 0 0 0 0 0 0 0 0 0 1 0 1 0 1 0 1 -1 0 -1 0 -1 0
27 0 1 1 2 2 3 3 4 4 5 0 6 6 7 7 8 8 9 9 10 0 11 11 12 12 13 13 14 14 15 0 16 16 17 17 18 18 19 0 20 20 21 21 22 0 23 23 24 24 25 0 26 G 1 0 1 0 1 0 1 0 1 0 1 1 1 1 1 1 1 1 1 1 1 2 1 2 1 2 1 2 1 2 -1 0 -1 0 -1 0 -1 0 0 0 0 0 0 0 0 1 0 1 0 1 -1 0
27 0 1 1 2 2 3 3 4 4 5 0 6 6 7 7 8 8 9 9 10 0 11 11 12 12 13 13 14 14 15 0 16 16 17 17 18 18 19 0 20 20 21 21 22 0 23 23 24 0 25 25 26 G 1 0 1 0 1 0 1 0 1 0 1 1 1 1 1 1 1 1 1 1 1 2 1 2 1 2 1 2 1 2 -1 0 -1 0 -1 0 -1 0 -1 0 -1 0 -1 0 0 0 0 0 0 1 0 1
27 0 1 1 2 2 3 3 4 4 5 0 6 6 7 7 8 8 9 9 10 0 11 11 12 12 13 13 14 14 15 0 16 16 17 17 18 18 19 0 20 20 21 21 22 0 23 23 24 0 25 0 26 G 0 0 0 0 0 0 0 0 0 0 0 1 0 1 0 1 0 1 0 1 0 2 0 2 0 2 0 2 0 2 -1 0 -1 0 -1 0 -1 0 -1 0 -1 0 -1 0 -1 0 -1 0 -1 0 -1 0
27 0 1 1 2 2 3 3 4 4 5 0 6 6 7 7 8 8 9 9 10 0 11 11 12 12 13 13 14 14 15 0 16 16 17 17 18 18 19 0 20 20 21 21 22 0 23 0 24 0 25 0 26 G 0 0 0 0 0 0 0 0 0 0 0 1 0 1 0 1 0 1 0 1 0 2 0 2 0 2 0 2 0 2 -1 0 -1 0 -1 0 -1 0 -1 0 -1 0 -1 0 -1 0 -1 0 -1 0 -1 0
27 0 1 1 2 2 3 3 4 4 5 0 6 6 7 7 8 8 9 9 10 0 11 11 12 12 13 13 14 14 15 0 16 16 17 17 18 18 19 0 20 20 21 0 22 22 23 0 24 24 25 0 26 G 1 0 1 0 1 0 1 0 1 0 1 1 1 1 1 1 1 1 1 1 1 2 1 2 1 2 1 2 1 2 -1 0 -1 0 -1 0 -1 0 0 0 0 0 0 1 0 1 0 2 0 2 -1 0
27 0 1 1 2 2 3 3 4 4 5 0 6 6 7 7 8 8 9 9 10 0 11 11 12 12 13 13 14 14 15 0 16 16 17 17 18 18 19 0 20 20 21 0 22 22 23 0 24 0 25 0 26 G 1 0 1 0 1 0 1 0 1 0 1 1 1 1 1 1 1 1 1 1 1 2 1 2 1 2 1 2 1 2 -1 0 -1 0 -1 0 -1 0 0 0 0 0 0 1 0 1 -1 0 -1 0 -1 0
27 0 1 1 2 2 3 3 4 4 5 0 6 6 7 7 8 8 9 9 10 0 11 11 12 12 13 13 14 14 15 0 16 16 17 17 18 18 19 0 20 20 21 0 22 0 23 0 24 0 25 0 26 G 0 0 0 0 0 0 0 0 0 0 0 1 0 1 0 1 0 1 0 1 0 2 0 2 0 2 0 2 0 2 -1 0 -1 0 -1 0 -1 0 -1 0 -1 0 -1 0 -1 0 -1 0 -1 0 -1 0
27 0 1 1 2 2 3 3 4 4 5 0 6 6 7 7 8 8 9 9 10 0 11 11 12 12 13 13 14 14 15 0 16 16 17 17 18 18 19 0 20 0 21 0 22 0 23 0 24 0 25 0 26 G 0 0 0 0 0 0 0 0 0 0 0 1 0 1 0 1 0 1 0 1 0 2 0 2 0 2 0 2 0 2 -1 0 -1 0 -1 0 -1 0 -1 0 -1 0 -1 0 -1 0 -1 0 -1 0 -1 0
27 0 1 1 2 2 3 3 4 4 5 0 6 6 7 7 8 8 9 9 10 0 11 11 12 12 13 13 14 14 15 0 16 16 17 17 18 0 19 19 20 20 21 0 22 22 23 23 24 0 25 25 26 G 1 0 1 0 1 0 1 0 1 0 1 1 1 1 1 1 1 1 1 1 1 2 1 2 1 2 1 2 1 2 0 0 0 0 0 0 0 1 0 1 0 1 0 2 0 2 0 2 -1 0 -1 0
27 0 1 1 2 2 3 3 4 4 5 0 6 6 7 7 8 8 9 9 10 0 11 11 12 12 13 13 14 14 15 0 16 16 17 17 18 0 19 19 20 20 21 0 22 22 23 23 24 0 25 0 26 G 1 0 1 0 1 0 1 0 1 0 1 1 1 1 1 1 1 1 1 1 1 2 1 2 1 2 1 2 1 2 0 0 0 0 0 0 0 1 0 1 0 1 0 2 0 2 0 2 -1 0 -1 0
27 0 1 1 2 2 3 3 4 4 5 0 6 6 7 7 8 8 9 9 10 0 11 11 12 12 13 13 14 14 15 0 16 16 17 17 18 0 19 19 20 20 21 0 22 22 23 0 24 24 25 0 26 G 2 0 2 0 2 0 2 0 2 0 2 1 2 1 2 1 2 1 2 1 2 2 2 2 2 2 2 2 2 2 1 0 1 0 1 0 1 1 1 1 1 1 0 0 0 0 0 1 0 1 -1 0
27 0 1 1 2 2 3 3 4 4 5 0 6 6 7 7 8 8 9 9 10 0 11 11 12 12 13 13 14 14 15 0 16 16 17 17 18 0 19 19 20 20 21 0 22 22 23 0 24 0 25 0 26 G 1 0 1 0 1 0 1 0 1 0 1 1 1 1 1 1 1 1 1 1 1 2 1 2 1 2 1 2 1 2 0 0 0 0 0 0 0 1 0 1 0 1 -1 0 -1 0 -1 0 -1 0 -1 0
27 0 1 1 2 2 3 3 4 4 5 0 6 6 7 7 8 8 9 9 10 0 11 11 12 12 13 13 14 14 15 0 16 16 17 17 18 0 19 19 20 20 21 0 22 0 23 0 24 0 25 0 26 G 1 0 1 0 1 0 1 0 1 0 1 1 1 1 1 1 1 1 1 1 1 2 1 2 1 2 1 2 1 2 0 0 0 0 0 0 0 1 0 1 0 1 -1 0 -1 0 -1 0 -1 0 -1 0
27 0 1 1 2 2 3 3 4 4 5 0 6 6 7 7 8 8 9 9 10 0 11 11 12 12 13 13 14 14 15 0 16 16 17 17 18 0 19 19 20 0 21 21 22 0 23 23 24 0 25 25 26 G 1 0 1 0 1 0 1 0 1 0 1 1 1 1 1 1 1 1 1 1 1 2 1 2 1 2 1 2 1 2 -1 0 -1 0 -1 0 0 0 0 0 0 1 0 1 0 2 0 2 0 3 0 3
27 0 1 1 2 2 3 3 4 4 5 0 6 6 7 7 8 8 9 9 10 0 11 11 12 12 13 13 14 14 15 0 16 16 17 17 18 0 19 19 20 0 21 21 22 0 23 23 24 0 25 0 26 G 1 0 1 0 1 0 1 0 1 0 1 1 1 1 1 1 1 1 1 1 1 2 1 2 1 2 1 2 1 2 -1 0 -1 0 -1 0 0 0 0 0 0 1 0 1 0 2 0 2 -1 0 -1 0
27 0 1 1 2 2 3 3 4 4 5 0 6 6 7 7 8 8 9 9 10 0 11 11 12 12 13 13 14 14 15 0 16 16 17 17 18 0 19 19 20 0 21 21 22 0 23 0 24 0 25 0 26 G 1 0 1 0 1 0 1 0 1 0 1 1 1 1 1 1 1 1 1 1 1 2 1 2 1 2 1 2 1 2 -1 0 -1 0 -1 0 0 0 0 0 0 1 0 1 -1 0 -1 0 -1 0 -1 0
27 0 1 1 2 2 3 3 4 4 5 0 6 6 7 7 8 8 9 9 10 0 11 11 12 12 13 13 14 14 15 0 16 16 17 17 18 0 19 19 20 0 21 0 22 0 23 0 24 0 25 0 26 G 0 0 0 0 0 0 0 0 0 0 0 1 0 1 0 1 0 1 0 1 0 2 0 2 0 2 0 2 0 2 -1 0 -1 0 -1 0 -1 0 -1 0 -1 0 -1 0 -1 0 -1 0 -1 0 -1 0
27 0 1 1 2 2 3 3 4 4 5 0 6 6 7 7 8 8 9 9 10 0 11 11 12 12 13 13 14 14 15 0 16 16 17 17 18 0 19 0 20 0 21 0 22 0 23 0 24 0 25 0 26 G 0 0 0 0 0 0 0 0 0 0 0 1 0 1 0 1 0 1 0 1 0 2 0 2 0 2 0 2 0 2 -1 0 -1 0 -1 0 -1 0 -1 0 -1 0 -1 0 -1 0 -1 0 -1 0 -1 0
27 0 1 1 2 2 3 3 4 4 5 0 6 6 7 7 8 8 9 9 10 0 11 11 12 12 13 13 14 14 15 0 16 16 17 0 18 18 19 0 20 20 21 0 22 22 23 0 24 24 25 0 26 G 1 0 1 0 1 0 1 0 1 0 1 1 1 1 1 1 1 1 1 1 1 2 1 2 1 2 1 2 1 2 0 0 0 0 0 1 0 1 0 2 0 2 0 3 0 3 0 4 0 4 -1 0
27 0 1 1 2 2 3 3 4 4 5 0 6 6 7 7 8 8 9 9 10 0 11 11 12 12 13 13 14 14 15 0 16 16 17 0 18 18 19 0 20 20 21 0 22 22 23 0 24 0 25 0 26 G 1 0 1 0 1 0 1 0 1 0 1 1 1 1 1 1 1 1 1 1 1 2 1 2 1 2 1 2 1 2 0 0 0 0 0 1 0 1 0 2 0 2 0 3 0 3 -1 0 -1 0 -1 0
27 0 1 1 2 2 3 3 4 4 5 0 6 6 7 7 8 8 9 9 10 0 11 11 12 12 13 13 14 14 15 0 16 16 17 0 18 18 19 0 20 20 21 0 22 0 23 0 24 0 25 0 26 G 1 0 1 0 1 0 1 0 1 0 1 1 1 1 1 1 1 1 1 1 1 2 1 2 1 2 1 2 1 2 0 0 0 0 0 1 0 1 0 2 0 2 -1 0 -1 0 -1 0 -1 0 -1 0
27 0 1 1 2 2 3 3 4 4 5 0 6 6 7 7 8 8 9 9 10 0 11 11 12 12 13 13 14 14 15 0 16 16 17 0 18 18 19 0 20 0 21 0 22 0 23 0 24 0 25 0 26 G 1 0 1 0 1 0 1 0 1 0 1 1 1 1 1 1 1 1 1 1 1 2 1 2 1 2 1 2 1 2 0 0 0 0 0 1 0 1 -1 0 -1 0 -1 0 -1 0 -1 0 -1 0 -1 0
27 0 1 1 2 2 3 3 4 4 5 0 6 6 7 7 8 8 9 9 10 0 11 11 12 12 13 13 14 14 15 0 16 16 17 0 18 0 19 0 20 0 21 0 22 0 23 0 24 0 25 0 26 G 0 0 0 0 0 0 0 0 0 0 0 1 0 1 0 1 0 1 0 1 0 2 0 2 0 2 0 2 0 2 -1 0 -1 0 -1 0 -1 0 -1 0 -1 0 -1 0 -1 0 -1 0 -1 0 -1 0
27 0 1 1 2 2 3 3 4 4 5 0 6 6 7 7 8 8 9 9 10 0 11 11 12 12 13 13 14 14 15 0 16 0 17 0 18 0 19 0 20 0 21 0 22 0 23 0 24 0 25 0 26 G 0 0 0 0 0 0 0 0 0 0 0 1 0 1 0 1 0 1 0 1 0 2 0 2 0 2 0 2 0 2 -1 0 -1 0 -1 0 -1 0 -1 0 -1 0 -1 0 -1 0 -1 0 -1 0 -1 0
27 0 1 1 2 2 3 3 4 4 5 0 6 6 7 7 8 8 9 9 10 0 11 11 12 12 13 13 14 0 15 15 16 16 17 17 18 0 19 19 20 20 21 21 22 0 23 23 24 24 25 25 26 G 1 0 1 0 1 0 1 0 1 0 1 1 1 1 1 1 1 1 1 1 0 0 0 0 0 0 0 0 0 1 0 1 0 1 0 1 0 2 0 2 0 2 0 2 0 3 0 3 0 3 0 3
27 0 1 1 2 2 3 3 4 4 5 0 6 6 7 7 8 8 9 9 10 0 11 11 12 12 13 13 14 0 15 15 16 16 17 17 18 0 19 19 20 20 21 21 22 0 23 23 24 24 25 0 26 G 1 0 1 0 1 0 1 0 1 0 1 1 1 1 1 1 1 1 1 1 0 0 0 0 0 0 0 0 0 1 0 1 0 1 0 1 0 2 0 2 0 2 0 2 -1 0 -1 0 -1 0 -1 0
27 0 1 1 2 2 3 3 4 4 5 0 6 6 7 7 8 8 9 9 10 0 11 11 12 12 13 13 14 0 15 15 16 16 17 17 18 0 19 19 20 20 21 21 22 0 23 23 24 0 25 25 26 G 2 0 2 0 2 0 2 0 2 0 2 1 2 1 2 1 2 1 2 1 1 0 1 0 1 0 1 0 1 1 1 1 1 1 1 1 1 2 1 2 1 2 1 2 0 0 0 0 0 1 0 1
27 0 1 1 2 2 3 3 4 4 5 0 6 6 7 7 8 8 9 9 10 0 11 11 12 12 13 13 14 0 15 15 16 16 17 17 18 0 19 19 20 20 21 21 22 0 23 23 24 0 25 0 26 G 1 0 1 0 1 0 1 0 1 0 1 1 1 1 1 1 1 1 1 1 0 0 0 0 0 0 0 0 0 1 0 1 0 1 0 1 0 2 0 2 0 2 0 2 -1 0 -1 0 -1 0 -1 0
27 0 1 1 2 2 3 3 4 4 5 0 6 6 7 7 8 8 9 9 10 0 11 11 12 12 13 13 14 0 15 15 16 16 17 17 18 0 19 19 20 20 21 21 22 0 23 0 24 0 25 0 26 G 1 0 1 0 1 0 1 0 1 0 1 1 1 1 1 1 1 1 1 1 0 0 0 0 0 0 0 0 0 1 0 1 0 1 0 1 0 2 0 2 0 2 0 2 -1 0 -1 0 -1 0 -1 0
27 0 1 1 2 2 3 3 4 4 5 0 6 6 7 7 8 8 9 9 10 0 11 11 12 12 13 13 14 0 15 15 16 16 17 17 18 0 19 19 20 20 21 0 22 22 23 23 24 0 25 25 26 G 2 0 2 0 2 0 2 0 2 0 2 1 2 1 2 1 2 1 2 1 1 0 1 0 1 0 1 0 1 1 1 1 1 1 1 1 0 0 0 0 0 0 0 1 0 1 0 1 -1 0 -1 0
27 0 1 1 2 2 3 3 4 4 5 0 6 6 7 7 8 8 9 9 10 0 11 11 12 12 13 13 14 0 15 15 16 16 17 17 18 0 19 19 20 20 21 0 22 22 23 23 24 0 25 0 26 G 2 0 2 0 2 0 2 0 2 0 2 1 2 1 2 1 2 1 2 1 1 0 1 0 1 0 1 0 1 1 1 1 1 1 1 1 0 0 0 0 0 0 0 1 0 1 0 1 -1 0 -1 0
27 0 1 1 2 2 3 3 4 4 5 0 6 6 7 7 8 8 9 9 10 0 11 11 12 12 13 13 14 0 15 15 16 16 17 17 18 0 19 19 20 20 21 0 22 22 23 0 24 24 25 0 26 G 2 0 2 0 2 0 2 0 2 0 2 1 2 1 2 1 2 1 2 1 1 0 1 0 1 0 1 0 1 1 1 1 1 1 1 1 -1 0 -1 0 -1 0 0 0 0 0 0 1 0 1 -1 0
27 0 1 1 2 2 3 3 4 4 5 0 6 6 7 7 8 8 9 9 10 0 11 11 12 12 13 13 14 0 15 15 16 16 17 17 18 0 19 19 20 20 21 0 22 22 23 0 24 0 25 0 26 G 1 0 1 0 1 0 1 0 1 0 1 1 1 1 1 1 1 1 1 1 0 0 0 0 0 0 0 0 0 1 0 1 0 1 0 1 -1 0 -1 0 -1 0 -1 0 -1 0 -1 0 -1 0 -1 0
27 0 1 1 2 2 3 3 4 4 5 0 6 6 7 7 8 8 9 9 10 0 11 11 12 12 13 13 14 0 15 15 16 16 17 17 18 0 19 19 20 20 21 0 22 0 23 0 24 0 25 0 26 G 1 0 1 0 1 0 1 0 1 0 1 1 1 1 1 1 1 1 1 1 0 0 0 0 0 0 0 0 0 1 0 1 0 1 0 1 -1 0 -1 0 -1 0 -1 0 -1 0 -1 0 -1 0 -1 0
27 0 1 1 2 2 3 3 4 4 5 0 6 6 7 7 8 8 9 9 10 0 11 11 12 12 13 13 14 0 15 15 16 16 17 17 18 0 19 19 20 0 21 21 22 0 23 23 24 0 25 25 26 G 2 0 2 0 2 0 2 0 2 0 2 1 2 1 2 1 2 1 2 1 1 0 1 0 1 0 1 0 1 1 1 1 1 1 1 1 0 0 0 0 0 1 0 1 0 2 0 2 0 3 0 3
27 0 1 1 2 2 3 3 4 4 5 0 6 6 7 7 8 8 9 9 10 0 11 11 12 12 13 13 14 0 15 15 16 16 17 17 18 0 19 19 20 0 21 21 22 0 23 23 24 0 25 0 26 G 2 0 2 0 2 0 2 0 2 0 2 1 2 1 2 1 2 1 2 1 1 0 1 0 1 0 1 0 1 1 1 1 1 1 1 1 0 0 0 0 0 1 0 1 0 2 0 2 -1 0 -1 0
27 0 1 1 2 2 3 3 4 4 5 0 6 6 7 7 8 8 9 9 10 0 11 11 12 12 13 13 14 0 15 15 16 16 17 17 18 0 19 19 20 0 21 21 22 0 23 0 24 0 25 0 26 G 2 0 2 0 2 0 2 0 2 0 2 1 2 1 2 1 2 1 2 1 1 0 1 0 1 0 1 0 1 1 1 1 1 1 1 1 0 0 0 0 0 1 0 1 -1 0 -1 0 -1 0 -1 0
27 0 1 1 2 2 3 3 4 4 5 0 6 6 7 7 8 8 9 9 10 0 11 11 12 12 13 13 14 0 15 15 16 16 17 17 18 0 19 19 20 0 21 0 22 0 23 0 24 0 25 0 26 G 1 0 1 0 1 0 1 0 1 0 1 1 1 1 1 1 1 1 1 1 0 0 0 0 0 0 0 0 0 1 0 1 0 1 0 1 -1 0 -1 0 -1 0 -1 0 -1 0 -1 0 -1 0 -1 0
27 0 1 1 2 2 3 3 4 4 5 0 6 6 7 7 8 8 9 9 10 0 11 11 12 12 13 13 14 0 15 15 16 16 17 17 18 0 19 0 20 0 21 0 22 0 23 0 24 0 25 0 26 G 1 0 1 0 1 0 1 0 1 0 1 1 1 1 1 1 1 1 1 1 0 0 0 0 0 0 0 0 0 1 0 1 0 1 0 1 -1 0 -1 0 -1 0 -1 0 -1 0 -1 0 -1 0 -1 0
27 0 1 1 2 2 3 3 4 4 5 0 6 6 7 7 8 8 9 9 10 0 11 11 12 12 13 13 14 0 15 15 16 16 17 0 18 18 19 19 20 0 21 21 22 22 23 0 24 24 25 25 26 G 1 0 1 0 1 0 1 0 1 0 1 1 1 1 1 1 1 1 1 1 -1 0 -1 0 -1 0 -1 0 0 0 0 0 0 0 0 1 0 1 0 1 0 2 0 2 0 2 0 3 0 3 0 3
27 0 1 1 2 2 3 3 4 4 5 0 6 6 7 7 8 8 9 9 10 0 11 11 12 12 13 13 14 0 15 15 16 16 17 0 18 18 19 19 20 0 21 21 22 22 23 0 24 24 25 0 26 G 1 0 1 0 1 0 1 0 1 0 1 1 1 1 1 1 1 1 1 1 -1 0 -1 0 -1 0 -1 0 0 0 0 0 0 0 0 1 0 1 0 1 0 2 0 2 0 2 -1 0 -1 0 -1 0
27 0 1 1 2 2 3 3 4 4 5 0 6 6 7 7 8 8 9 9 10 0 11 11 12 12 13 13 14 0 15 15 16 16 17 0 18 18 19 19 20 0 21 21 22 22 23 0 24 0 25 0 26 G 1 0 1 0 1 0 1 0 1 0 1 1 1 1 1 1 1 1 1 1 -1 0 -1 0 -1 0 -1 0 0 0 0 0 0 0 0 1 0 1 0 1 0 2 0 2 0 2 -1 0 -1 0 -1 0
27 0 1 1 2 2 3 3 4 4 5 0 6 6 7 7 8 8 9 9 10 0 11 11 12 12 13 13 14 0 15 15 16 16 17 0 18 18 19 19 20 0 21 21 22 0 23 23 24 0 25 25 26 G 2 0 2 0 2 0 2 0 2 0 2 1 2 1 2 1 2 1 2 1 -1 0 -1 0 -1 0 -1 0 1 0 1 0 1 0 1 1 1 1 1 1 0 0 0 0 0 1 0 1 0 2 0 2
27 0 1 1 2 2 3 3 4 4 5 0 6 6 7 7 8 8 9 9 10 0 11 11 12 12 13 13 14 0 15 15 16 16 17 0 18 18 19 19 20 0 21 21 22 0 23 23 24 0 25 0 26 G 2 0 2 0 2 0 2 0 2 0 2 1 2 1 2 1 2 1 2 1 -1 0 -1 0 -1 0 -1 0 1 0 1 0 1 0 1 1 1 1 1 1 0 0 0 0 0 1 0 1 -1 0 -1 0
27 0 1 1 2 2 3 3 4 4 5 0 6 6 7 7 8 8 9 9 10 0 11 11 12 12 13 13 14 0 15 15 16 16 17 0 18 18 19 19 20 0 21 21 22 0 23 0 24 0 25 0 26 G 1 0 1 0 1 0 1 0 1 0 1 1 1 1 1 1 1 1 1 1 -1 0 -1 0 -1 0 -1 0 0 0 0 0 0 0 0 1 0 1 0 1 -1 0 -1 0 -1 0 -1 0 -1 0 -1 0
27 0 1 1 2 2 3 3 4 4 5 0 6 6 7 7 8 8 9 9 10 0 11 11 12 12 13 13 14 0 15 15 16 16 17 0 18 18 19 19 20 0 21 0 22 0 23 0 24 0 25 0 26 G 1 0 1 0 1 0 1 0 1 0 1 1 1 1 1 1 1 1 1 1 -1 0 -1 0 -1 0 -1 0 0 0 0 0 0 0 0 1 0 1 0 1 -1 0 -1 0 -1 0 -1 0 -1 0 -1 0
27 0 1 1 2 2 3 3 4 4 5 0 6 6 7 7 8 8 9 9 10 0 11 11 12 12 13 13 14 0 15 15 16 16 17 0 18 18 19 0 20 20 21 0 22 22 23 0 24 24 25 0 26 G 1 0 1 0 1 0 1 0 1 0 1 1 1 1 1 1 1 1 1 1 -1 0 -1 0 -1 0 -1 0 -1 0 -1 0 -1 0 0 0 0 0 0 1 0 1 0 2 0 2 0 3 0 3 -1 0
27 0 1 1 2 2 3 3 4 4 5 0 6 6 7 7 8 8 9 9 10 0 11 11 12 12 13 13 14 0 15 15 16 16 17 0 18 18 19 0 20 20 21 0 22 22 23 0 24 0 25 0 26 G 1 0 1 0 1 0 1 0 1 0 1 1 1 1 1 1 1 1 1 1 -1 0 -1 0 -1 0 -1 0 -1 0 -1 0 -1 0 0 0 0 0 0 1 0 1 0 2 0 2 -1 0 -1 0 -1 0
27 0 1 1 2 2 3 3 4 4 5 0 6 6 7 7 8 8 9 9 10 0 11 11 12 12 13 13 14 0 15 15 16 16 17 0 18 18 19 0 20 20 21 0 22 0 23 0 24 0 25 0 26 G 1 0 1 0 1 0 1 0 1 0 1 1 1 1 1 1 1 1 1 1 -1 0 -1 0 -1 0 -1 0 -1 0 -1 0 -1 0 0 0 0 0 0 1 0 1 -1 0 -1 0 -1 0 -1 0 -1 0
27 0 1 1 2 2 3 3 4 4 5 0 6 6 7 7 8 8 9 9 10 0 11 11 12 12 13 13 14 0 15 15 16 16 17 0 18 18 19 0 20 0 21 0 22 0 23 0 24 0 25 0 26 G 0 0 0 0 0 0 0 0 0 0 0 1 0 1 0 1 0 1 0 1 -1 0 -1 0 -1 0 -1 0 -1 0 -1 0 -1 0 -1 0 -1 0 -1 0 -1 0 -1 0 -1 0 -1 0 -1 0 -1 0
27 0 1 1 2 2 3 3 4 4 5 0 6 6 7 7 8 8 9 9 10 0 11 11 12 12 13 13 14 0 15 15 16 16 17 0 18 0 19 0 20 0 21 0 22 0 23 0 24 0 25 0 26 G 0 0 0 0 0 0 0 0 0 0 0 1 0 1 0 1 0 1 0 1 -1 0 -1 0 -1 0 -1 0 -1 0 -1 0 -1 0 -1 0 -1 0 -1 0 -1 0 -1 0 -1 0 -1 0 -1 0 -1 0
27 0 1 1 2 2 3 3 4 4 5 0 6 6 7 7 8 8 9 9 10 0 11 11 12 12 13 13 14 0 15 15 16 0 17 17 18 0 19 19 20 0 21 21 22 0 23 23 24 0 25 25 26 G 1 0 1 0 1 0 1 0 1 0 1 1 1 1 1 1 1 1 1 1 -1 0 -1 0 -1 0 -1 0 0 0 0 0 0 1 0 1 0 2 0 2 0 3 0 3 0 4 0 4 0 5 0 5
27 0 1 1 2 2 3 3 4 4 5 0 6 6 7 7 8 8 9 9 10 0 11 11 12 12 13 13 14 0 15 15 16 0 17 17 18 0 19 19 20 0 21 21 22 0 23 23 24 0 25 0 26 G 1 0 1 0 1 0 1 0 1 0 1 1 1 1 1 1 1 1 1 1 -1 0 -1 0 -1 0 -1 0 0 0 0 0 0 1 0 1 0 2 0 2 0 3 0 3 0 4 0 4 -1 0 -1 0
27 0 1 1 2 2 3 3 4 4 5 0 6 6 7 7 8 8 9 9 10 0 11 11 12 12 13 13 14 0 15 15 16 0 17 17 18 0 19 19 20 0 21 21 22 0 23 0 24 0 25 0 26 G 1 0 1 0 1 0 1 0 1 0 1 1 1 1 1 1 1 1 1 1 -1 0 -1 0 -1 0 -1 0 0 0 0 0 0 1 0 1 0 2 0 2 0 3 0 3 -1 0 -1 0 -1 0 -1 0
27 0 1 1 2 2 3 3 4 4 5 0 6 6 7 7 8 8 9 9 10 0 11 11 12 12 13 13 14 0 15 15 16 0 17 17 18 0 19 19 20 0 21 0 22 0 23 0 24 0 25 0 26 G 1 0 1 0 1 0 1 0 1 0 1 1 1 1 1 1 1 1 1 1 -1 0 -1 0 -1 0 -1 0 0 0 0 0 0 1 0 1 0 2 0 2 -1 0 -1 0 -1 0 -1 0 -1 0 -1 0
27 0 1 1 2 2 3 3 4 4 5 0 6 6 7 7 8 8 9 9 10 0 11 11 12 12 13 13 14 0 15 15 16 0 17 17 18 0 19 0 20 0 21 0 22 0 23 0 24 0 25 0 26 G 1 0 1 0 1 0 1 0 1 0 1 1 1 1 1 1 1 1 1 1 -1 0 -1 0 -1 0 -1 0 0 0 0 0 0 1 0 1 -1 0 -1 0 -1 0 -1 0 -1 0 -1 0 -1 0 -1 0
27 0 1 1 2 2 3 3 4 4 5 0 6 6 7 7 8 8 9 9 10 0 11 11 12 12 13 13 14 0 15 15 16 0 17 0 18 0 19 0 20 0 21 0 22 0 23 0 24 0 25 0 26 G 0 0 0 0 0 0 0 0 0 0 0 1 0 1 0 1 0 1 0 1 -1 0 -1 0 -1 0 -1 0 -1 0 -1 0 -1 0 -1 0 -1 0 -1 0 -1 0 -1 0 -1 0 -1 0 -1 0 -1 0
27 0 1 1 2 2 3 3 4 4 5 0 6 6 7 7 8 8 9 9 10 0 11 11 12 12 13 13 14 0 15 0 16 0 17 0 18 0 19 0 20 0 21 0 22 0 23 0 24 0 25 0 26 G 0 0 0 0 0 0 0 0 0 0 0 1 0 1 0 1 0 1 0 1 -1 0 -1 0 -1 0 -1 0 -1 0 -1 0 -1 0 -1 0 -1 0 -1 0 -1 0 -1 0 -1 0 -1 0 -1 0 -1 0
27 0 1 1 2 2 3 3 4 4 5 0 6 6 7 7 8 8 9 9 10 0 11 11 12 12 13 0 14 14 15 15 16 0 17 17 18 18 19 0 20 20 21 21 22 0 23 23 24 24 25 0 26 G 1 0 1 0 1 0 1 0 1 0 1 1 1 1 1 1 1 1 1 1 0 0 0 0 0 0 0 1 0 1 0 1 0 2 0 2 0 2 0 3 0 3 0 3 0 4 0 4 0 4 -1 0
27 0 1 1 2 2 3 3 4 4 5 0 6 6 7 7 8 8 9 9 10 0 11 11 12 12 13 0 14 14 15 15 16 0 17 17 18 18 19 0 20 20 21 21 22 0 23 23 24 0 25 25 26 G 2 0 2 0 2 0 2 0 2 0 2 1 2 1 2 1 2 1 2 1 1 0 1 0 1 0 1 1 1 1 1 1 1 2 1 2 1 2 1 3 1 3 1 3 0 0 0 0 0 1 0 1
27 0 1 1 2 2 3 3 4 4 5 0 6 6 7 7 8 8 9 9 10 0 11 11 12 12 13 0 14 14 15 15 16 0 17 17 18 18 19 0 20 20 21 21 22 0 23 23 24 0 25 0 26 G 1 0 1 0 1 0 1 0 1 0 1 1 1 1 1 1 1 1 1 1 0 0 0 0 0 0 0 1 0 1 0 1 0 2 0 2 0 2 0 3 0 3 0 3 -1 0 -1 0 -1 0 -1 0
27 0 1 1 2 2 3 3 4 4 5 0 6 6 7 7 8 8 9 9 10 0 11 11 12 12 13 0 14 14 15 15 16 0 17 17 18 18 19 0 20 20 21 21 22 0 23 0 24 0 25 0 26 G 1 0 1 0 1 0 1 0 1 0 1 1 1 1 1 1 1 1 1 1 0 0 0 0 0 0 0 1 0 1 0 1 0 2 0 2 0 2 0 3 0 3 0 3 -1 0 -1 0 -1 0 -1 0
27 0 1 1 2 2 3 3 4 4 5 0 6 6 7 7 8 8 9 9 10 0 11 11 12 12 13 0 14 14 15 15 16 0 17 17 18 18 19 0 20 20 21 0 22 22 23 0 24 24 25 0 26 G 2 0 2 0 2 0 2 0 2 0 2 1 2 1 2 1 2 1 2 1 1 0 1 0 1 0 1 1 1 1 1 1 1 2 1 2 1 2 0 0 0 0 0 1 0 1 0 2 0 2 -1 0
27 0 1 1 2 2 3 3 4 4 5 0 6 6 7 7 8 8 9 9 10 0 11 11 12 12 13 0 14 14 15 15 16 0 17 17 18 18 19 0 20 20 21 0 22 22 23 0 24 0 25 0 26 G 2 0 2 0 2 0 2 0 2 0 2 1 2 1 2 1 2 1 2 1 1 0 1 0 1 0 1 1 1 1 1 1 1 2 1 2 1 2 0 0 0 0 0 1 0 1 -1 0 -1 0 -1 0
27 0 1 1 2 2 3 3 4 4 5 0 6 6 7 7 8 8 9 9 10 0 11 11 12 12 13 0 14 14 15 15 16 0 17 17 18 18 19 0 20 20 21 0 22 0 23 0 24 0 25 0 26 G 1 0 1 0 1 0 1 0 1 0 1 1 1 1 1 1 1 1 1 1 0 0 0 0 0 0 0 1 0 1 0 1 0 2 0 2 0 2 -1 0 -1 0 -1 0 -1 0 -1 0 -1 0 -1 0
27 0 1 1 2 2 3 3 4 4 5 0 6 6 7 7 8 8 9 9 10 0 11 11 12 12 13 0 14 14 15 15 16 0 17 17 18 18 19 0 20 0 21 0 22 0 23 0 24 0 25 0 26 G 1 0 1 0 1 0 1 0 1 0 1 1 1 1 1 1 1 1 1 1 0 0 0 0 0 0 0 1 0 1 0 1 0 2 0 2 0 2 -1 0 -1 0 -1 0 -1 0 -1 0 -1 0 -1 0
27 0 1 1 2 2 3 3 4 4 5 0 6 6 7 7 8 8 9 9 10 0 11 11 12 12 13 0 14 14 15 15 16 0 17 17 18 0 19 19 20 0 21 21 22 0 23 23 24 0 25 25 26 G 2 0 2 0 2 0 2 0 2 0 2 1 2 1 2 1 2 1 2 1 1 0 1 0 1 0 1 1 1 1 1 1 0 0 0 0 0 1 0 1 0 2 0 2 0 3 0 3 0 4 0 4
27 0 1 1 2 2 3 3 4 4 5 0 6 6 7 7 8 8 9 9 10 0 11 11 12 12 13 0 14 14 15 15 16 0 17 17 18 0 19 19 20 0 21 21 22 0 23 23 24 0 25 0 26 G 2 0 2 0 2 0 2 0 2 0 2 1 2 1 2 1 2 1 2 1 1 0 1 0 1 0 1 1 1 1 1 1 0 0 0 0 0 1 0 1 0 2 0 2 0 3 0 3 -1 0 -1 0
27 0 1 1 2 2 3 3 4 4 5 0 6 6 7 7 8 8 9 9 10 0 11 11 12 12 13 0 14 14 15 15 16 0 17 17 18 0 19 19 20 0 21 21 22 0 23 0 24 0 25 0 26 G 2 0 2 0 2 0 2 0 2 0 2 1 2 1 2 1 2 1 2 1 1 0 1 0 1 0 1 1 1 1 1 1 0 0 0 0 0 1 0 1 0 2 0 2 -1 0 -1 0 -1 0 -1 0
27 0 1 1 2 2 3 3 4 4 5 0 6 6 7 7 8 8 9 9 10 0 11 11 12 12 13 0 14 14 15 15 16 0 17 17 18 0 19 19 20 0 21 0 22 0 23 0 24 0 25 0 26 G 2 0 2 0 2 0 2 0 2 0 2 1 2 1 2 1 2 1 2 1 1 0 1 0 1 0 1 1 1 1 1 1 0 0 0 0 0 1 0 1 -1 0 -1 0 -1 0 -1 0 -1 0 -1 0
27 0 1 1 2 2 3 3 4 4 5 0 6 6 7 7 8 8 9 9 10 0 11 11 12 12 13 0 14 14 15 15 16 0 17 17 18 0 19 0 20 0 21 0 22 0 23 0 24 0 25 0 26 G 1 0 1 0 1 0 1 0 1 0 1 1 1 1 1 1 1 1 1 1 0 0 0 0 0 0 0 1 0 1 0 1 -1 0 -1 0 -1 0 -1 0 -1 0 -1 0 -1 0 -1 0 -1 0 -1 0
27 0 1 1 2 2 3 3 4 4 5 0 6 6 7 7 8 8 9 9 10 0 11 11 12 12 13 0 14 14 15 15 16 0 17 0 18 0 19 0 20 0 21 0 22 0 23 0 24 0 25 0 26 G 1 0 1 0 1 0 1 0 1 0 1 1 1 1 1 1 1 1 1 1 0 0 0 0 0 0 0 1 0 1 0 1 -1 0 -1 0 -1 0 -1 0 -1 0 -1 0 -1 0 -1 0 -1 0 -1 0
27 0 1 1 2 2 3 3 4 4 5 0 6 6 7 7 8 8 9 9 10 0 11 11 12 12 13 0 14 14 15 0 16 16 17 0 18 18 19 0 20 20 21 0 22 22 23 0 24 24 25 0 26 G 1 0 1 0 1 0 1 0 1 0 1 1 1 1 1 1 1 1 1 1 -1 0 -1 0 -1 0 0 0 0 0 0 1 0 1 0 2 0 2 0 3 0 3 0 4 0 4 0 5 0 5 -1 0
27 0 1 1 2 2 3 3 4 4 5 0 6 6 7 7 8 8 9 9 10 0 11 11 12 12 13 0 14 14 15 0 16 16 17 0 18 18 19 0 20 20 21 0 22 22 23 0 24 0 25 0 26 G 1 0 1 0 1 0 1 0 1 0 1 1 1 1 1 1 1 1 1 1 -1 0 -1 0 -1 0 0 0 0 0 0 1 0 1 0 2 0 2 0 3 0 3 0 4 0 4 -1 0 -1 0 -1 0
27 0 1 1 2 2 3 3 4 4 5 0 6 6 7 7 8 8 9 9 10 0 11 11 12 12 13 0 14 14 15 0 16 16 17 0 18 18 19 0 20 20 21 0 22 0 23 0 24 0 25 0 26 G 1 0 1 0 1 0 1 0 1 0 1 1 1 1 1 1 1 1 1 1 -1 0 -1 0 -1 0 0 0 0 0 0 1 0 1 0 2 0 2 0 3 0 3 -1 0 -1 0 -1 0 -1 0 -1 0
27 0 1 1 2 2 3 3 4 4 5 0 6 6 7 7 8 8 9 9 10 0 11 11 12 12 13 0 14 14 15 0 16 16 17 0 18 18 19 0 20 0 21 0 22 0 23 0 24 0 25 0 26 G 1 0 1 0 1 0 1 0 1 0 1 1 1 1 1 1 1 1 1 1 -1 0 -1 0 -1 0 0 0 0 0 0 1 0 1 0 2 0 2 -1 0 -1 0 -1 0 -1 0 -1 0 -1 0 -1 0
27 0 1 1 2 2 3 3 4 4 5 0 6 6 7 7 8 8 9 9 10 0 11 11 12 12 13 0 14 14 15 0 16 16 17 0 18 0 19 0 20 0 21 0 22 0 23 0 24 0 25 0 26 G 1 0 1 0 1 0 1 0 1 0 1 1 1 1 1 1 1 1 1 1 -1 0 -1 0 -1 0 0 0 0 0 0 1 0 1 -1 0 -1 0 -1 0 -1 0 -1 0 -1 0 -1 0 -1 0 -1 0
27 0 1 1 2 2 3 3 4 4 5 0 6 6 7 7 8 8 9 9 10 0 11 11 12 12 13 0 14 14 15 0 16 0 17 0 18 0 19 0 20 0 21 0 22 0 23 0 24 0 25 0 26 G 0 0 0 0 0 0 0 0 0 0 0 1 0 1 0 1 0 1 0 1 -1 0 -1 0 -1 0 -1 0 -1 0 -1 0 -1 0 -1 0 -1 0 -1 0 -1 0 -1 0 -1 0 -1 0 -1 0 -1 0
27 0 1 1 2 2 3 3 4 4 5 0 6 6 7 7 8 8 9 9 10 0 11 11 12 12 13 0 14 0 15 0 16 0 17 0 18 0 19 0 20 0 21 0 22 0 23 0 24 0 25 0 26 G 0 0 0 0 0 0 0 0 0 0 0 1 0 1 0 1 0 1 0 1 -1 0 -1 0 -1 0 -1 0 -1 0 -1 0 -1 0 -1 0 -1 0 -1 0 -1 0 -1 0 -1 0 -1 0 -1 0 -1 0
27 0 1 1 2 2 3 3 4 4 5 0 6 6 7 7 8 8 9 9 10 0 11 11 12 0 13 13 14 0 15 15 16 0 17 17 18 0 19 19 20 0 21 21 22 0 23 23 24 0 25 25 26 G 1 0 1 0 1 0 1 0 1 0 1 1 1 1 1 1 1 1 1 1 0 0 0 0 0 1 0 1 0 2 0 2 0 3 0 3 0 4 0 4 0 5 0 5 0 6 0 6 0 7 0 7
27 0 1 1 2 2 3 3 4 4 5 0 6 6 7 7 8 8 9 9 10 0 11 11 12 0 13 13 14 0 15 15 16 0 17 17 18 0 19 19 20 0 21 21 22 0 23 23 24 0 25 0 26 G 1 0 1 0 1 0 1 0 1 0 1 1 1 1 1 1 1 1 1 1 0 0 0 0 0 1 0 1 0 2 0 2 0 3 0 3 0 4 0 4 0 5 0 5 0 6 0 6 -1 0 -1 0
27 0 1 1 2 2 3 3 4 4 5 0 6 6 7 7 8 8 9 9 10 0 11 11 12 0 13 13 14 0 15 15 16 0 17 17 18 0 19 19 20 0 21 21 22 0 23 0 24 0 25 0 26 G 1 0 1 0 1 0 1 0 1 0 1 1 1 1 1 1 1 1 1 1 0 0 0 0 0 1 0 1 0 2 0 2 0 3 0 3 0 4 0 4 0 5 0 5 -1 0 -1 0 -1 0 -1 0
27 0 1 1 2 2 3 3 4 4 5 0 6 6 7 7 8 8 9 9 10 0 11 11 12 0 13 13 14 0 15 15 16 0 17 17 18 0 19 19 20 0 21 0 22 0 23 0 24 0 25 0 26 G 1 0 1 0 1 0 1 0 1 0 1 1 1 1 1 1 1 1 1 1 0 0 0 0 0 1 0 1 0 2 0 2 0 3 0 3 0 4 0 4 -1 0 -1 0 -1 0 -1 0 -1 0 -1 0
27 0 1 1 2 2 3 3 4 4 5 0 6 6 7 7 8 8 9 9 10 0 11 11 12 0 13 13 14 0 15 15 16 0 17 17 18 0 19 0 20 0 21 0 22 0 23 0 24 0 25 0 26 G 1 0 1 0 1 0 1 0 1 0 1 1 1 1 1 1 1 1 1 1 0 0 0 0 0 1 0 1 0 2 0 2 0 3 0 3 -1 0 -1 0 -1 0 -1 0 -1 0 -1 0 -1 0 -1 0
27 0 1 1 2 2 3 3 4 4 5 0 6 6 7 7 8 8 9 9 10 0 11 11 12 0 13 13 14 0 15 15 16 0 17 0 18 0 19 0 20 0 21 0 22 0 23 0 24 0 25 0 26 G 1 0 1 0 1 0 1 0 1 0 1 1 1 1 1 1 1 1 1 1 0 0 0 0 0 1 0 1 0 2 0 2 -1 0 -1 0 -1 0 -1 0 -1 0 -1 0 -1 0 -1 0 -1 0 -1 0
27 0 1 1 2 2 3 3 4 4 5 0 6 6 7 7 8 8 9 9 10 0 11 11 12 0 13 13 14 0 15 0 16 0 17 0 18 0 19 0 20 0 21 0 22 0 23 0 24 0 25 0 26 G 1 0 1 0 1 0 1 0 1 0 1 1 1 1 1 1 1 1 1 1 0 0 0 0 0 1 0 1 -1 0 -1 0 -1 0 -1 0 -1 0 -1 0 -1 0 -1 0 -1 0 -1 0 -1 0 -1 0
27 0 1 1 2 2 3 3 4 4 5 0 6 6 7 7 8 8 9 9 10 0 11 11 12 0 13 0 14 0 15 0 16 0 17 0 18 0 19 0 20 0 21 0 22 0 23 0 24 0 25 0 26 G 0 0 0 0 0 0 0 0 0 0 0 1 0 1 0 1 0 1 0 1 -1 0 -1 0 -1 0 -1 0 -1 0 -1 0 -1 0 -1 0 -1 0 -1 0 -1 0 -1 0 -1 0 -1 0 -1 0 -1 0
27 0 1 1 2 2 3 3 4 4 5 0 6 6 7 7 8 8 9 9 10 0 11 0 12 0 13 0 14 0 15 0 16 0 17 0 18 0 19 0 20 0 21 0 22 0 23 0 24 0 25 0 26 G 0 0 0 0 0 0 0 0 0 0 0 1 0 1 0 1 0 1 0 1 -1 0 -1 0 -1 0 -1 0 -1 0 -1 0 -1 0 -1 0 -1 0 -1 0 -1 0 -1 0 -1 0 -1 0 -1 0 -1 0
27 0 1 1 2 2 3 3 4 4 5 0 6 6 7 7 8 8 9 0 10 10 11 11 12 12 13 0 14 14 15 15 16 16 17 0 18 18 19 19 20 20 21 0 22 22 23 23 24 24 25 0 26 G -1 0 -1 0 -1 0 -1 0 -1 0 0 0 0 0 0 0 0 0 0 1 0 1 0 1 0 1 0 2 0 2 0 2 0 2 0 3 0 3 0 3 0 3 0 4 0 4 0 4 0 4 -1 0
27 0 1 1 2 2 3 3 4 4 5 0 6 6 7 7 8 8 9 0 10 10 11 11 12 12 13 0 14 14 15 15 16 16 17 0 18 18 19 19 20 20 21 0 22 22 23 23 24 0 25 25 26 G -1 0 -1 0 -1 0 -1 0 -1 0 0 0 0 0 0 0 0 0 0 1 0 1 0 1 0 1 0 2 0 2 0 2 0 2 0 3 0 3 0 3 0 3 -1 0 -1 0 -1 0 -1 0 -1 0
27 0 1 1 2 2 3 3 4 4 5 0 6 6 7 7 8 8 9 0 10 10 11 11 12 12 13 0 14 14 15 15 16 16 17 0 18 18 19 19 20 20 21 0 22 22 23 23 24 0 25 0 26 G -1 0 -1 0 -1 0 -1 0 -1 0 0 0 0 0 0 0 0 0 0 1 0 1 0 1 0 1 0 2 0 2 0 2 0 2 0 3 0 3 0 3 0 3 -1 0 -1 0 -1 0 -1 0 -1 0
27 0 1 1 2 2 3 3 4 4 5 0 6 6 7 7 8 8 9 0 10 10 11 11 12 12 13 0 14 14 15 15 16 16 17 0 18 18 19 19 20 20 21 0 22 22 23 0 24 24 25 0 26 G -1 0 -1 0 -1 0 -1 0 -1 0 1 0 1 0 1 0 1 0 1 1 1 1 1 1 1 1 1 2 1 2 1 2 1 2 1 3 1 3 1 3 1 3 0 0 0 0 0 1 0 1 -1 0
27 0 1 1 2 2 3 3 4 4 5 0 6 6 7 7 8 8 9 0 10 10 11 11 12 12 13 0 14 14 15 15 16 16 17 0 18 18 19 19 20 20 21 0 22 22 23 0 24 0 25 0 26 G -1 0 -1 0 -1 0 -1 0 -1 0 0 0 0 0 0 0 0 0 0 1 0 1 0 1 0 1 0 2 0 2 0 2 0 2 0 3 0 3 0 3 0 3 -1 0 -1 0 -1 0 -1 0 -1 0
27 0 1 1 2 2 3 3 4 4 5 0 6 6 7 7 8 8 9 0 10 10 11 11 12 12 13 0 14 14 15 15 16 16 17 0 18 18 19 19 20 20 21 0 22 0 23 0 24 0 25 0 26 G -1 0 -1 0 -1 0 -1 0 -1 0 0 0 0 0 0 0 0 0 0 1 0 1 0 1 0 1 0 2 0 2 0 2 0 2 0 3 0 3 0 3 0 3 -1 0 -1 0 -1 0 -1 0 -1 0
27 0 1 1 2 2 3 3 4 4 5 0 6 6 7 7 8 8 9 0 10 10 11 11 12 12 13 0 14 14 15 15 16 16 17 0 18 18 19 19 20 0 21 21 22 22 23 0 24 24 25 25 26 G -1 0 -1 0 -1 0 -1 0 -1 0 1 0 1 0 1 0 1 0 1 1 1 1 1 1 1 1 1 2 1 2 1 2 1 2 0 0 0 0 0 0 0 1 0 1 0 1 0 2 0 2 0 2
27 0 1 1 2 2 3 3 4 4 5 0 6 6 7 7 8 8 9 0 10 10 11 11 12 12 13 0 14 14 15 15 16 16 17 0 18 18 19 19 20 0 21 21 22 22 23 0 24 24 25 0 26 G -1 0 -1 0 -1 0 -1 0 -1 0 1 0 1 0 1 0 1 0 1 1 1 1 1 1 1 1 1 2 1 2 1 2 1 2 0 0 0 0 0 0 0 1 0 1 0 1 -1 0 -1 0 -1 0
27 0 1 1 2 2 3 3 4 4 5 0 6 6 7 7 8 8 9 0 10 10 11 11 12 12 13 0 14 14 15 15 16 16 17 0 18 18 19 19 20 0 21 21 22 22 23 0 24 0 25 0 26 G -1 0 -1 0 -1 0 -1 0 -1 0 1 0 1 0 1 0 1 0 1 1 1 1 1 1 1 1 1 2 1 2 1 2 1 2 0 0 0 0 0 0 0 1 0 1 0 1 -1 0 -1 0 -1 0
27 0 1 1 2 2 3 3 4 4 5 0 6 6 7 7 8 8 9 0 10 10 11 11 12 12 13 0 14 14 15 15 16 16 17 0 18 18 19 19 20 0 21 21 22 0 23 23 24 0 25 25 26 G -1 0 -1 0 -1 0 -1 0 -1 0 1 0 1 0 1 0 1 0 1 1 1 1 1 1 1 1 1 2 1 2 1 2 1 2 -1 0 -1 0 -1 0 0 0 0 0 0 1 0 1 0 2 0 2
27 0 1 1 2 2 3 3 4 4 5 0 6 6 7 7 8 8 9 0 10 10 11 11 12 12 13 0 14 14 15 15 16 16 17 0 18 18 19 19 20 0 21 21 22 0 23 23 24 0 25 0 26 G -1 0 -1 0 -1 0 -1 0 -1 0 1 0 1 0 1 0 1 0 1 1 1 1 1 1 1 1 1 2 1 2 1 2 1 2 -1 0 -1 0 -1 0 0 0 0 0 0 1 0 1 -1 0 -1 0
27 0 1 1 2 2 3 3 4 4 5 0 6 6 7 7 8 8 9 0 10 10 11 11 12 12 13 0 14 14 15 15 16 16 17 0 18 18 19 19 20 0 21 21 22 0 23 0 24 0 25 0 26 G -1 0 -1 0 -1 0 -1 0 -1 0 0 0 0 0 0 0 0 0 0 1 0 1 0 1 0 1 0 2 0 2 0 2 0 2 -1 0 -1 0 -1 0 -1 0 -1 0 -1 0 -1 0 -1 0 -1 0
27 0 1 1 2 2 3 3 4 4 5 0 6 6 7 7 8 8 9 0 10 10 11 11 12 12 13 0 14 14 15 15 16 16 17 0 18 18 19 19 20 0 21 0 22 0 23 0 24 0 25 0 26 G -1 0 -1 0 -1 0 -1 0 -1 0 0 0 0 0 0 0 0 0 0 1 0 1 0 1 0 1 0 2 0 2 0 2 0 2 -1 0 -1 0 -1 0 -1 0 -1 0 -1 0 -1 0 -1 0 -1 0
27 0 1 1 2 2 3 3 4 4 5 0 6 6 7 7 8 8 9 0 10 10 11 11 12 12 13 0 14 14 15 15 16 16 17 0 18 18 19 0 20 20 21 0 22 22 23 0 24 24 25 0 26 G -1 0 -1 0 -1 0 -1 0 -1 0 1 0 1 0 1 0 1 0 1 1 1 1 1 1 1 1 1 2 1 2 1 2 1 2 0 0 0 0 0 1 0 1 0 2 0 2 0 3 0 3 -1 0
27 0 1 1 2 2 3 3 4 4 5 0 6 6 7 7 8 8 9 0 10 10 11 11 12 12 13 0 14 14 15 15 16 16 17 0 18 18 19 0 20 20 21 0 22 22 23 0 24 0 25 0 26 G -1 0 -1 0 -1 0 -1 0 -1 0 1 0 1 0 1 0 1 0 1 1 1 1 1 1 1 1 1 2 1 2 1 2 1 2 0 0 0 0 0 1 0 1 0 2 0 2 -1 0 -1 0 -1 0
27 0 1 1 2 2 3 3 4 4 5 0 6 6 7 7 8 8 9 0 10 10 11 11 12 12 13 0 14 14 15 15 16 16 17 0 18 18 19 0 20 20 21 0 22 0 23 0 24 0 25 0 26 G -1 0 -1 0 -1 0 -1 0 -1 0 1 0 1 0 1 0 1 0 1 1 1 1 1 1 1 1 1 2 1 2 1 2 1 2 0 0 0 0 0 1 0 1 -1 0 -1 0 -1 0 -1 0 -1 0
27 0 1 1 2 2 3 3 4 4 5 0 6 6 7 7 8 8 9 0 10 10 11 11 12 12 13 0 14 14 15 15 16 16 17 0 18 18 19 0 20 0 21 0 22 0 23 0 24 0 25 0 26 G -1 0 -1 0 -1 0 -1 0 -1 0 0 0 0 0 0 0 0 0 0 1 0 1 0 1 0 1 0 2 0 2 0 2 0 2 -1 0 -1 0 -1 0 -1 0 -1 0 -1 0 -1 0 -1 0 -1 0
27 0 1 1 2 2 3 3 4 4 5 0 6 6 7 7 8 8 9 0 10 10 11 11 12 12 13 0 14 14 15 15 16 16 17 0 18 0 19 0 20 0 21 0 22 0 23 0 24 0 25 0 26 G -1 0 -1 0 -1 0 -1 0 -1 0 0 0 0 0 0 0 0 0 0 1 0 1 0 1 0 1 0 2 0 2 0 2 0 2 -1 0 -1 0 -1 0 -1 0 -1 0 -1 0 -1 0 -1 0 -1 0
27 0 1 1 2 2 3 3 4 4 5 0 6 6 7 7 8 8 9 0 10 10 11 11 12 12 13 0 14 14 15 15 16 0 17 17 18 18 19 0 20 20 21 21 22 0 23 23 24 24 25 0 26 G -1 0 -1 0 -1 0 -1 0 -1 0 1 0 1 0 1 0 1 0 1 1 1 1 1 1 1 1 0 0 0 0 0 0 0 1 0 1 0 1 0 2 0 2 0 2 0 3 0 3 0 3 -1 0
27 0 1 1 2 2 3 3 4 4 5 0 6 6 7 7 8 8 9 0 10 10 11 11 12 12 13 0 14 14 15 15 16 0 17 17 18 18 19 0 20 20 21 21 22 0 23 23 24 0 25 25 26 G -1 0 -1 0 -1 0 -1 0 -1 0 2 0 2 0 2 0 2 0 2 1 2 1 2 1 2 1 1 0 1 0 1 0 1 1 1 1 1 1 1 2 1 2 1 2 0 0 0 0 0 1 0 1
27 0 1 1 2 2 3 3 4 4 5 0 6 6 7 7 8 8 9 0 10 10 11 11 12 12 13 0 14 14 15 15 16 0 17 17 18 18 19 0 20 20 21 21 22 0 23 23 24 0 25 0 26 G -1 0 -1 0 -1 0 -1 0 -1 0 1 0 1 0 1 0 1 0 1 1 1 1 1 1 1 1 0 0 0 0 0 0 0 1 0 1 0 1 0 2 0 2 0 2 -1 0 -1 0 -1 0 -1 0
27 0 1 1 2 2 3 3 4 4 5 0 6 6 7 7 8 8 9 0 10 10 11 11 12 12 13 0 14 14 15 15 16 0 17 17 18 18 19 0 20 20 21 21 22 0 23 0 24 0 25 0 26 G -1 0 -1 0 -1 0 -1 0 -1 0 1 0 1 0 1 0 1 0 1 1 1 1 1 1 1 1 0 0 0 0 0 0 0 1 0 1 0 1 0 2 0 2 0 2 -1 0 -1 0 -1 0 -1 0
27 0 1 1 2 2 3 3 4 4 5 0 6 6 7 7 8 8 9 0 10 10 11 11 12 12 13 0 14 14 15 15 16 0 17 17 18 18 19 0 20 20 21 0 22 22 23 0 24 24 25 0 26 G -1 0 -1 0 -1 0 -1 0 -1 0 2 0 2 0 2 0 2 0 2 1 2 1 2 1 2 1 1 0 1 0 1 0 1 1 1 1 1 1 0 0 0 0 0 1 0 1 0 2 0 2 -1 0
27 0 1 1 2 2 3 3 4 4 5 0 6 6 7 7 8 8 9 0 10 10 11 11 12 12 13 0 14 14 15 15 16 0 17 17 18 18 19 0 20 20 21 0 22 22 23 0 24 0 25 0 26 G -1 0 -1 0 -1 0 -1 0 -1 0 2 0 2 0 2 0 2 0 2 1 2 1 2 1 2 1 1 0 1 0 1 0 1 1 1 1 1 1 0 0 0 0 0 1 0 1 -1 0 -1 0 -1 0
27 0 1 1 2 2 3 3 4 4 5 0 6 6 7 7 8 8 9 0 10 10 11 11 12 12 13 0 14 14 15 15 16 0 17 17 18 18 19 0 20 20 21 0 22 0 23 0 24 0 25 0 26 G -1 0 -1 0 -1 0 -1 0 -1 0 1 0 1 0 1 0 1 0 1 1 1 1 1 1 1 1 0 0 0 0 0 0 0 1 0 1 0 1 -1 0 -1 0 -1 0 -1 0 -1 0 -1 0 -1 0
27 0 1 1 2 2 3 3 4 4 5 0 6 6 7 7 8 8 9 0 10 10 11 11 12 12 13 0 14 14 15 15 16 0 17 17 18 18 19 0 20 0 21 0 22 0 23 0 24 0 25 0 26 G -1 0 -1 0 -1 0 -1 0 -1 0 1 0 1 0 1 0 1 0 1 1 1 1 1 1 1 1 0 0 0 0 0 0 0 1 0 1 0 1 -1 0 -1 0 -1 0 -1 0 -1 0 -1 0 -1 0
27 0 1 1 2 2 3 3 4 4 5 0 6 6 7 7 8 8 9 0 10 10 11 11 12 12 13 0 14 14 15 15 16 0 17 17 18 0 19 19 20 0 21 21 22 0 23 23 24 0 25 25 26 G -1 0 -1 0 -1 0 -1 0 -1 0 1 0 1 0 1 0 1 0 1 1 1 1 1 1 1 1 -1 0 -1 0 -1 0 0 0 0 0 0 1 0 1 0 2 0 2 0 3 0 3 0 4 0 4
27 0 1 1 2 2 3 3 4 4 5 0 6 6 7 7 8 8 9 0 10 10 11 11 12 12 13 0 14 14 15 15 16 0 17 17 18 0 19 19 20 0 21 21 22 0 23 23 24 0 25 0 26 G -1 0 -1 0 -1 0 -1 0 -1 0 1 0 1 0 1 0 1 0 1 1 1 1 1 1 1 1 -1 0 -1 0 -1 0 0 0 0 0 0 1 0 1 0 2 0 2 0 3 0 3 -1 0 -1 0
27 0 1 1 2 2 3 3 4 4 5 0 6 6 7 7 8 8 9 0 10 10 11 11 12 12 13 0 14 14 15 15 16 0 17 17 18 0 19 19 20 0 21 21 22 0 23 0 24 0 25 0 26 G -1 0 -1 0 -1 0 -1 0 -1 0 1 0 1 0 1 0 1 0 1 1 1 1 1 1 1 1 -1 0 -1 0 -1 0 0 0 0 0 0 1 0 1 0 2 0 2 -1 0 -1 0 -1 0 -1 0
27 0 1 1 2 2 3 3 4 4 5 0 6 6 7 7 8 8 9 0 10 10 11 11 12 12 13 0 14 14 15 15 16 0 17 17 18 0 19 19 20 0 21 0 22 0 23 0 24 0 25 0 26 G -1 0 -1 0 -1 0 -1 0 -1 0 1 0 1 0 1 0 1 0 1 1 1 1 1 1 1 1 -1 0 -1 0 -1 0 0 0 0 0 0 1 0 1 -1 0 -1 0 -1 0 -1 0 -1 0 -1 0
27 0 1 1 2 2 3 3 4 4 5 0 6 6 7 7 8 8 9 0 10 10 11 11 12 12 13 0 14 14 15 15 16 0 17 17 18 0 19 0 20 0 21 0 22 0 23 0 24 0 25 0 26 G -1 0 -1 0 -1 0 -1 0 -1 0 0 0 0 0 0 0 0 0 0 1 0 1 0 1 0 1 -1 0 -1 0 -1 0 -1 0 -1 0 -1 0 -1 0 -1 0 -1 0 -1 0 -1 0 -1 0 -1 0
27 0 1 1 2 2 3 3 4 4 5 0 6 6 7 7 8 8 9 0 10 10 11 11 12 12 13 0 14 14 15 15 16 0 17 0 18 0 19 0 20 0 21 0 22 0 23 0 24 0 25 0 26 G -1 0 -1 0 -1 0 -1 0 -1 0 0 0 0 0 0 0 0 0 0 1 0 1 0 1 0 1 -1 0 -1 0 -1 0 -1 0 -1 0 -1 0 -1 0 -1 0 -1 0 -1 0 -1 0 -1 0 -1 0
27 0 1 1 2 2 3 3 4 4 5 0 6 6 7 7 8 8 9 0 10 10 11 11 12 12 13 0 14 14 15 0 16 16 17 0 18 18 19 0 20 20 21 0 22 22 23 0 24 24 25 0 26 G -1 0 -1 0 -1 0 -1 0 -1 0 1 0 1 0 1 0 1 0 1 1 1 1 1 1 1 1 0 0 0 0 0 1 0 1 0 2 0 2 0 3 0 3 0 4 0 4 0 5 0 5 -1 0
27 0 1 1 2 2 3 3 4 4 5 0 6 6 7 7 8 8 9 0 10 10 11 11 12 12 13 0 14 14 15 0 16 16 17 0 18 18 19 0 20 20 21 0 22 22 23 0 24 0 25 0 26 G -1 0 -1 0 -1 0 -1 0 -1 0 1 0 1 0 1 0 1 0 1 1 1 1 1 1 1 1 0 0 0 0 0 1 0 1 0 2 0 2 0 3 0 3 0 4 0 4 -1 0 -1 0 -1 0
27 0 1 1 2 2 3 3 4 4 5 0 6 6 7 7 8 8 9 0 10 10 11 11 12 12 13 0 14 14 15 0 16 16 17 0 18 18 19 0 20 20 21 0 22 0 23 0 24 0 25 0 26 G -1 0 -1 0 -1 0 -1 0 -1 0 1 0 1 0 1 0 1 0 1 1 1 1 1 1 1 1 0 0 0 0 0 1 0 1 0 2 0 2 0 3 0 3 -1 0 -1 0 -1 0 -1 0 -1 0
27 0 1 1 2 2 3 3 4 4 5 0 6 6 7 7 8 8 9 0 10 10 11 11 12 12 13 0 14 14 15 0 16 16 17 0 18 18 19 0 20 0 21 0 22 0 23 0 24 0 25 0 26 G -1 0 -1 0 -1 0 -1 0 -1 0 1 0 1 0 1 0 1 0 1 1 1 1 1 1 1 1 0 0 0 0 0 1 0 1 0 2 0 2 -1 0 -1 0 -1 0 -1 0 -1 0 -1 0 -1 0
27 0 1 1 2 2 3 3 4 4 5 0 6 6 7 7 8 8 9 0 10 10 11 11 12 12 13 0 14 14 15 0 16 16 17 0 18 0 19 0 20 0 21 0 22 0 23 0 24 0 25 0 26 G -1 0 -1 0 -1 0 -1 0 -1 0 1 0 1 0 1 0 1 0 1 1 1 1 1 1 1 1 0 0 0 0 0 1 0 1 -1 0 -1 0 -1 0 -1 0 -1 0 -1 0 -1 0 -1 0 -1 0
27 0 1 1 2 2 3 3 4 4 5 0 6 6 7 7 8 8 9 0 10 10 11 11 12 12 13 0 14 14 15 0 16 0 17 0 18 0 19 0 20 0 21 0 22 0 23 0 24 0 25 0 26 G -1 0 -1 0 -1 0 -1 0 -1 0 0 0 0 0 0 0 0 0 0 1 0 1 0 1 0 1 -1 0 -1 0 -1 0 -1 0 -1 0 -1 0 -1 0 -1 0 -1 0 -1 0 -1 0 -1 0 -1 0
27 0 1 1 2 2 3 3 4 4 5 0 6 6 7 7 8 8 9 0 10 10 11 11 12 12 13 0 14 0 15 0 16 0 17 0 18 0 19 0 20 0 21 0 22 0 23 0 24 0 25 0 26 G -1 0 -1 0 -1 0 -1 0 -1 0 0 0 0 0 0 0 0 0 0 1 0 1 0 1 0 1 -1 0 -1 0 -1 0 -1 0 -1 0 -1 0 -1 0 -1 0 -1 0 -1 0 -1 0 -1 0 -1 0
27 0 1 1 2 2 3 3 4 4 5 0 6 6 7 7 8 8 9 0 10 10 11 11 12 0 13 13 14 14 15 0 16 16 17 17 18 0 19 19 20 20 21 0 22 22 23 23 24 0 25 25 26 G -1 0 -1 0 -1 0 -1 0 -1 0 -1 0 -1 0 -1 0 -1 0 0 0 0 0 0 0 0 1 0 1 0 1 0 2 0 2 0 2 0 3 0 3 0 3 0 4 0 4 0 4 -1 0 -1 0
27 0 1 1 2 2 3 3 4 4 5 0 6 6 7 7 8 8 9 0 10 10 11 11 12 0 13 13 14 14 15 0 16 16 17 17 18 0 19 19 20 20 21 0 22 22 23 23 24 0 25 0 26 G -1 0 -1 0 -1 0 -1 0 -1 0 -1 0 -1 0 -1 0 -1 0 0 0 0 0 0 0 0 1 0 1 0 1 0 2 0 2 0 2 0 3 0 3 0 3 0 4 0 4 0 4 -1 0 -1 0
27 0 1 1 2 2 3 3 4 4 5 0 6 6 7 7 8 8 9 0 10 10 11 11 12 0 13 13 14 14 15 0 16 16 17 17 18 0 19 19 20 20 21 0 22 22 23 0 24 24 25 0 26 G -1 0 -1 0 -1 0 -1 0 -1 0 -1 0 -1 0 -1 0 -1 0 1 0 1 0 1 0 1 1 1 1 1 1 1 2 1 2 1 2 1 3 1 3 1 3 0 0 0 0 0 1 0 1 -1 0
27 0 1 1 2 2 3 3 4 4 5 0 6 6 7 7 8 8 9 0 10 10 11 11 12 0 13 13 14 14 15 0 16 16 17 17 18 0 19 19 20 20 21 0 22 22 23 0 24 0 25 0 26 G -1 0 -1 0 -1 0 -1 0 -1 0 -1 0 -1 0 -1 0 -1 0 0 0 0 0 0 0 0 1 0 1 0 1 0 2 0 2 0 2 0 3 0 3 0 3 -1 0 -1 0 -1 0 -1 0 -1 0
27 0 1 1 2 2 3 3 4 4 5 0 6 6 7 7 8 8 9 0 10 10 11 11 12 0 13 13 14 14 15 0 16 16 17 17 18 0 19 19 20 20 21 0 22 0 23 0 24 0 25 0 26 G -1 0 -1 0 -1 0 -1 0 -1 0 -1 0 -1 0 -1 0 -1 0 0 0 0 0 0 0 0 1 0 1 0 1 0 2 0 2 0 2 0 3 0 3 0 3 -1 0 -1 0 -1 0 -1 0 -1 0
27 0 1 1 2 2 3 3 4 4 5 0 6 6 7 7 8 8 9 0 10 10 11 11 12 0 13 13 14 14 15 0 16 16 17 17 18 0 19 19 20 0 21 21 22 0 23 23 24 0 25 25 26 G -1 0 -1 0 -1 0 -1 0 -1 0 -1 0 -1 0 -1 0 -1 0 1 0 1 0 1 0 1 1 1 1 1 1 1 2 1 2 1 2 0 0 0 0 0 1 0 1 0 2 0 2 0 3 0 3
27 0 1 1 2 2 3 3 4 4 5 0 6 6 7 7 8 8 9 0 10 10 11 11 12 0 13 13 14 14 15 0 16 16 17 17 18 0 19 19 20 0 21 21 22 0 23 23 24 0 25 0 26 G -1 0 -1 0 -1 0 -1 0 -1 0 -1 0 -1 0 -1 0 -1 0 1 0 1 0 1 0 1 1 1 1 1 1 1 2 1 2 1 2 0 0 0 0 0 1 0 1 0 2 0 2 -1 0 -1 0
27 0 1 1 2 2 3 3 4 4 5 0 6 6 7 7 8 8 9 0 10 10 11 11 12 0 13 13 14 14 15 0 16 16 17 17 18 0 19 19 20 0 21 21 22 0 23 0 24 0 25 0 26 G -1 0 -1 0 -1 0 -1 0 -1 0 -1 0 -1 0 -1 0 -1 0 1 0 1 0 1 0 1 1 1 1 1 1 1 2 1 2 1 2 0 0 0 0 0 1 0 1 -1 0 -1 0 -1 0 -1 0
27 0 1 1 2 2 3 3 4 4 5 0 6 6 7 7 8 8 9 0 10 10 11 11 12 0 13 13 14 14 15 0 16 16 17 17 18 0 19 19 20 0 21 0 22 0 23 0 24 0 25 0 26 G -1 0 -1 0 -1 0 -1 0 -1 0 -1 0 -1 0 -1 0 -1 0 0 0 0 0 0 0 0 1 0 1 0 1 0 2 0 2 0 2 -1 0 -1 0 -1 0 -1 0 -1 0 -1 0 -1 0 -1 0
27 0 1 1 2 2 3 3 4 4 5 0 6 6 7 7 8 8 9 0 10 10 11 11 12 0 13 13 14 14 15 0 16 16 17 17 18 0 19 0 20 0 21 0 22 0 23 0 24 0 25 0 26 G -1 0 -1 0 -1 0 -1 0 -1 0 -1 0 -1 0 -1 0 -1 0 0 0 0 0 0 0 0 1 0 1 0 1 0 2 0 2 0 2 -1 0 -1 0 -1 0 -1 0 -1 0 -1 0 -1 0 -1 0
27 0 1 1 2 2 3 3 4 4 5 0 6 6 7 7 8 8 9 0 10 10 11 11 12 0 13 13 14 14 15 0 16 16 17 0 18 18 19 0 20 20 21 0 22 22 23 0 24 24 25 0 26 G -1 0 -1 0 -1 0 -1 0 -1 0 -1 0 -1 0 -1 0 -1 0 1 0 1 0 1 0 1 1 1 1 1 1 0 0 0 0 0 1 0 1 0 2 0 2 0 3 0 3 0 4 0 4 -1 0
27 0 1 1 2 2 3 3 4 4 5 0 6 6 7 7 8 8 9 0 10 10 11 11 12 0 13 13 14 14 15 0 16 16 17 0 18 18 19 0 20 20 21 0 22 22 23 0 24 0 25 0 26 G -1 0 -1 0 -1 0 -1 0 -1 0 -1 0 -1 0 -1 0 -1 0 1 0 1 0 1 0 1 1 1 1 1 1 0 0 0 0 0 1 0 1 0 2 0 2 0 3 0 3 -1 0 -1 0 -1 0
27 0 1 1 2 2 3 3 4 4 5 0 6 6 7 7 8 8 9 0 10 10 11 11 12 0 13 13 14 14 15 0 16 16 17 0 18 18 19 0 20 20 21 0 22 0 23 0 24 0 25 0 26 G -1 0 -1 0 -1 0 -1 0 -1 0 -1 0 -1 0 -1 0 -1 0 1 0 1 0 1 0 1 1 1 1 1 1 0 0 0 0 0 1 0 1 0 2 0 2 -1 0 -1 0 -1 0 -1 0 -1 0
27 0 1 1 2 2 3 3 4 4 5 0 6 6 7 7 8 8 9 0 10 10 11 11 12 0 13 13 14 14 15 0 16 16 17 0 18 18 19 0 20 0 21 0 22 0 23 0 24 0 25 0 26 G -1 0 -1 0 -1 0 -1 0 -1 0 -1 0 -1 0 -1 0 -1 0 1 0 1 0 1 0 1 1 1 1 1 1 0 0 0 0 0 1 0 1 -1 0 -1 0 -1 0 -1 0 -1 0 -1 0 -1 0
27 0 1 1 2 2 3 3 4 4 5 0 6 6 7 7 8 8 9 0 10 10 11 11 12 0 13 13 14 14 15 0 16 16 17 0 18 0 19 0 20 0 21 0 22 0 23 0 24 0 25 0 26 G -1 0 -1 0 -1 0 -1 0 -1 0 -1 0 -1 0 -1 0 -1 0 0 0 0 0 0 0 0 1 0 1 0 1 -1 0 -1 0 -1 0 -1 0 -1 0 -1 0 -1 0 -1 0 -1 0 -1 0 -1 0
27 0 1 1 2 2 3 3 4 4 5 0 6 6 7 7 8 8 9 0 10 10 11 11 12 0 13 13 14 14 15 0 16 0 17 0 18 0 19 0 20 0 21 0 22 0 23 0 24 0 25 0 26 G -1 0 -1 0 -1 0 -1 0 -1 0 -1 0 -1 0 -1 0 -1 0 0 0 0 0 0 0 0 1 0 1 0 1 -1 0 -1 0 -1 0 -1 0 -1 0 -1 0 -1 0 -1 0 -1 0 -1 0 -1 0
27 0 1 1 2 2 3 3 4 4 5 0 6 6 7 7 8 8 9 0 10 10 11 11 12 0 13 13 14 0 15 15 16 0 17 17 18 0 19 19 20 0 21 21 22 0 23 23 24 0 25 25 26 G -1 0 -1 0 -1 0 -1 0 -1 0 -1 0 -1 0 -1 0 -1 0 -1 0 -1 0 -1 0 0 0 0 0 0 1 0 1 0 2 0 2 0 3 0 3 0 4 0 4 0 5 0 5 0 6 0 6
27 0 1 1 2 2 3 3 4 4 5 0 6 6 7 7 8 8 9 0 10 10 11 11 12 0 13 13 14 0 15 15 16 0 17 17 18 0 19 19 20 0 21 21 22 0 23 23 24 0 25 0 26 G -1 0 -1 0 -1 0 -1 0 -1 0 -1 0 -1 0 -1 0 -1 0 -1 0 -1 0 -1 0 0 0 0 0 0 1 0 1 0 2 0 2 0 3 0 3 0 4 0 4 0 5 0 5 -1 0 -1 0
27 0 1 1 2 2 3 3 4 4 5 0 6 6 7 7 8 8 9 0 10 10 11 11 12 0 13 13 14 0 15 15 16 0 17 17 18 0 19 19 20 0 21 21 22 0 23 0 24 0 25 0 26 G -1 0 -1 0 -1 0 -1 0 -1 0 -1 0 -1 0 -1 0 -1 0 -1 0 -1 0 -1 0 0 0 0 0 0 1 0 1 0 2 0 2 0 3 0 3 0 4 0 4 -1 0 -1 0 -1 0 -1 0
27 0 1 1 2 2 3 3 4 4 5 0 6 6 7 7 8 8 9 0 10 10 11 11 12 0 13 13 14 0 15 15 16 0 17 17 18 0 19 19 20 0 21 0 22 0 23 0 24 0 25 0 26 G -1 0 -1 0 -1 0 -1 0 -1 0 -1 0 -1 0 -1 0 -1 0 -1 0 -1 0 -1 0 0 0 0 0 0 1 0 1 0 2 0 2 0 3 0 3 -1 0 -1 0 -1 0 -1 0 -1 0 -1 0
27 0 1 1 2 2 3 3 4 4 5 0 6 6 7 7 8 8 9 0 10 10 11 11 12 0 13 13 14 0 15 15 16 0 17 17 18 0 19 0 20 0 21 0 22 0 23 0 24 0 25 0 26 G -1 0 -1 0 -1 0 -1 0 -1 0 -1 0 -1 0 -1 0 -1 0 -1 0 -1 0 -1 0 0 0 0 0 0 1 0 1 0 2 0 2 -1 0 -1 0 -1 0 -1 0 -1 0 -1 0 -1 0 -1 0
27 0 1 1 2 2 3 3 4 4 5 0 6 6 7 7 8 8 9 0 10 10 11 11 12 0 13 13 14 0 15 15 16 0 17 0 18 0 19 0 20 0 21 0 22 0 23 0 24 0 25 0 26 G -1 0 -1 0 -1 0 -1 0 -1 0 -1 0 -1 0 -1 0 -1 0 -1 0 -1 0 -1 0 0 0 0 0 0 1 0 1 -1 0 -1 0 -1 0 -1 0 -1 0 -1 0 -1 0 -1 0 -1 0 -1 0
27 0 1 1 2 2 3 3 4 4 5 0 6 6 7 7 8 8 9 0 10 10 11 11 12 0 13 13 14 0 15 0 16 0 17 0 18 0 19 0 20 0 21 0 22 0 23 0 24 0 25 0 26 G -1 0 -1 0 -1 0 -1 0 -1 0 -1 0 -1 0 -1 0 -1 0 -1 0 -1 0 -1 0 -1 0 -1 0 -1 0 -1 0 -1 0 -1 0 -1 0 -1 0 -1 0 -1 0 -1 0 -1 0 -1 0 -1 0
27 0 1 1 2 2 3 3 4 4 5 0 6 6 7 7 8 8 9 0 10 10 11 11 12 0 13 0 14 0 15 0 16 0 17 0 18 0 19 0 20 0 21 0 22 0 23 0 24 0 25 0 26 G -1 0 -1 0 -1 0 -1 0 -1 0 -1 0 -1 0 -1 0 -1 0 -1 0 -1 0 -1 0 -1 0 -1 0 -1 0 -1 0 -1 0 -1 0 -1 0 -1 0 -1 0 -1 0 -1 0 -1 0 -1 0 -1 0
27 0 1 1 2 2 3 3 4 4 5 0 6 6 7 7 8 8 9 0 10 10 11 0 12 12 13 0 14 14 15 0 16 16 17 0 18 18 19 0 20 20 21 0 22 22 23 0 24 24 25 0 26 G -1 0 -1 0 -1 0 -1 0 -1 0 -1 0 -1 0 -1 0 -1 0 0 0 0 0 0 1 0 1 0 2 0 2 0 3 0 3 0 4 0 4 0 5 0 5 0 6 0 6 0 7 0 7 -1 0
27 0 1 1 2 2 3 3 4 4 5 0 6 6 7 7 8 8 9 0 10 10 11 0 12 12 13 0 14 14 15 0 16 16 17 0 18 18 19 0 20 20 21 0 22 22 23 0 24 0 25 0 26 G -1 0 -1 0 -1 0 -1 0 -1 0 -1 0 -1 0 -1 0 -1 0 0 0 0 0 0 1 0 1 0 2 0 2 0 3 0 3 0 4 0 4 0 5 0 5 0 6 0 6 -1 0 -1 0 -1 0
27 0 1 1 2 2 3 3 4 4 5 0 6 6 7 7 8 8 9 0 10 10 11 0 12 12 13 0 14 14 15 0 16 16 17 0 18 18 19 0 20 20 21 0 22 0 23 0 24 0 25 0 26 G -1 0 -1 0 -1 0 -1 0 -1 0 -1 0 -1 0 -1 0 -1 0 0 0 0 0 0 1 0 1 0 2 0 2 0 3 0 3 0 4 0 4 0 5 0 5 -1 0 -1 0 -1 0 -1 0 -1 0
27 0 1 1 2 2 3 3 4 4 5 0 6 6 7 7 8 8 9 0 10 10 11 0 12 12 13 0 14 14 15 0 16 16 17 0 18 18 19 0 20 0 21 0 22 0 23 0 24 0 25 0 26 G -1 0 -1 0 -1 0 -1 0 -1 0 -1 0 -1 0 -1 0 -1 0 0 0 0 0 0 1 0 1 0 2 0 2 0 3 0 3 0 4 0 4 -1 0 -1 0 -1 0 -1 0 -1 0 -1 0 -1 0
27 0 1 1 2 2 3 3 4 4 5 0 6 6 7 7 8 8 9 0 10 10 11 0 12 12 13 0 14 14 15 0 16 16 17 0 18 0 19 0 20 0 21 0 22 0 23 0 24 0 25 0 26 G -1 0 -1 0 -1 0 -1 0 -1 0 -1 0 -1 0 -1 0 -1 0 0 0 0 0 0 1 0 1 0 2 0 2 0 3 0 3 -1 0 -1 0 -1 0 -1 0 -1 0 -1 0 -1 0 -1 0 -1 0
27 0 1 1 2 2 3 3 4 4 5 0 6 6 7 7 8 8 9 0 10 10 11 0 12 12 13 0 14 14 15 0 16 0 17 0 18 0 19 0 20 0 21 0 22 0 23 0 24 0 25 0 26 G -1 0 -1 0 -1 0 -1 0 -1 0 -1 0 -1 0 -1 0 -1 0 0 0 0 0 0 1 0 1 0 2 0 2 -1 0 -1 0 -1 0 -1 0 -1 0 -1 0 -1 0 -1 0 -1 0 -1 0 -1 0
27 0 1 1 2 2 3 3 4 4 5 0 6 6 7 7 8 8 9 0 10 10 11 0 12 12 13 0 14 0 15 0 16 0 17 0 18 0 19 0 20 0 21 0 22 0 23 0 24 0 25 0 26 G -1 0 -1 0 -1 0 -1 0 -1 0 -1 0 -1 0 -1 0 -1 0 0 0 0 0 0 1 0 1 -1 0 -1 0 -1 0 -1 0 -1 0 -1 0 -1 0 -1 0 -1 0 -1 0 -1 0 -1 0 -1 0
27 0 1 1 2 2 3 3 4 4 5 0 6 6 7 7 8 8 9 0 10 10 11 0 12 0 13 0 14 0 15 0 16 0 17 0 18 0 19 0 20 0 21 0 22 0 23 0 24 0 25 0 26 G -1 0 -1 0 -1 0 -1 0 -1 0 -1 0 -1 0 -1 0 -1 0 -1 0 -1 0 -1 0 -1 0 -1 0 -1 0 -1 0 -1 0 -1 0 -1 0 -1 0 -1 0 -1 0 -1 0 -1 0 -1 0 -1 0
27 0 1 1 2 2 3 3 4 4 5 0 6 6 7 7 8 8 9 0 10 0 11 0 12 0 13 0 14 0 15 0 16 0 17 0 18 0 19 0 20 0 21 0 22 0 23 0 24 0 25 0 26 G -1 0 -1 0 -1 0 -1 0 -1 0 -1 0 -1 0 -1 0 -1 0 -1 0 -1 0 -1 0 -1 0 -1 0 -1 0 -1 0 -1 0 -1 0 -1 0 -1 0 -1 0 -1 0 -1 0 -1 0 -1 0 -1 0
27 0 1 1 2 2 3 3 4 4 5 0 6 6 7 7 8 0 9 9 10 10 11 0 12 12 13 13 14 0 15 15 16 16 17 0 18 18 19 19 20 0 21 21 22 22 23 0 24 24 25 25 26 G -1 0 -1 0 -1 0 -1 0 -1 0 0 0 0 0 0 0 0 1 0 1 0 1 0 2 0 2 0 2 0 3 0 3 0 3 0 4 0 4 0 4 0 5 0 5 0 5 0 6 0 6 0 6
27 0 1 1 2 2 3 3 4 4 5 0 6 6 7 7 8 0 9 9 10 10 11 0 12 12 13 13 14 0 15 15 16 16 17 0 18 18 19 19 20 0 21 21 22 22 23 0 24 24 25 0 26 G -1 0 -1 0 -1 0 -1 0 -1 0 0 0 0 0 0 0 0 1 0 1 0 1 0 2 0 2 0 2 0 3 0 3 0 3 0 4 0 4 0 4 0 5 0 5 0 5 -1 0 -1 0 -1 0
27 0 1 1 2 2 3 3 4 4 5 0 6 6 7 7 8 0 9 9 10 10 11 0 12 12 13 13 14 0 15 15 16 16 17 0 18 18 19 19 20 0 21 21 22 22 23 0 24 0 25 0 26 G -1 0 -1 0 -1 0 -1 0 -1 0 0 0 0 0 0 0 0 1 0 1 0 1 0 2 0 2 0 2 0 3 0 3 0 3 0 4 0 4 0 4 0 5 0 5 0 5 -1 0 -1 0 -1 0
27 0 1 1 2 2 3 3 4 4 5 0 6 6 7 7 8 0 9 9 10 10 11 0 12 12 13 13 14 0 15 15 16 16 17 0 18 18 19 19 20 0 21 21 22 0 23 23 24 0 25 25 26 G -1 0 -1 0 -1 0 -1 0 -1 0 1 0 1 0 1 0 1 1 1 1 1 1 1 2 1 2 1 2 1 3 1 3 1 3 1 4 1 4 1 4 0 0 0 0 0 1 0 1 0 2 0 2
27 0 1 1 2 2 3 3 4 4 5 0 6 6 7 7 8 0 9 9 10 10 11 0 12 12 13 13 14 0 15 15 16 16 17 0 18 18 19 19 20 0 21 21 22 0 23 23 24 0 25 0 26 G -1 0 -1 0 -1 0 -1 0 -1 0 1 0 1 0 1 0 1 1 1 1 1 1 1 2 1 2 1 2 1 3 1 3 1 3 1 4 1 4 1 4 0 0 0 0 0 1 0 1 -1 0 -1 0
27 0 1 1 2 2 3 3 4 4 5 0 6 6 7 7 8 0 9 9 10 10 11 0 12 12 13 13 14 0 15 15 16 16 17 0 18 18 19 19 20 0 21 21 22 0 23 0 24 0 25 0 26 G -1 0 -1 0 -1 0 -1 0 -1 0 0 0 0 0 0 0 0 1 0 1 0 1 0 2 0 2 0 2 0 3 0 3 0 3 0 4 0 4 0 4 -1 0 -1 0 -1 0 -1 0 -1 0 -1 0
27 0 1 1 2 2 3 3 4 4 5 0 6 6 7 7 8 0 9 9 10 10 11 0 12 12 13 13 14 0 15 15 16 16 17 0 18 18 19 19 20 0 21 0 22 0 23 0 24 0 25 0 26 G -1 0 -1 0 -1 0 -1 0 -1 0 0 0 0 0 0 0 0 1 0 1 0 1 0 2 0 2 0 2 0 3 0 3 0 3 0 4 0 4 0 4 -1 0 -1 0 -1 0 -1 0 -1 0 -1 0
27 0 1 1 2 2 3 3 4 4 5 0 6 6 7 7 8 0 9 9 10 10 11 0 12 12 13 13 14 0 15 15 16 16 17 0 18 18 19 0 20 20 21 0 22 22 23 0 24 24 25 0 26 G -1 0 -1 0 -1 0 -1 0 -1 0 1 0 1 0 1 0 1 1 1 1 1 1 1 2 1 2 1 2 1 3 1 3 1 3 0 0 0 0 0 1 0 1 0 2 0 2 0 3 0 3 -1 0
27 0 1 1 2 2 3 3 4 4 5 0 6 6 7 7 8 0 9 9 10 10 11 0 12 12 13 13 14 0 15 15 16 16 17 0 18 18 19 0 20 20 21 0 22 22 23 0 24 0 25 0 26 G -1 0 -1 0 -1 0 -1 0 -1 0 1 0 1 0 1 0 1 1 1 1 1 1 1 2 1 2 1 2 1 3 1 3 1 3 0 0 0 0 0 1 0 1 0 2 0 2 -1 0 -1 0 -1 0
27 0 1 1 2 2 3 3 4 4 5 0 6 6 7 7 8 0 9 9 10 10 11 0 12 12 13 13 14 0 15 15 16 16 17 0 18 18 19 0 20 20 21 0 22 0 23 0 24 0 25 0 26 G -1 0 -1 0 -1 0 -1 0 -1 0 1 0 1 0 1 0 1 1 1 1 1 1 1 2 1 2 1 2 1 3 1 3 1 3 0 0 0 0 0 1 0 1 -1 0 -1 0 -1 0 -1 0 -1 0
27 0 1 1 2 2 3 3 4 4 5 0 6 6 7 7 8 0 9 9 10 10 11 0 12 12 13 13 14 0 15 15 16 16 17 0 18 18 19 0 20 0 21 0 22 0 23 0 24 0 25 0 26 G -1 0 -1 0 -1 0 -1 0 -1 0 0 0 0 0 0 0 0 1 0 1 0 1 0 2 0 2 0 2 0 3 0 3 0 3 -1 0 -1 0 -1 0 -1 0 -1 0 -1 0 -1 0 -1 0 -1 0
27 0 1 1 2 2 3 3 4 4 5 0 6 6 7 7 8 0 9 9 10 10 11 0 12 12 13 13 14 0 15 15 16 16 17 0 18 0 19 0 20 0 21 0 22 0 23 0 24 0 25 0 26 G -1 0 -1 0 -1 0 -1 0 -1 0 0 0 0 0 0 0 0 1 0 1 0 1 0 2 0 2 0 2 0 3 0 3 0 3 -1 0 -1 0 -1 0 -1 0 -1 0 -1 0 -1 0 -1 0 -1 0
27 0 1 1 2 2 3 3 4 4 5 0 6 6 7 7 8 0 9 9 10 10 11 0 12 12 13 13 14 0 15 15 16 0 17 17 18 0 19 19 20 0 21 21 22 0 23 23 24 0 25 25 26 G -1 0 -1 0 -1 0 -1 0 -1 0 1 0 1 0 1 0 1 1 1 1 1 1 1 2 1 2 1 2 0 0 0 0 0 1 0 1 0 2 0 2 0 3 0 3 0 4 0 4 0 5 0 5
27 0 1 1 2 2 3 3 4 4 5 0 6 6 7 7 8 0 9 9 10 10 11 0 12 12 13 13 14 0 15 15 16 0 17 17 18 0 19 19 20 0 21 21 22 0 23 23 24 0 25 0 26 G -1 0 -1 0 -1 0 -1 0 -1 0 1 0 1 0 1 0 1 1 1 1 1 1 1 2 1 2 1 2 0 0 0 0 0 1 0 1 0 2 0 2 0 3 0 3 0 4 0 4 -1 0 -1 0
27 0 1 1 2 2 3 3 4 4 5 0 6 6 7 7 8 0 9 9 10 10 11 0 12 12 13 13 14 0 15 15 16 0 17 17 18 0 19 19 20 0 21 21 22 0 23 0 24 0 25 0 26 G -1 0 -1 0 -1 0 -1 0 -1 0 1 0 1 0 1 0 1 1 1 1 1 1 1 2 1 2 1 2 0 0 0 0 0 1 0 1 0 2 0 2 0 3 0 3 -1 0 -1 0 -1 0 -1 0
27 0 1 1 2 2 3 3 4 4 5 0 6 6 7 7 8 0 9 9 10 10 11 0 12 12 13 13 14 0 15 15 16 0 17 17 18 0 19 19 20 0 21 0 22 0 23 0 24 0 25 0 26 G -1 0 -1 0 -1 0 -1 0 -1 0 1 0 1 0 1 0 1 1 1 1 1 1 1 2 1 2 1 2 0 0 0 0 0 1 0 1 0 2 0 2 -1 0 -1 0 -1 0 -1 0 -1 0 -1 0
27 0 1 1 2 2 3 3 4 4 5 0 6 6 7 7 8 0 9 9 10 10 11 0 12 12 13 13 14 0 15 15 16 0 17 17 18 0 19 0 20 0 21 0 22 0 23 0 24 0 25 0 26 G -1 0 -1 0 -1 0 -1 0 -1 0 1 0 1 0 1 0 1 1 1 1 1 1 1 2 1 2 1 2 0 0 0 0 0 1 0 1 -1 0 -1 0 -1 0 -1 0 -1 0 -1 0 -1 0 -1 0
27 0 1 1 2 2 3 3 4 4 5 0 6 6 7 7 8 0 9 9 10 10 11 0 12 12 13 13 14 0 15 15 16 0 17 0 18 0 19 0 20 0 21 0 22 0 23 0 24 0 25 0 26 G -1 0 -1 0 -1 0 -1 0 -1 0 0 0 0 0 0 0 0 1 0 1 0 1 0 2 0 2 0 2 -1 0 -1 0 -1 0 -1 0 -1 0 -1 0 -1 0 -1 0 -1 0 -1 0 -1 0 -1 0
27 0 1 1 2 2 3 3 4 4 5 0 6 6 7 7 8 0 9 9 10 10 11 0 12 12 13 13 14 0 15 0 16 0 17 0 18 0 19 0 20 0 21 0 22 0 23 0 24 0 25 0 26 G -1 0 -1 0 -1 0 -1 0 -1 0 0 0 0 0 0 0 0 1 0 1 0 1 0 2 0 2 0 2 -1 0 -1 0 -1 0 -1 0 -1 0 -1 0 -1 0 -1 0 -1 0 -1 0 -1 0 -1 0
27 0 1 1 2 2 3 3 4 4 5 0 6 6 7 7 8 0 9 9 10 10 11 0 12 12 13 0 14 14 15 0 16 16 17 0 18 18 19 0 20 20 21 0 22 22 23 0 24 24 25 0 26 G -1 0 -1 0 -1 0 -1 0 -1 0 1 0 1 0 1 0 1 1 1 1 1 1 0 0 0 0 0 1 0 1 0 2 0 2 0 3 0 3 0 4 0 4 0 5 0 5 0 6 0 6 -1 0
27 0 1 1 2 2 3 3 4 4 5 0 6 6 7 7 8 0 9 9 10 10 11 0 12 12 13 0 14 14 15 0 16 16 17 0 18 18 19 0 20 20 21 0 22 22 23 0 24 0 25 0 26 G -1 0 -1 0 -1 0 -1 0 -1 0 1 0 1 0 1 0 1 1 1 1 1 1 0 0 0 0 0 1 0 1 0 2 0 2 0 3 0 3 0 4 0 4 0 5 0 5 -1 0 -1 0 -1 0
27 0 1 1 2 2 3 3 4 4 5 0 6 6 7 7 8 0 9 9 10 10 11 0 12 12 13 0 14 14 15 0 16 16 17 0 18 18 19 0 20 20 21 0 22 0 23 0 24 0 25 0 26 G -1 0 -1 0 -1 0 -1 0 -1 0 1 0 1 0 1 0 1 1 1 1 1 1 0 0 0 0 0 1 0 1 0 2 0 2 0 3 0 3 0 4 0 4 -1 0 -1 0 -1 0 -1 0 -1 0
27 0 1 1 2 2 3 3 4 4 5 0 6 6 7 7 8 0 9 9 10 10 11 0 12 12 13 0 14 14 15 0 16 16 17 0 18 18 19 0 20 0 21 0 22 0 23 0 24 0 25 0 26 G -1 0 -1 0 -1 0 -1 0 -1 0 1 0 1 0 1 0 1 1 1 1 1 1 0 0 0 0 0 1 0 1 0 2 0 2 0 3 0 3 -1 0 -1 0 -1 0 -1 0 -1 0 -1 0 -1 0
27 0 1 1 2 2 3 3 4 4 5 0 6 6 7 7 8 0 9 9 10 10 11 0 12 12 13 0 14 14 15 0 16 16 17 0 18 0 19 0 20 0 21 0 22 0 23 0 24 0 25 0 26 G -1 0 -1 0 -1 0 -1 0 -1 0 1 0 1 0 1 0 1 1 1 1 1 1 0 0 0 0 0 1 0 1 0 2 0 2 -1 0 -1 0 -1 0 -1 0 -1 0 -1 0 -1 0 -1 0 -1 0
27 0 1 1 2 2 3 3 4 4 5 0 6 6 7 7 8 0 9 9 10 10 11 0 12 12 13 0 14 14 15 0 16 0 17 0 18 0 19 0 20 0 21 0 22 0 23 0 24 0 25 0 26 G -1 0 -1 0 -1 0 -1 0 -1 0 1 0 1 0 1 0 1 1 1 1 1 1 0 0 0 0 0 1 0 1 -1 0 -1 0 -1 0 -1 0 -1 0 -1 0 -1 0 -1 0 -1 0 -1 0 -1 0
27 0 1 1 2 2 3 3 4 4 5 0 6 6 7 7 8 0 9 9 10 10 11 0 12 12 13 0 14 0 15 0 16 0 17 0 18 0 19 0 20 0 21 0 22 0 23 0 24 0 25 0 26 G -1 0 -1 0 -1 0 -1 0 -1 0 0 0 0 0 0 0 0 1 0 1 0 1 -1 0 -1 0 -1 0 -1 0 -1 0 -1 0 -1 0 -1 0 -1 0 -1 0 -1 0 -1 0 -1 0 -1 0 -1 0
27 0 1 1 2 2 3 3 4 4 5 0 6 6 7 7 8 0 9 9 10 10 11 0 12 0 13 0 14 0 15 0 16 0 17 0 18 0 19 0 20 0 21 0 22 0 23 0 24 0 25 0 26 G -1 0 -1 0 -1 0 -1 0 -1 0 0 0 0 0 0 0 0 1 0 1 0 1 -1 0 -1 0 -1 0 -1 0 -1 0 -1 0 -1 0 -1 0 -1 0 -1 0 -1 0 -1 0 -1 0 -1 0 -1 0
27 0 1 1 2 2 3 3 4 4 5 0 6 6 7 7 8 0 9 9 10 0 11 11 12 0 13 13 14 0 15 15 16 0 17 17 18 0 19 19 20 0 21 21 22 0 23 23 24 0 25 25 26 G -1 0 -1 0 -1 0 -1 0 -1 0 -1 0 -1 0 -1 0 0 0 0 0 0 1 0 1 0 2 0 2 0 3 0 3 0 4 0 4 0 5 0 5 0 6 0 6 0 7 0 7 0 8 0 8
27 0 1 1 2 2 3 3 4 4 5 0 6 6 7 7 8 0 9 9 10 0 11 11 12 0 13 13 14 0 15 15 16 0 17 17 18 0 19 19 20 0 21 21 22 0 23 23 24 0 25 0 26 G -1 0 -1 0 -1 0 -1 0 -1 0 -1 0 -1 0 -1 0 0 0 0 0 0 1 0 1 0 2 0 2 0 3 0 3 0 4 0 4 0 5 0 5 0 6 0 6 0 7 0 7 -1 0 -1 0
27 0 1 1 2 2 3 3 4 4 5 0 6 6 7 7 8 0 9 9 10 0 11 11 12 0 13 13 14 0 15 15 16 0 17 17 18 0 19 19 20 0 21 21 22 0 23 0 24 0 25 0 26 G -1 0 -1 0 -1 0 -1 0 -1 0 -1 0 -1 0 -1 0 0 0 0 0 0 1 0 1 0 2 0 2 0 3 0 3 0 4 0 4 0 5 0 5 0 6 0 6 -1 0 -1 0 -1 0 -1 0
27 0 1 1 2 2 3 3 4 4 5 0 6 6 7 7 8 0 9 9 10 0 11 11 12 0 13 13 14 0 15 15 16 0 17 17 18 0 19 19 20 0 21 0 22 0 23 0 24 0 25 0 26 G -1 0 -1 0 -1 0 -1 0 -1 0 -1 0 -1 0 -1 0 0 0 0 0 0 1 0 1 0 2 0 2 0 3 0 3 0 4 0 4 0 5 0 5 -1 0 -1 0 -1 0 -1 0 -1 0 -1 0
27 0 1 1 2 2 3 3 4 4 5 0 6 6 7 7 8 0 9 9 10 0 11 11 12 0 13 13 14 0 15 15 16 0 17 17 18 0 19 0 20 0 21 0 22 0 23 0 24 0 25 0 26 G -1 0 -1 0 -1 0 -1 0 -1 0 -1 0 -1 0 -1 0 0 0 0 0 0 1 0 1 0 2 0 2 0 3 0 3 0 4 0 4 -1 0 -1 0 -1 0 -1 0 -1 0 -1 0 -1 0 -1 0
27 0 1 1 2 2 3 3 4 4 5 0 6 6 7 7 8 0 9 9 10 0 11 11 12 0 13 13 14 0 15 15 16 0 17 0 18 0 19 0 20 0 21 0 22 0 23 0 24 0 25 0 26 G -1 0 -1 0 -1 0 -1 0 -1 0 -1 0 -1 0 -1 0 0 0 0 0 0 1 0 1 0 2 0 2 0 3 0 3 -1 0 -1 0 -1 0 -1 0 -1 0 -1 0 -1 0 -1 0 -1 0 -1 0
27 0 1 1 2 2 3 3 4 4 5 0 6 6 7 7 8 0 9 9 10 0 11 11 12 0 13 13 14 0 15 0 16 0 17 0 18 0 19 0 20 0 21 0 22 0 23 0 24 0 25 0 26 G -1 0 -1 0 -1 0 -1 0 -1 0 -1 0 -1 0 -1 0 0 0 0 0 0 1 0 1 0 2 0 2 -1 0 -1 0 -1 0 -1 0 -1 0 -1 0 -1 0 -1 0 -1 0 -1 0 -1 0 -1 0
27 0 1 1 2 2 3 3 4 4 5 0 6 6 7 7 8 0 9 9 10 0 11 11 12 0 13 0 14 0 15 0 16 0 17 0 18 0 19 0 20 0 21 0 22 0 23 0 24 0 25 0 26 G -1 0 -1 0 -1 0 -1 0 -1 0 -1 0 -1 0 -1 0 0 0 0 0 0 1 0 1 -1 0 -1 0 -1 0 -1 0 -1 0 -1 0 -1 0 -1 0 -1 0 -1 0 -1 0 -1 0 -1 0 -1 0
27 0 1 1 2 2 3 3 4 4 5 0 6 6 7 7 8 0 9 9 10 0 11 0 12 0 13 0 14 0 15 0 16 0 17 0 18 0 19 0 20 0 21 0 22 0 23 0 24 0 25 0 26 G -1 0 -1 0 -1 0 -1 0 -1 0 -1 0 -1 0 -1 0 -1 0 -1 0 -1 0 -1 0 -1 0 -1 0 -1 0 -1 0 -1 0 -1 0 -1 0 -1 0 -1 0 -1 0 -1 0 -1 0 -1 0 -1 0
27 0 1 1 2 2 3 3 4 4 5 0 6 6 7 7 8 0 9 0 10 0 11 0 12 0 13 0 14 0 15 0 16 0 17 0 18 0 19 0 20 0 21 0 22 0 23 0 24 0 25 0 26 G -1 0 -1 0 -1 0 -1 0 -1 0 -1 0 -1 0 -1 0 -1 0 -1 0 -1 0 -1 0 -1 0 -1 0 -1 0 -1 0 -1 0 -1 0 -1 0 -1 0 -1 0 -1 0 -1 0 -1 0 -1 0 -1 0
27 0 1 1 2 2 3 3 4 4 5 0 6 6 7 0 8 8 9 0 10 10 11 0 12 12 13 0 14 14 15 0 16 16 17 0 18 18 19 0 20 20 21 0 22 22 23 0 24 24 25 0 26 G -1 0 -1 0 -1 0 -1 0 -1 0 0 0 0 0 0 1 0 1 0 2 0 2 0 3 0 3 0 4 0 4 0 5 0 5 0 6 0 6 0 7 0 7 0 8 0 8 0 9 0 9 -1 0
27 0 1 1 2 2 3 3 4 4 5 0 6 6 7 0 8 8 9 0 10 10 11 0 12 12 13 0 14 14 15 0 16 16 17 0 18 18 19 0 20 20 21 0 22 22 23 0 24 0 25 0 26 G -1 0 -1 0 -1 0 -1 0 -1 0 0 0 0 0 0 1 0 1 0 2 0 2 0 3 0 3 0 4 0 4 0 5 0 5 0 6 0 6 0 7 0 7 0 8 0 8 -1 0 -1 0 -1 0
27 0 1 1 2 2 3 3 4 4 5 0 6 6 7 0 8 8 9 0 10 10 11 0 12 12 13 0 14 14 15 0 16 16 17 0 18 18 19 0 20 20 21 0 22 0 23 0 24 0 25 0 26 G -1 0 -1 0 -1 0 -1 0 -1 0 0 0 0 0 0 1 0 1 0 2 0 2 0 3 0 3 0 4 0 4 0 5 0 5 0 6 0 6 0 7 0 7 -1 0 -1 0 -1 0 -1 0 -1 0
27 0 1 1 2 2 3 3 4 4 5 0 6 6 7 0 8 8 9 0 10 10 11 0 12 12 13 0 14 14 15 0 16 16 17 0 18 18 19 0 20 0 21 0 22 0 23 0 24 0 25 0 26 G -1 0 -1 0 -1 0 -1 0 -1 0 0 0 0 0 0 1 0 1 0 2 0 2 0 3 0 3 0 4 0 4 0 5 0 5 0 6 0 6 -1 0 -1 0 -1 0 -1 0 -1 0 -1 0 -1 0
27 0 1 1 2 2 3 3 4 4 5 0 6 6 7 0 8 8 9 0 10 10 11 0 12 12 13 0 14 14 15 0 16 16 17 0 18 0 19 0 20 0 21 0 22 0 23 0 24 0 25 0 26 G -1 0 -1 0 -1 0 -1 0 -1 0 0 0 0 0 0 1 0 1 0 2 0 2 0 3 0 3 0 4 0 4 0 5 0 5 -1 0 -1 0 -1 0 -1 0 -1 0 -1 0 -1 0 -1 0 -1 0
27 0 1 1 2 2 3 3 4 4 5 0 6 6 7 0 8 8 9 0 10 10 11 0 12 12 13 0 14 14 15 0 16 0 17 0 18 0 19 0 20 0 21 0 22 0 23 0 24 0 25 0 26 G -1 0 -1 0 -1 0 -1 0 -1 0 0 0 0 0 0 1 0 1 0 2 0 2 0 3 0 3 0 4 0 4 -1 0 -1 0 -1 0 -1 0 -1 0 -1 0 -1 0 -1 0 -1 0 -1 0 -1 0
27 0 1 1 2 2 3 3 4 4 5 0 6 6 7 0 8 8 9 0 10 10 11 0 12 12 13 0 14 0 15 0 16 0 17 0 18 0 19 0 20 0 21 0 22 0 23 0 24 0 25 0 26 G -1 0 -1 0 -1 0 -1 0 -1 0 0 0 0 0 0 1 0 1 0 2 0 2 0 3 0 3 -1 0 -1 0 -1 0 -1 0 -1 0 -1 0 -1 0 -1 0 -1 0 -1 0 -1 0 -1 0 -1 0
27 0 1 1 2 2 3 3 4 4 5 0 6 6 7 0 8 8 9 0 10 10 11 0 12 0 13 0 14 0 15 0 16 0 17 0 18 0 19 0 20 0 21 0 22 0 23 0 24 0 25 0 26 G -1 0 -1 0 -1 0 -1 0 -1 0 0 0 0 0 0 1 0 1 0 2 0 2 -1 0 -1 0 -1 0 -1 0 -1 0 -1 0 -1 0 -1 0 -1 0 -1 0 -1 0 -1 0 -1 0 -1 0 -1 0
27 0 1 1 2 2 3 3 4 4 5 0 6 6 7 0 8 8 9 0 10 0 11 0 12 0 13 0 14 0 15 0 16 0 17 0 18 0 19 0 20 0 21 0 22 0 23 0 24 0 25 0 26 G -1 0 -1 0 -1 0 -1 0 -1 0 0 0 0 0 0 1 0 1 -1 0 -1 0 -1 0 -1 0 -1 0 -1 0 -1 0 -1 0 -1 0 -1 0 -1 0 -1 0 -1 0 -1 0 -1 0 -1 0 -1 0
27 0 1 1 2 2 3 3 4 4 5 0 6 6 7 0 8 0 9 0 10 0 11 0 12 0 13 0 14 0 15 0 16 0 17 0 18 0 19 0 20 0 21 0 22 0 23 0 24 0 25 0 26 G -1 0 -1 0 -1 0 -1 0 -1 0 -1 0 -1 0 -1 0 -1 0 -1 0 -1 0 -1 0 -1 0 -1 0 -1 0 -1 0 -1 0 -1 0 -1 0 -1 0 -1 0 -1 0 -1 0 -1 0 -1 0 -1 0
27 0 1 1 2 2 3 3 4 4 5 0 6 0 7 0 8 0 9 0 10 0 11 0 12 0 13 0 14 0 15 0 16 0 17 0 18 0 19 0 20 0 21 0 22 0 23 0 24 0 25 0 26 G -1 0 -1 0 -1 0 -1 0 -1 0 -1 0 -1 0 -1 0 -1 0 -1 0 -1 0 -1 0 -1 0 -1 0 -1 0 -1 0 -1 0 -1 0 -1 0 -1 0 -1 0 -1 0 -1 0 -1 0 -1 0 -1 0
27 0 1 1 2 2 3 3 4 0 5 5 6 6 7 7 8 0 9 9 10 10 11 11 12 0 13 13 14 14 15 15 16 0 17 17 18 18 19 19 20 0 21 21 22 22 23 23 24 0 25 25 26 G 0 0 0 0 0 0 0 0 0 1 0 1 0 1 0 1 0 2 0 2 0 2 0 2 0 3 0 3 0 3 0 3 0 4 0 4 0 4 0 4 0 5 0 5 0 5 0 5 -1 0 -1 0
27 0 1 1 2 2 3 3 4 0 5 5 6 6 7 7 8 0 9 9 10 10 11 11 12 0 13 13 14 14 15 15 16 0 17 17 18 18 19 19 20 0 21 21 22 22 23 23 24 0 25 0 26 G 0 0 0 0 0 0 0 0 0 1 0 1 0 1 0 1 0 2 0 2 0 2 0 2 0 3 0 3 0 3 0 3 0 4 0 4 0 4 0 4 0 5 0 5 0 5 0 5 -1 0 -1 0
27 0 1 1 2 2 3 3 4 0 5 5 6 6 7 7 8 0 9 9 10 10 11 11 12 0 13 13 14 14 15 15 16 0 17 17 18 18 19 19 20 0 21 21 22 22 23 0 24 24 25 25 26 G 1 0 1 0 1 0 1 0 1 1 1 1 1 1 1 1 1 2 1 2 1 2 1 2 1 3 1 3 1 3 1 3 1 4 1 4 1 4 1 4 0 0 0 0 0 0 0 1 0 1 0 1
27 0 1 1 2 2 3 3 4 0 5 5 6 6 7 7 8 0 9 9 10 10 11 11 12 0 13 13 14 14 15 15 16 0 17 17 18 18 19 19 20 0 21 21 22 22 23 0 24 24 25 0 26 G 0 0 0 0 0 0 0 0 0 1 0 1 0 1 0 1 0 2 0 2 0 2 0 2 0 3 0 3 0 3 0 3 0 4 0 4 0 4 0 4 -1 0 -1 0 -1 0 -1 0 -1 0 -1 0
27 0 1 1 2 2 3 3 4 0 5 5 6 6 7 7 8 0 9 9 10 10 11 11 12 0 13 13 14 14 15 15 16 0 17 17 18 18 19 19 20 0 21 21 22 22 23 0 24 0 25 0 26 G 0 0 0 0 0 0 0 0 0 1 0 1 0 1 0 1 0 2 0 2 0 2 0 2 0 3 0 3 0 3 0 3 0 4 0 4 0 4 0 4 -1 0 -1 0 -1 0 -1 0 -1 0 -1 0
27 0 1 1 2 2 3 3 4 0 5 5 6 6 7 7 8 0 9 9 10 10 11 11 12 0 13 13 14 14 15 15 16 0 17 17 18 18 19 19 20 0 21 21 22 0 23 23 24 0 25 25 26 G 1 0 1 0 1 0 1 0 1 1 1 1 1 1 1 1 1 2 1 2 1 2 1 2 1 3 1 3 1 3 1 3 1 4 1 4 1 4 1 4 0 0 0 0 0 1 0 1 0 2 0 2
27 0 1 1 2 2 3 3 4 0 5 5 6 6 7 7 8 0 9 9 10 10 11 11 12 0 13 13 14 14 15 15 16 0 17 17 18 18 19 19 20 0 21 21 22 0 23 23 24 0 25 0 26 G 1 0 1 0 1 0 1 0 1 1 1 1 1 1 1 1 1 2 1 2 1 2 1 2 1 3 1 3 1 3 1 3 1 4 1 4 1 4 1 4 0 0 0 0 0 1 0 1 -1 0 -1 0
27 0 1 1 2 2 3 3 4 0 5 5 6 6 7 7 8 0 9 9 10 10 11 11 12 0 13 13 14 14 15 15 16 0 17 17 18 18 19 19 20 0 21 21 22 0 23 0 24 0 25 0 26 G 0 0 0 0 0 0 0 0 0 1 0 1 0 1 0 1 0 2 0 2 0 2 0 2 0 3 0 3 0 3 0 3 0 4 0 4 0 4 0 4 -1 0 -1 0 -1 0 -1 0 -1 0 -1 0
27 0 1 1 2 2 3 3 4 0 5 5 6 6 7 7 8 0 9 9 10 10 11 11 12 0 13 13 14 14 15 15 16 0 17 17 18 18 19 19 20 0 21 0 22 0 23 0 24 0 25 0 26 G 0 0 0 0 0 0 0 0 0 1 0 1 0 1 0 1 0 2 0 2 0 2 0 2 0 3 0 3 0 3 0 3 0 4 0 4 0 4 0 4 -1 0 -1 0 -1 0 -1 0 -1 0 -1 0
27 0 1 1 2 2 3 3 4 0 5 5 6 6 7 7 8 0 9 9 10 10 11 11 12 0 13 13 14 14 15 15 16 0 17 17 18 18 19 0 20 20 21 21 22 0 23 23 24 24 25 0 26 G 1 0 1 0 1 0 1 0 1 1 1 1 1 1 1 1 1 2 1 2 1 2 1 2 1 3 1 3 1 3 1 3 0 0 0 0 0 0 0 1 0 1 0 1 0 2 0 2 0 2 -1 0
27 0 1 1 2 2 3 3 4 0 5 5 6 6 7 7 8 0 9 9 10 10 11 11 12 0 13 13 14 14 15 15 16 0 17 17 18 18 19 0 20 20 21 21 22 0 23 23 24 0 25 25 26 G 2 0 2 0 2 0 2 0 2 1 2 1 2 1 2 1 2 2 2 2 2 2 2 2 2 3 2 3 2 3 2 3 1 0 1 0 1 0 1 1 1 1 1 1 0 0 0 0 0 1 0 1
27 0 1 1 2 2 3 3 4 0 5 5 6 6 7 7 8 0 9 9 10 10 11 11 12 0 13 13 14 14 15 15 16 0 17 17 18 18 19 0 20 20 21 21 22 0 23 23 24 0 25 0 26 G 1 0 1 0 1 0 1 0 1 1 1 1 1 1 1 1 1 2 1 2 1 2 1 2 1 3 1 3 1 3 1 3 0 0 0 0 0 0 0 1 0 1 0 1 -1 0 -1 0 -1 0 -1 0
27 0 1 1 2 2 3 3 4 0 5 5 6 6 7 7 8 0 9 9 10 10 11 11 12 0 13 13 14 14 15 15 16 0 17 17 18 18 19 0 20 20 21 21 22 0 23 0 24 0 25 0 26 G 1 0 1 0 1 0 1 0 1 1 1 1 1 1 1 1 1 2 1 2 1 2 1 2 1 3 1 3 1 3 1 3 0 0 0 0 0 0 0 1 0 1 0 1 -1 0 -1 0 -1 0 -1 0
27 0 1 1 2 2 3 3 4 0 5 5 6 6 7 7 8 0 9 9 10 10 11 11 12 0 13 13 14 14 15 15 16 0 17 17 18 18 19 0 20 20 21 0 22 22 23 0 24 24 25 0 26 G 1 0 1 0 1 0 1 0 1 1 1 1 1 1 1 1 1 2 1 2 1 2 1 2 1 3 1 3 1 3 1 3 -1 0 -1 0 -1 0 0 0 0 0 0 1 0 1 0 2 0 2 -1 0
27 0 1 1 2 2 3 3 4 0 5 5 6 6 7 7 8 0 9 9 10 10 11 11 12 0 13 13 14 14 15 15 16 0 17 17 18 18 19 0 20 20 21 0 22 22 23 0 24 0 25 0 26 G 1 0 1 0 1 0 1 0 1 1 1 1 1 1 1 1 1 2 1 2 1 2 1 2 1 3 1 3 1 3 1 3 -1 0 -1 0 -1 0 0 0 0 0 0 1 0 1 -1 0 -1 0 -1 0
27 0 1 1 2 2 3 3 4 0 5 5 6 6 7 7 8 0 9 9 10 10 11 11 12 0 13 13 14 14 15 15 16 0 17 17 18 18 19 0 20 20 21 0 22 0 23 0 24 0 25 0 26 G 0 0 0 0 0 0 0 0 0 1 0 1 0 1 0 1 0 2 0 2 0 2 0 2 0 3 0 3 0 3 0 3 -1 0 -1 0 -1 0 -1 0 -1 0 -1 0 -1 0 -1 0 -1 0 -1 0
27 0 1 1 2 2 3 3 4 0 5 5 6 6 7 7 8 0 9 9 10 10 11 11 12 0 13 13 14 14 15 15 16 0 17 17 18 18 19 0 20 0 21 0 22 0 23 0 24 0 25 0 26 G 0 0 0 0 0 0 0 0 0 1 0 1 0 1 0 1 0 2 0 2 0 2 0 2 0 3 0 3 0 3 0 3 -1 0 -1 0 -1 0 -1 0 -1 0 -1 0 -1 0 -1 0 -1 0 -1 0
27 0 1 1 2 2 3 3 4 0 5 5 6 6 7 7 8 0 9 9 10 10 11 11 12 0 13 13 14 14 15 15 16 0 17 17 18 0 19 19 20 0 21 21 22 0 23 23 24 0 25 25 26 G 1 0 1 0 1 0 1 0 1 1 1 1 1 1 1 1 1 2 1 2 1 2 1 2 1 3 1 3 1 3 1 3 0 0 0 0 0 1 0 1 0 2 0 2 0 3 0 3 0 4 0 4
27 0 1 1 2 2 3 3 4 0 5 5 6 6 7 7 8 0 9 9 10 10 11 11 12 0 13 13 14 14 15 15 16 0 17 17 18 0 19 19 20 0 21 21 22 0 23 23 24 0 25 0 26 G 1 0 1 0 1 0 1 0 1 1 1 1 1 1 1 1 1 2 1 2 1 2 1 2 1 3 1 3 1 3 1 3 0 0 0 0 0 1 0 1 0 2 0 2 0 3 0 3 -1 0 -1 0
27 0 1 1 2 2 3 3 4 0 5 5 6 6 7 7 8 0 9 9 10 10 11 11 12 0 13 13 14 14 15 15 16 0 17 17 18 0 19 19 20 0 21 21 22 0 23 0 24 0 25 0 26 G 1 0 1 0 1 0 1 0 1 1 1 1 1 1 1 1 1 2 1 2 1 2 1 2 1 3 1 3 1 3 1 3 0 0 0 0 0 1 0 1 0 2 0 2 -1 0 -1 0 -1 0 -1 0
27 0 1 1 2 2 3 3 4 0 5 5 6 6 7 7 8 0 9 9 10 10 11 11 12 0 13 13 14 14 15 15 16 0 17 17 18 0 19 19 20 0 21 0 22 0 23 0 24 0 25 0 26 G 1 0 1 0 1 0 1 0 1 1 1 1 1 1 1 1 1 2 1 2 1 2 1 2 1 3 1 3 1 3 1 3 0 0 0 0 0 1 0 1 -1 0 -1 0 -1 0 -1 0 -1 0 -1 0
27 0 1 1 2 2 3 3 4 0 5 5 6 6 7 7 8 0 9 9 10 10 11 11 12 0 13 13 14 14 15 15 16 0 17 17 18 0 19 0 20 0 21 0 22 0 23 0 24 0 25 0 26 G 0 0 0 0 0 0 0 0 0 1 0 1 0 1 0 1 0 2 0 2 0 2 0 2 0 3 0 3 0 3 0 3 -1 0 -1 0 -1 0 -1 0 -1 0 -1 0 -1 0 -1 0 -1 0 -1 0
27 0 1 1 2 2 3 3 4 0 5 5 6 6 7 7 8 0 9 9 10 10 11 11 12 0 13 13 14 14 15 15 16 0 17 0 18 0 19 0 20 0 21 0 22 0 23 0 24 0 25 0 26 G 0 0 0 0 0 0 0 0 0 1 0 1 0 1 0 1 0 2 0 2 0 2 0 2 0 3 0 3 0 3 0 3 -1 0 -1 0 -1 0 -1 0 -1 0 -1 0 -1 0 -1 0 -1 0 -1 0
27 0 1 1 2 2 3 3 4 0 5 5 6 6 7 7 8 0 9 9 10 10 11 11 12 0 13 13 14 14 15 0 16 16 17 17 18 0 19 19 20 20 21 0 22 22 23 23 24 0 25 25 26 G 1 0 1 0 1 0 1 0 1 1 1 1 1 1 1 1 1 2 1 2 1 2 1 2 0 0 0 0 0 0 0 1 0 1 0 1 0 2 0 2 0 2 0 3 0 3 0 3 -1 0 -1 0
27 0 1 1 2 2 3 3 4 0 5 5 6 6 7 7 8 0 9 9 10 10 11 11 12 0 13 13 14 14 15 0 16 16 17 17 18 0 19 19 20 20 21 0 22 22 23 23 24 0 25 0 26 G 1 0 1 0 1 0 1 0 1 1 1 1 1 1 1 1 1 2 1 2 1 2 1 2 0 0 0 0 0 0 0 1 0 1 0 1 0 2 0 2 0 2 0 3 0 3 0 3 -1 0 -1 0
27 0 1 1 2 2 3 3 4 0 5 5 6 6 7 7 8 0 9 9 10 10 11 11 12 0 13 13 14 14 15 0 16 16 17 17 18 0 19 19 20 20 21 0 22 22 23 0 24 24 25 0 26 G 2 0 2 0 2 0 2 0 2 1 2 1 2 1 2 1 2 2 2 2 2 2 2 2 1 0 1 0 1 0 1 1 1 1 1 1 1 2 1 2 1 2 0 0 0 0 0 1 0 1 -1 0
27 0 1 1 2 2 3 3 4 0 5 5 6 6 7 7 8 0 9 9 10 10 11 11 12 0 13 13 14 14 15 0 16 16 17 17 18 0 19 19 20 20 21 0 22 22 23 0 24 0 25 0 26 G 1 0 1 0 1 0 1 0 1 1 1 1 1 1 1 1 1 2 1 2 1 2 1 2 0 0 0 0 0 0 0 1 0 1 0 1 0 2 0 2 0 2 -1 0 -1 0 -1 0 -1 0 -1 0
27 0 1 1 2 2 3 3 4 0 5 5 6 6 7 7 8 0 9 9 10 10 11 11 12 0 13 13 14 14 15 0 16 16 17 17 18 0 19 19 20 20 21 0 22 0 23 0 24 0 25 0 26 G 1 0 1 0 1 0 1 0 1 1 1 1 1 1 1 1 1 2 1 2 1 2 1 2 0 0 0 0 0 0 0 1 0 1 0 1 0 2 0 2 0 2 -1 0 -1 0 -1 0 -1 0 -1 0
27 0 1 1 2 2 3 3 4 0 5 5 6 6 7 7 8 0 9 9 10 10 11 11 12 0 13 13 14 14 15 0 16 16 17 17 18 0 19 19 20 0 21 21 22 0 23 23 24 0 25 25 26 G 2 0 2 0 2 0 2 0 2 1 2 1 2 1 2 1 2 2 2 2 2 2 2 2 1 0 1 0 1 0 1 1 1 1 1 1 0 0 0 0 0 1 0 1 0 2 0 2 0 3 0 3
27 0 1 1 2 2 3 3 4 0 5 5 6 6 7 7 8 0 9 9 10 10 11 11 12 0 13 13 14 14 15 0 16 16 17 17 18 0 19 19 20 0 21 21 22 0 23 23 24 0 25 0 26 G 2 0 2 0 2 0 2 0 2 1 2 1 2 1 2 1 2 2 2 2 2 2 2 2 1 0 1 0 1 0 1 1 1 1 1 1 0 0 0 0 0 1 0 1 0 2 0 2 -1 0 -1 0
27 0 1 1 2 2 3 3 4 0 5 5 6 6 7 7 8 0 9 9 10 10 11 11 12 0 13 13 14 14 15 0 16 16 17 17 18 0 19 19 20 0 21 21 22 0 23 0 24 0 25 0 26 G 2 0 2 0 2 0 2 0 2 1 2 1 2 1 2 1 2 2 2 2 2 2 2 2 1 0 1 0 1 0 1 1 1 1 1 1 0 0 0 0 0 1 0 1 -1 0 -1 0 -1 0 -1 0
27 0 1 1 2 2 3 3 4 0 5 5 6 6 7 7 8 0 9 9 10 10 11 11 12 0 13 13 14 14 15 0 16 16 17 17 18 0 19 19 20 0 21 0 22 0 23 0 24 0 25 0 26 G 1 0 1 0 1 0 1 0 1 1 1 1 1 1 1 1 1 2 1 2 1 2 1 2 0 0 0 0 0 0 0 1 0 1 0 1 -1 0 -1 0 -1 0 -1 0 -1 0 -1 0 -1 0 -1 0
27 0 1 1 2 2 3 3 4 0 5 5 6 6 7 7 8 0 9 9 10 10 11 11 12 0 13 13 14 14 15 0 16 16 17 17 18 0 19 0 20 0 21 0 22 0 23 0 24 0 25 0 26 G 1 0 1 0 1 0 1 0 1 1 1 1 1 1 1 1 1 2 1 2 1 2 1 2 0 0 0 0 0 0 0 1 0 1 0 1 -1 0 -1 0 -1 0 -1 0 -1 0 -1 0 -1 0 -1 0
27 0 1 1 2 2 3 3 4 0 5 5 6 6 7 7 8 0 9 9 10 10 11 11 12 0 13 13 14 14 15 0 16 16 17 0 18 18 19 0 20 20 21 0 22 22 23 0 24 24 25 0 26 G 1 0 1 0 1 0 1 0 1 1 1 1 1 1 1 1 1 2 1 2 1 2 1 2 -1 0 -1 0 -1 0 0 0 0 0 0 1 0 1 0 2 0 2 0 3 0 3 0 4 0 4 -1 0
27 0 1 1 2 2 3 3 4 0 5 5 6 6 7 7 8 0 9 9 10 10 11 11 12 0 13 13 14 14 15 0 16 16 17 0 18 18 19 0 20 20 21 0 22 22 23 0 24 0 25 0 26 G 1 0 1 0 1 0 1 0 1 1 1 1 1 1 1 1 1 2 1 2 1 2 1 2 -1 0 -1 0 -1 0 0 0 0 0 0 1 0 1 0 2 0 2 0 3 0 3 -1 0 -1 0 -1 0
27 0 1 1 2 2 3 3 4 0 5 5 6 6 7 7 8 0 9 9 10 10 11 11 12 0 13 13 14 14 15 0 16 16 17 0 18 18 19 0 20 20 21 0 22 0 23 0 24 0 25 0 26 G 1 0 1 0 1 0 1 0 1 1 1 1 1 1 1 1 1 2 1 2 1 2 1 2 -1 0 -1 0 -1 0 0 0 0 0 0 1 0 1 0 2 0 2 -1 0 -1 0 -1 0 -1 0 -1 0
27 0 1 1 2 2 3 3 4 0 5 5 6 6 7 7 8 0 9 9 10 10 11 11 12 0 13 13 14 14 15 0 16 16 17 0 18 18 19 0 20 0 21 0 22 0 23 0 24 0 25 0 26 G 1 0 1 0 1 0 1 0 1 1 1 1 1 1 1 1 1 2 1 2 1 2 1 2 -1 0 -1 0 -1 0 0 0 0 0 0 1 0 1 -1 0 -1 0 -1 0 -1 0 -1 0 -1 0 -1 0
27 0 1 1 2 2 3 3 4 0 5 5 6 6 7 7 8 0 9 9 10 10 11 11 12 0 13 13 14 14 15 0 16 16 17 0 18 0 19 0 20 0 21 0 22 0 23 0 24 0 25 0 26 G 0 0 0 0 0 0 0 0 0 1 0 1 0 1 0 1 0 2 0 2 0 2 0 2 -1 0 -1 0 -1 0 -1 0 -1 0 -1 0 -1 0 -1 0 -1 0 -1 0 -1 0 -1 0 -1 0 -1 0
27 0 1 1 2 2 3 3 4 0 5 5 6 6 7 7 8 0 9 9 10 10 11 11 12 0 13 13 14 14 15 0 16 0 17 0 18 0 19 0 20 0 21 0 22 0 23 0 24 0 25 0 26 G 0 0 0 0 0 0 0 0 0 1 0 1 0 1 0 1 0 2 0 2 0 2 0 2 -1 0 -1 0 -1 0 -1 0 -1 0 -1 0 -1 0 -1 0 -1 0 -1 0 -1 0 -1 0 -1 0 -1 0
27 0 1 1 2 2 3 3 4 0 5 5 6 6 7 7 8 0 9 9 10 10 11 11 12 0 13 13 14 0 15 15 16 0 17 17 18 0 19 19 20 0 21 21 22 0 23 23 24 0 25 25 26 G 1 0 1 0 1 0 1 0 1 1 1 1 1 1 1 1 1 2 1 2 1 2 1 2 0 0 0 0 0 1 0 1 0 2 0 2 0 3 0 3 0 4 0 4 0 5 0 5 0 6 0 6
27 0 1 1 2 2 3 3 4 0 5 5 6 6 7 7 8 0 9 9 10 10 11 11 12 0 13 13 14 0 15 15 16 0 17 17 18 0 19 19 20 0 21 21 22 0 23 23 24 0 25 0 26 G 1 0 1 0 1 0 1 0 1 1 1 1 1 1 1 1 1 2 1 2 1 2 1 2 0 0 0 0 0 1 0 1 0 2 0 2 0 3 0 3 0 4 0 4 0 5 0 5 -1 0 -1 0
27 0 1 1 2 2 3 3 4 0 5 5 6 6 7 7 8 0 9 9 10 10 11 11 12 0 13 13 14 0 15 15 16 0 17 17 18 0 19 19 20 0 21 21 22 0 23 0 24 0 25 0 26 G 1 0 1 0 1 0 1 0 1 1 1 1 1 1 1 1 1 2 1 2 1 2 1 2 0 0 0 0 0 1 0 1 0 2 0 2 0 3 0 3 0 4 0 4 -1 0 -1 0 -1 0 -1 0
27 0 1 1 2 2 3 3 4 0 5 5 6 6 7 7 8 0 9 9 10 10 11 11 12 0 13 13 14 0 15 15 16 0 17 17 18 0 19 19 20 0 21 0 22 0 23 0 24 0 25 0 26 G 1 0 1 0 1 0 1 0 1 1 1 1 1 1 1 1 1 2 1 2 1 2 1 2 0 0 0 0 0 1 0 1 0 2 0 2 0 3 0 3 -1 0 -1 0 -1 0 -1 0 -1 0 -1 0
27 0 1 1 2 2 3 3 4 0 5 5 6 6 7 7 8 0 9 9 10 10 11 11 12 0 13 13 14 0 15 15 16 0 17 17 18 0 19 0 20 0 21 0 22 0 23 0 24 0 25 0 26 G 1 0 1 0 1 0 1 0 1 1 1 1 1 1 1 1 1 2 1 2 1 2 1 2 0 0 0 0 0 1 0 1 0 2 0 2 -1 0 -1 0 -1 0 -1 0 -1 0 -1 0 -1 0 -1 0
27 0 1 1 2 2 3 3 4 0 5 5 6 6 7 7 8 0 9 9 10 10 11 11 12 0 13 13 14 0 15 15 16 0 17 0 18 0 19 0 20 0 21 0 22 0 23 0 24 0 25 0 26 G 1 0 1 0 1 0 1 0 1 1 1 1 1 1 1 1 1 2 1 2 1 2 1 2 0 0 0 0 0 1 0 1 -1 0 -1 0 -1 0 -1 0 -1 0 -1 0 -1 0 -1 0 -1 0 -1 0
27 0 1 1 2 2 3 3 4 0 5 5 6 6 7 7 8 0 9 9 10 10 11 11 12 0 13 13 14 0 15 0 16 0 17 0 18 0 19 0 20 0 21 0 22 0 23 0 24 0 25 0 26 G 0 0 0 0 0 0 0 0 0 1 0 1 0 1 0 1 0 2 0 2 0 2 0 2 -1 0 -1 0 -1 0 -1 0 -1 0 -1 0 -1 0 -1 0 -1 0 -1 0 -1 0 -1 0 -1 0 -1 0
27 0 1 1 2 2 3 3 4 0 5 5 6 6 7 7 8 0 9 9 10 10 11 11 12 0 13 0 14 0 15 0 16 0 17 0 18 0 19 0 20 0 21 0 22 0 23 0 24 0 25 0 26 G 0 0 0 0 0 0 0 0 0 1 0 1 0 1 0 1 0 2 0 2 0 2 0 2 -1 0 -1 0 -1 0 -1 0 -1 0 -1 0 -1 0 -1 0 -1 0 -1 0 -1 0 -1 0 -1 0 -1 0
27 0 1 1 2 2 3 3 4 0 5 5 6 6 7 7 8 0 9 9 10 10 11 0 12 12 13 13 14 0 15 15 16 16 17 0 18 18 19 19 20 0 21 21 22 22 23 0 24 24 25 25 26 G 1 0 1 0 1 0 1 0 1 1 1 1 1 1 1 1 0 0 0 0 0 0 0 1 0 1 0 1 0 2 0 2 0 2 0 3 0 3 0 3 0 4 0 4 0 4 0 5 0 5 0 5
27 0 1 1 2 2 3 3 4 0 5 5 6 6 7 7 8 0 9 9 10 10 11 0 12 12 13 13 14 0 15 15 16 16 17 0 18 18 19 19 20 0 21 21 22 22 23 0 24 24 25 0 26 G 1 0 1 0 1 0 1 0 1 1 1 1 1 1 1 1 0 0 0 0 0 0 0 1 0 1 0 1 0 2 0 2 0 2 0 3 0 3 0 3 0 4 0 4 0 4 -1 0 -1 0 -1 0
27 0 1 1 2 2 3 3 4 0 5 5 6 6 7 7 8 0 9 9 10 10 11 0 12 12 13 13 14 0 15 15 16 16 17 0 18 18 19 19 20 0 21 21 22 22 23 0 24 0 25 0 26 G 1 0 1 0 1 0 1 0 1 1 1 1 1 1 1 1 0 0 0 0 0 0 0 1 0 1 0 1 0 2 0 2 0 2 0 3 0 3 0 3 0 4 0 4 0 4 -1 0 -1 0 -1 0
27 0 1 1 2 2 3 3 4 0 5 5 6 6 7 7 8 0 9 9 10 10 11 0 12 12 13 13 14 0 15 15 16 16 17 0 18 18 19 19 20 0 21 21 22 0 23 23 24 0 25 25 26 G 2 0 2 0 2 0 2 0 2 1 2 1 2 1 2 1 1 0 1 0 1 0 1 1 1 1 1 1 1 2 1 2 1 2 1 3 1 3 1 3 0 0 0 0 0 1 0 1 0 2 0 2
27 0 1 1 2 2 3 3 4 0 5 5 6 6 7 7 8 0 9 9 10 10 11 0 12 12 13 13 14 0 15 15 16 16 17 0 18 18 19 19 20 0 21 21 22 0 23 23 24 0 25 0 26 G 2 0 2 0 2 0 2 0 2 1 2 1 2 1 2 1 1 0 1 0 1 0 1 1 1 1 1 1 1 2 1 2 1 2 1 3 1 3 1 3 0 0 0 0 0 1 0 1 -1 0 -1 0
27 0 1 1 2 2 3 3 4 0 5 5 6 6 7 7 8 0 9 9 10 10 11 0 12 12 13 13 14 0 15 15 16 16 17 0 18 18 19 19 20 0 21 21 22 0 23 0 24 0 25 0 26 G 1 0 1 0 1 0 1 0 1 1 1 1 1 1 1 1 0 0 0 0 0 0 0 1 0 1 0 1 0 2 0 2 0 2 0 3 0 3 0 3 -1 0 -1 0 -1 0 -1 0 -1 0 -1 0
27 0 1 1 2 2 3 3 4 0 5 5 6 6 7 7 8 0 9 9 10 10 11 0 12 12 13 13 14 0 15 15 16 16 17 0 18 18 19 19 20 0 21 0 22 0 23 0 24 0 25 0 26 G 1 0 1 0 1 0 1 0 1 1 1 1 1 1 1 1 0 0 0 0 0 0 0 1 0 1 0 1 0 2 0 2 0 2 0 3 0 3 0 3 -1 0 -1 0 -1 0 -1 0 -1 0 -1 0
27 0 1 1 2 2 3 3 4 0 5 5 6 6 7 7 8 0 9 9 10 10 11 0 12 12 13 13 14 0 15 15 16 16 17 0 18 18 19 0 20 20 21 0 22 22 23 0 24 24 25 0 26 G 2 0 2 0 2 0 2 0 2 1 2 1 2 1 2 1 1 0 1 0 1 0 1 1 1 1 1 1 1 2 1 2 1 2 0 0 0 0 0 1 0 1 0 2 0 2 0 3 0 3 -1 0
27 0 1 1 2 2 3 3 4 0 5 5 6 6 7 7 8 0 9 9 10 10 11 0 12 12 13 13 14 0 15 15 16 16 17 0 18 18 19 0 20 20 21 0 22 22 23 0 24 0 25 0 26 G 2 0 2 0 2 0 2 0 2 1 2 1 2 1 2 1 1 0 1 0 1 0 1 1 1 1 1 1 1 2 1 2 1 2 0 0 0 0 0 1 0 1 0 2 0 2 -1 0 -1 0 -1 0
27 0 1 1 2 2 3 3 4 0 5 5 6 6 7 7 8 0 9 9 10 10 11 0 12 12 13 13 14 0 15 15 16 16 17 0 18 18 19 0 20 20 21 0 22 0 23 0 24 0 25 0 26 G 2 0 2 0 2 0 2 0 2 1 2 1 2 1 2 1 1 0 1 0 1 0 1 1 1 1 1 1 1 2 1 2 1 2 0 0 0 0 0 1 0 1 -1 0 -1 0 -1 0 -1 0 -1 0
27 0 1 1 2 2 3 3 4 0 5 5 6 6 7 7 8 0 9 9 10 10 11 0 12 12 13 13 14 0 15 15 16 16 17 0 18 18 19 0 20 0 21 0 22 0 23 0 24 0 25 0 26 G 1 0 1 0 1 0 1 0 1 1 1 1 1 1 1 1 0 0 0 0 0 0 0 1 0 1 0 1 0 2 0 2 0 2 -1 0 -1 0 -1 0 -1 0 -1 0 -1 0 -1 0 -1 0 -1 0
27 0 1 1 2 2 3 3 4 0 5 5 6 6 7 7 8 0 9 9 10 10 11 0 12 12 13 13 14 0 15 15 16 16 17 0 18 0 19 0 20 0 21 0 22 0 23 0 24 0 25 0 26 G 1 0 1 0 1 0 1 0 1 1 1 1 1 1 1 1 0 0 0 0 0 0 0 1 0 1 0 1 0 2 0 2 0 2 -1 0 -1 0 -1 0 -1 0 -1 0 -1 0 -1 0 -1 0 -1 0
27 0 1 1 2 2 3 3 4 0 5 5 6 6 7 7 8 0 9 9 10 10 11 0 12 12 13 13 14 0 15 15 16 0 17 17 18 0 19 19 20 0 21 21 22 0 23 23 24 0 25 25 26 G 2 0 2 0 2 0 2 0 2 1 2 1 2 1 2 1 1 0 1 0 1 0 1 1 1 1 1 1 0 0 0 0 0 1 0 1 0 2 0 2 0 3 0 3 0 4 0 4 0 5 0 5
27 0 1 1 2 2 3 3 4 0 5 5 6 6 7 7 8 0 9 9 10 10 11 0 12 12 13 13 14 0 15 15 16 0 17 17 18 0 19 19 20 0 21 21 22 0 23 23 24 0 25 0 26 G 2 0 2 0 2 0 2 0 2 1 2 1 2 1 2 1 1 0 1 0 1 0 1 1 1 1 1 1 0 0 0 0 0 1 0 1 0 2 0 2 0 3 0 3 0 4 0 4 -1 0 -1 0
27 0 1 1 2 2 3 3 4 0 5 5 6 6 7 7 8 0 9 9 10 10 11 0 12 12 13 13 14 0 15 15 16 0 17 17 18 0 19 19 20 0 21 21 22 0 23 0 24 0 25 0 26 G 2 0 2 0 2 0 2 0 2 1 2 1 2 1 2 1 1 0 1 0 1 0 1 1 1 1 1 1 0 0 0 0 0 1 0 1 0 2 0 2 0 3 0 3 -1 0 -1 0 -1 0 -1 0
27 0 1 1 2 2 3 3 4 0 5 5 6 6 7 7 8 0 9 9 10 10 11 0 12 12 13 13 14 0 15 15 16 0 17 17 18 0 19 19 20 0 21 0 22 0 23 0 24 0 25 0 26 G 2 0 2 0 2 0 2 0 2 1 2 1 2 1 2 1 1 0 1 0 1 0 1 1 1 1 1 1 0 0 0 0 0 1 0 1 0 2 0 2 -1 0 -1 0 -1 0 -1 0 -1 0 -1 0
27 0 1 1 2 2 3 3 4 0 5 5 6 6 7 7 8 0 9 9 10 10 11 0 12 12 13 13 14 0 15 15 16 0 17 17 18 0 19 0 20 0 21 0 22 0 23 0 24 0 25 0 26 G 2 0 2 0 2 0 2 0 2 1 2 1 2 1 2 1 1 0 1 0 1 0 1 1 1 1 1 1 0 0 0 0 0 1 0 1 -1 0 -1 0 -1 0 -1 0 -1 0 -1 0 -1 0 -1 0
27 0 1 1 2 2 3 3 4 0 5 5 6 6 7 7 8 0 9 9 10 10 11 0 12 12 13 13 14 0 15 15 16 0 17 0 18 0 19 0 20 0 21 0 22 0 23 0 24 0 25 0 26 G 1 0 1 0 1 0 1 0 1 1 1 1 1 1 1 1 0 0 0 0 0 0 0 1 0 1 0 1 -1 0 -1 0 -1 0 -1 0 -1 0 -1 0 -1 0 -1 0 -1 0 -1 0 -1 0 -1 0
27 0 1 1 2 2 3 3 4 0 5 5 6 6 7 7 8 0 9 9 10 10 11 0 12 12 13 13 14 0 15 0 16 0 17 0 18 0 19 0 20 0 21 0 22 0 23 0 24 0 25 0 26 G 1 0 1 0 1 0 1 0 1 1 1 1 1 1 1 1 0 0 0 0 0 0 0 1 0 1 0 1 -1 0 -1 0 -1 0 -1 0 -1 0 -1 0 -1 0 -1 0 -1 0 -1 0 -1 0 -1 0
27 0 1 1 2 2 3 3 4 0 5 5 6 6 7 7 8 0 9 9 10 10 11 0 12 12 13 0 14 14 15 0 16 16 17 0 18 18 19 0 20 20 21 0 22 22 23 0 24 24 25 0 26 G 1 0 1 0 1 0 1 0 1 1 1 1 1 1 1 1 -1 0 -1 0 -1 0 0 0 0 0 0 1 0 1 0 2 0 2 0 3 0 3 0 4 0 4 0 5 0 5 0 6 0 6 -1 0
27 0 1 1 2 2 3 3 4 0 5 5 6 6 7 7 8 0 9 9 10 10 11 0 12 12 13 0 14 14 15 0 16 16 17 0 18 18 19 0 20 20 21 0 22 22 23 0 24 0 25 0 26 G 1 0 1 0 1 0 1 0 1 1 1 1 1 1 1 1 -1 0 -1 0 -1 0 0 0 0 0 0 1 0 1 0 2 0 2 0 3 0 3 0 4 0 4 0 5 0 5 -1 0 -1 0 -1 0
27 0 1 1 2 2 3 3 4 0 5 5 6 6 7 7 8 0 9 9 10 10 11 0 12 12 13 0 14 14 15 0 16 16 17 0 18 18 19 0 20 20 21 0 22 0 23 0 24 0 25 0 26 G 1 0 1 0 1 0 1 0 1 1 1 1 1 1 1 1 -1 0 -1 0 -1 0 0 0 0 0 0 1 0 1 0 2 0 2 0 3 0 3 0 4 0 4 -1 0 -1 0 -1 0 -1 0 -1 0
27 0 1 1 2 2 3 3 4 0 5 5 6 6 7 7 8 0 9 9 10 10 11 0 12 12 13 0 14 14 15 0 16 16 17 0 18 18 19 0 20 0 21 0 22 0 23 0 24 0 25 0 26 G 1 0 1 0 1 0 1 0 1 1 1 1 1 1 1 1 -1 0 -1 0 -1 0 0 0 0 0 0 1 0 1 0 2 0 2 0 3 0 3 -1 0 -1 0 -1 0 -1 0 -1 0 -1 0 -1 0
27 0 1 1 2 2 3 3 4 0 5 5 6 6 7 7 8 0 9 9 10 10 11 0 12 12 13 0 14 14 15 0 16 16 17 0 18 0 19 0 20 0 21 0 22 0 23 0 24 0 25 0 26 G 1 0 1 0 1 0 1 0 1 1 1 1 1 1 1 1 -1 0 -1 0 -1 0 0 0 0 0 0 1 0 1 0 2 0 2 -1 0 -1 0 -1 0 -1 0 -1 0 -1 0 -1 0 -1 0 -1 0
27 0 1 1 2 2 3 3 4 0 5 5 6 6 7 7 8 0 9 9 10 10 11 0 12 12 13 0 14 14 15 0 16 0 17 0 18 0 19 0 20 0 21 0 22 0 23 0 24 0 25 0 26 G 1 0 1 0 1 0 1 0 1 1 1 1 1 1 1 1 -1 0 -1 0 -1 0 0 0 0 0 0 1 0 1 -1 0 -1 0 -1 0 -1 0 -1 0 -1 0 -1 0 -1 0 -1 0 -1 0 -1 0
27 0 1 1 2 2 3 3 4 0 5 5 6 6 7 7 8 0 9 9 10 10 11 0 12 12 13 0 14 0 15 0 16 0 17 0 18 0 19 0 20 0 21 0 22 0 23 0 24 0 25 0 26 G 0 0 0 0 0 0 0 0 0 1 0 1 0 1 0 1 -1 0 -1 0 -1 0 -1 0 -1 0 -1 0 -1 0 -1 0 -1 0 -1 0 -1 0 -1 0 -1 0 -1 0 -1 0 -1 0 -1 0 -1 0
27 0 1 1 2 2 3 3 4 0 5 5 6 6 7 7 8 0 9 9 10 10 11 0 12 0 13 0 14 0 15 0 16 0 17 0 18 0 19 0 20 0 21 0 22 0 23 0 24 0 25 0 26 G 0 0 0 0 0 0 0 0 0 1 0 1 0 1 0 1 -1 0 -1 0 -1 0 -1 0 -1 0 -1 0 -1 0 -1 0 -1 0 -1 0 -1 0 -1 0 -1 0 -1 0 -1 0 -1 0 -1 0 -1 0
27 0 1 1 2 2 3 3 4 0 5 5 6 6 7 7 8 0 9 9 10 0 11 11 12 0 13 13 14 0 15 15 16 0 17 17 18 0 19 19 20 0 21 21 22 0 23 23 24 0 25 25 26 G 1 0 1 0 1 0 1 0 1 1 1 1 1 1 1 1 0 0 0 0 0 1 0 1 0 2 0 2 0 3 0 3 0 4 0 4 0 5 0 5 0 6 0 6 0 7 0 7 0 8 0 8
27 0 1 1 2 2 3 3 4 0 5 5 6 6 7 7 8 0 9 9 10 0 11 11 12 0 13 13 14 0 15 15 16 0 17 17 18 0 19 19 20 0 21 21 22 0 23 23 24 0 25 0 26 G 1 0 1 0 1 0 1 0 1 1 1 1 1 1 1 1 0 0 0 0 0 1 0 1 0 2 0 2 0 3 0 3 0 4 0 4 0 5 0 5 0 6 0 6 0 7 0 7 -1 0 -1 0
27 0 1 1 2 2 3 3 4 0 5 5 6 6 7 7 8 0 9 9 10 0 11 11 12 0 13 13 14 0 15 15 16 0 17 17 18 0 19 19 20 0 21 21 22 0 23 0 24 0 25 0 26 G 1 0 1 0 1 0 1 0 1 1 1 1 1 1 1 1 0 0 0 0 0 1 0 1 0 2 0 2 0 3 0 3 0 4 0 4 0 5 0 5 0 6 0 6 -1 0 -1 0 -1 0 -1 0
27 0 1 1 2 2 3 3 4 0 5 5 6 6 7 7 8 0 9 9 10 0 11 11 12 0 13 13 14 0 15 15 16 0 17 17 18 0 19 19 20 0 21 0 22 0 23 0 24 0 25 0 26 G 1 0 1 0 1 0 1 0 1 1 1 1 1 1 1 1 0 0 0 0 0 1 0 1 0 2 0 2 0 3 0 3 0 4 0 4 0 5 0 5 -1 0 -1 0 -1 0 -1 0 -1 0 -1 0
27 0 1 1 2 2 3 3 4 0 5 5 6 6 7 7 8 0 9 9 10 0 11 11 12 0 13 13 14 0 15 15 16 0 17 17 18 0 19 0 20 0 21 0 22 0 23 0 24 0 25 0 26 G 1 0 1 0 1 0 1 0 1 1 1 1 1 1 1 1 0 0 0 0 0 1 0 1 0 2 0 2 0 3 0 3 0 4 0 4 -1 0 -1 0 -1 0 -1 0 -1 0 -1 0 -1 0 -1 0
27 0 1 1 2 2 3 3 4 0 5 5 6 6 7 7 8 0 9 9 10 0 11 11 12 0 13 13 14 0 15 15 16 0 17 0 18 0 19 0 20 0 21 0 22 0 23 0 24 0 25 0 26 G 1 0 1 0 1 0 1 0 1 1 1 1 1 1 1 1 0 0 0 0 0 1 0 1 0 2 0 2 0 3 0 3 -1 0 -1 0 -1 0 -1 0 -1 0 -1 0 -1 0 -1 0 -1 0 -1 0
27 0 1 1 2 2 3 3 4 0 5 5 6 6 7 7 8 0 9 9 10 0 11 11 12 0 13 13 14 0 15 0 16 0 17 0 18 0 19 0 20 0 21 0 22 0 23 0 24 0 25 0 26 G 1 0 1 0 1 0 1 0 1 1 1 1 1 1 1 1 0 0 0 0 0 1 0 1 0 2 0 2 -1 0 -1 0 -1 0 -1 0 -1 0 -1 0 -1 0 -1 0 -1 0 -1 0 -1 0 -1 0
27 0 1 1 2 2 3 3 4 0 5 5 6 6 7 7 8 0 9 9 10 0 11 11 12 0 13 0 14 0 15 0 16 0 17 0 18 0 19 0 20 0 21 0 22 0 23 0 24 0 25 0 26 G 1 0 1 0 1 0 1 0 1 1 1 1 1 1 1 1 0 0 0 0 0 1 0 1 -1 0 -1 0 -1 0 -1 0 -1 0 -1 0 -1 0 -1 0 -1 0 -1 0 -1 0 -1 0 -1 0 -1 0
27 0 1 1 2 2 3 3 4 0 5 5 6 6 7 7 8 0 9 9 10 0 11 0 12 0 13 0 14 0 15 0 16 0 17 0 18 0 19 0 20 0 21 0 22 0 23 0 24 0 25 0 26 G 0 0 0 0 0 0 0 0 0 1 0 1 0 1 0 1 -1 0 -1 0 -1 0 -1 0 -1 0 -1 0 -1 0 -1 0 -1 0 -1 0 -1 0 -1 0 -1 0 -1 0 -1 0 -1 0 -1 0 -1 0
27 0 1 1 2 2 3 3 4 0 5 5 6 6 7 7 8 0 9 0 10 0 11 0 12 0 13 0 14 0 15 0 16 0 17 0 18 0 19 0 20 0 21 0 22 0 23 0 24 0 25 0 26 G 0 0 0 0 0 0 0 0 0 1 0 1 0 1 0 1 -1 0 -1 0 -1 0 -1 0 -1 0 -1 0 -1 0 -1 0 -1 0 -1 0 -1 0 -1 0 -1 0 -1 0 -1 0 -1 0 -1 0 -1 0
27 0 1 1 2 2 3 3 4 0 5 5 6 6 7 0 8 8 9 9 10 0 11 11 12 12 13 0 14 14 15 15 16 0 17 17 18 18 19 0 20 20 21 21 22 0 23 23 24 24 25 0 26 G -1 0 -1 0 -1 0 -1 0 0 0 0 0 0 0 0 1 0 1 0 1 0 2 0 2 0 2 0 3 0 3 0 3 0 4 0 4 0 4 0 5 0 5 0 5 0 6 0 6 0 6 -1 0
27 0 1 1 2 2 3 3 4 0 5 5 6 6 7 0 8 8 9 9 10 0 11 11 12 12 13 0 14 14 15 15 16 0 17 17 18 18 19 0 20 20 21 21 22 0 23 23 24 0 25 25 26 G -1 0 -1 0 -1 0 -1 0 1 0 1 0 1 0 1 1 1 1 1 1 1 2 1 2 1 2 1 3 1 3 1 3 1 4 1 4 1 4 1 5 1 5 1 5 0 0 0 0 0 1 0 1
27 0 1 1 2 2 3 3 4 0 5 5 6 6 7 0 8 8 9 9 10 0 11 11 12 12 13 0 14 14 15 15 16 0 17 17 18 18 19 0 20 20 21 21 22 0 23 23 24 0 25 0 26 G -1 0 -1 0 -1 0 -1 0 0 0 0 0 0 0 0 1 0 1 0 1 0 2 0 2 0 2 0 3 0 3 0 3 0 4 0 4 0 4 0 5 0 5 0 5 -1 0 -1 0 -1 0 -1 0
27 0 1 1 2 2 3 3 4 0 5 5 6 6 7 0 8 8 9 9 10 0 11 11 12 12 13 0 14 14 15 15 16 0 17 17 18 18 19 0 20 20 21 21 22 0 23 0 24 0 25 0 26 G -1 0 -1 0 -1 0 -1 0 0 0 0 0 0 0 0 1 0 1 0 1 0 2 0 2 0 2 0 3 0 3 0 3 0 4 0 4 0 4 0 5 0 5 0 5 -1 0 -1 0 -1 0 -1 0
27 0 1 1 2 2 3 3 4 0 5 5 6 6 7 0 8 8 9 9 10 0 11 11 12 12 13 0 14 14 15 15 16 0 17 17 18 18 19 0 20 20 21 0 22 22 23 0 24 24 25 0 26 G -1 0 -1 0 -1 0 -1 0 1 0 1 0 1 0 1 1 1 1 1 1 1 2 1 2 1 2 1 3 1 3 1 3 1 4 1 4 1 4 0 0 0 0 0 1 0 1 0 2 0 2 -1 0
27 0 1 1 2 2 3 3 4 0 5 5 6 6 7 0 8 8 9 9 10 0 11 11 12 12 13 0 14 14 15 15 16 0 17 17 18 18 19 0 20 20 21 0 22 22 23 0 24 0 25 0 26 G -1 0 -1 0 -1 0 -1 0 1 0 1 0 1 0 1 1 1 1 1 1 1 2 1 2 1 2 1 3 1 3 1 3 1 4 1 4 1 4 0 0 0 0 0 1 0 1 -1 0 -1 0 -1 0
27 0 1 1 2 2 3 3 4 0 5 5 6 6 7 0 8 8 9 9 10 0 11 11 12 12 13 0 14 14 15 15 16 0 17 17 18 18 19 0 20 20 21 0 22 0 23 0 24 0 25 0 26 G -1 0 -1 0 -1 0 -1 0 0 0 0 0 0 0 0 1 0 1 0 1 0 2 0 2 0 2 0 3 0 3 0 3 0 4 0 4 0 4 -1 0 -1 0 -1 0 -1 0 -1 0 -1 0 -1 0
27 0 1 1 2 2 3 3 4 0 5 5 6 6 7 0 8 8 9 9 10 0 11 11 12 12 13 0 14 14 15 15 16 0 17 17 18 18 19 0 20 0 21 0 22 0 23 0 24 0 25 0 26 G -1 0 -1 0 -1 0 -1 0 0 0 0 0 0 0 0 1 0 1 0 1 0 2 0 2 0 2 0 3 0 3 0 3 0 4 0 4 0 4 -1 0 -1 0 -1 0 -1 0 -1 0 -1 0 -1 0
27 0 1 1 2 2 3 3 4 0 5 5 6 6 7 0 8 8 9 9 10 0 11 11 12 12 13 0 14 14 15 15 16 0 17 17 18 0 19 19 20 0 21 21 22 0 23 23 24 0 25 25 26 G -1 0 -1 0 -1 0 -1 0 1 0 1 0 1 0 1 1 1 1 1 1 1 2 1 2 1 2 1 3 1 3 1 3 0 0 0 0 0 1 0 1 0 2 0 2 0 3 0 3 0 4 0 4
27 0 1 1 2 2 3 3 4 0 5 5 6 6 7 0 8 8 9 9 10 0 11 11 12 12 13 0 14 14 15 15 16 0 17 17 18 0 19 19 20 0 21 21 22 0 23 23 24 0 25 0 26 G -1 0 -1 0 -1 0 -1 0 1 0 1 0 1 0 1 1 1 1 1 1 1 2 1 2 1 2 1 3 1 3 1 3 0 0 0 0 0 1 0 1 0 2 0 2 0 3 0 3 -1 0 -1 0
27 0 1 1 2 2 3 3 4 0 5 5 6 6 7 0 8 8 9 9 10 0 11 11 12 12 13 0 14 14 15 15 16 0 17 17 18 0 19 19 20 0 21 21 22 0 23 0 24 0 25 0 26 G -1 0 -1 0 -1 0 -1 0 1 0 1 0 1 0 1 1 1 1 1 1 1 2 1 2 1 2 1 3 1 3 1 3 0 0 0 0 0 1 0 1 0 2 0 2 -1 0 -1 0 -1 0 -1 0
27 0 1 1 2 2 3 3 4 0 5 5 6 6 7 0 8 8 9 9 10 0 11 11 12 12 13 0 14 14 15 15 16 0 17 17 18 0 19 19 20 0 21 0 22 0 23 0 24 0 25 0 26 G -1 0 -1 0 -1 0 -1 0 1 0 1 0 1 0 1 1 1 1 1 1 1 2 1 2 1 2 1 3 1 3 1 3 0 0 0 0 0 1 0 1 -1 0 -1 0 -1 0 -1 0 -1 0 -1 0
27 0 1 1 2 2 3 3 4 0 5 5 6 6 7 0 8 8 9 9 10 0 11 11 12 12 13 0 14 14 15 15 16 0 17 17 18 0 19 0 20 0 21 0 22 0 23 0 24 0 25 0 26 G -1 0 -1 0 -1 0 -1 0 0 0 0 0 0 0 0 1 0 1 0 1 0 2 0 2 0 2 0 3 0 3 0 3 -1 0 -1 0 -1 0 -1 0 -1 0 -1 0 -1 0 -1 0 -1 0 -1 0
27 0 1 1 2 2 3 3 4 0 5 5 6 6 7 0 8 8 9 9 10 0 11 11 12 12 13 0 14 14 15 15 16 0 17 0 18 0 19 0 20 0 21 0 22 0 23 0 24 0 25 0 26 G -1 0 -1 0 -1 0 -1 0 0 0 0 0 0 0 0 1 0 1 0 1 0 2 0 2 0 2 0 3 0 3 0 3 -1 0 -1 0 -1 0 -1 0 -1 0 -1 0 -1 0 -1 0 -1 0 -1 0
27 0 1 1 2 2 3 3 4 0 5 5 6 6 7 0 8 8 9 9 10 0 11 11 12 12 13 0 14 14 15 0 16 16 17 0 18 18 19 0 20 20 21 0 22 22 23 0 24 24 25 0 26 G -1 0 -1 0 -1 0 -1 0 1 0 1 0 1 0 1 1 1 1 1 1 1 2 1 2 1 2 0 0 0 0 0 1 0 1 0 2 0 2 0 3 0 3 0 4 0 4 0 5 0 5 -1 0
27 0 1 1 2 2 3 3 4 0 5 5 6 6 7 0 8 8 9 9 10 0 11 11 12 12 13 0 14 14 15 0 16 16 17 0 18 18 19 0 20 20 21 0 22 22 23 0 24 0 25 0 26 G -1 0 -1 0 -1 0 -1 0 1 0 1 0 1 0 1 1 1 1 1 1 1 2 1 2 1 2 0 0 0 0 0 1 0 1 0 2 0 2 0 3 0 3 0 4 0 4 -1 0 -1 0 -1 0
27 0 1 1 2 2 3 3 4 0 5 5 6 6 7 0 8 8 9 9 10 0 11 11 12 12 13 0 14 14 15 0 16 16 17 0 18 18 19 0 20 20 21 0 22 0 23 0 24 0 25 0 26 G -1 0 -1 0 -1 0 -1 0 1 0 1 0 1 0 1 1 1 1 1 1 1 2 1 2 1 2 0 0 0 0 0 1 0 1 0 2 0 2 0 3 0 3 -1 0 -1 0 -1 0 -1 0 -1 0
27 0 1 1 2 2 3 3 4 0 5 5 6 6 7 0 8 8 9 9 10 0 11 11 12 12 13 0 14 14 15 0 16 16 17 0 18 18 19 0 20 0 21 0 22 0 23 0 24 0 25 0 26 G -1 0 -1 0 -1 0 -1 0 1 0 1 0 1 0 1 1 1 1 1 1 1 2 1 2 1 2 0 0 0 0 0 1 0 1 0 2 0 2 -1 0 -1 0 -1 0 -1 0 -1 0 -1 0 -1 0
27 0 1 1 2 2 3 3 4 0 5 5 6 6 7 0 8 8 9 9 10 0 11 11 12 12 13 0 14 14 15 0 16 16 17 0 18 0 19 0 20 0 21 0 22 0 23 0 24 0 25 0 26 G -1 0 -1 0 -1 0 -1 0 1 0 1 0 1 0 1 1 1 1 1 1 1 2 1 2 1 2 0 0 0 0 0 1 0 1 -1 0 -1 0 -1 0 -1 0 -1 0 -1 0 -1 0 -1 0 -1 0
27 0 1 1 2 2 3 3 4 0 5 5 6 6 7 0 8 8 9 9 10 0 11 11 12 12 13 0 14 14 15 0 16 0 17 0 18 0 19 0 20 0 21 0 22 0 23 0 24 0 25 0 26 G -1 0 -1 0 -1 0 -1 0 0 0 0 0 0 0 0 1 0 1 0 1 0 2 0 2 0 2 -1 0 -1 0 -1 0 -1 0 -1 0 -1 0 -1 0 -1 0 -1 0 -1 0 -1 0 -1 0 -1 0
27 0 1 1 2 2 3 3 4 0 5 5 6 6 7 0 8 8 9 9 10 0 11 11 12 12 13 0 14 0 15 0 16 0 17 0 18 0 19 0 20 0 21 0 22 0 23 0 24 0 25 0 26 G -1 0 -1 0 -1 0 -1 0 0 0 0 0 0 0 0 1 0 1 0 1 0 2 0 2 0 2 -1 0 -1 0 -1 0 -1 0 -1 0 -1 0 -1 0 -1 0 -1 0 -1 0 -1 0 -1 0 -1 0
27 0 1 1 2 2 3 3 4 0 5 5 6 6 7 0 8 8 9 9 10 0 11 11 12 0 13 13 14 0 15 15 16 0 17 17 18 0 19 19 20 0 21 21 22 0 23 23 24 0 25 25 26 G -1 0 -1 0 -1 0 -1 0 1 0 1 0 1 0 1 1 1 1 1 1 0 0 0 0 0 1 0 1 0 2 0 2 0 3 0 3 0 4 0 4 0 5 0 5 0 6 0 6 0 7 0 7
27 0 1 1 2 2 3 3 4 0 5 5 6 6 7 0 8 8 9 9 10 0 11 11 12 0 13 13 14 0 15 15 16 0 17 17 18 0 19 19 20 0 21 21 22 0 23 23 24 0 25 0 26 G -1 0 -1 0 -1 0 -1 0 1 0 1 0 1 0 1 1 1 1 1 1 0 0 0 0 0 1 0 1 0 2 0 2 0 3 0 3 0 4 0 4 0 5 0 5 0 6 0 6 -1 0 -1 0
27 0 1 1 2 2 3 3 4 0 5 5 6 6 7 0 8 8 9 9 10 0 11 11 12 0 13 13 14 0 15 15 16 0 17 17 18 0 19 19 20 0 21 21 22 0 23 0 24 0 25 0 26 G -1 0 -1 0 -1 0 -1 0 1 0 1 0 1 0 1 1 1 1 1 1 0 0 0 0 0 1 0 1 0 2 0 2 0 3 0 3 0 4 0 4 0 5 0 5 -1 0 -1 0 -1 0 -1 0
27 0 1 1 2 2 3 3 4 0 5 5 6 6 7 0 8 8 9 9 10 0 11 11 12 0 13 13 14 0 15 15 16 0 17 17 18 0 19 19 20 0 21 0 22 0 23 0 24 0 25 0 26 G -1 0 -1 0 -1 0 -1 0 1 0 1 0 1 0 1 1 1 1 1 1 0 0 0 0 0 1 0 1 0 2 0 2 0 3 0 3 0 4 0 4 -1 0 -1 0 -1 0 -1 0 -1 0 -1 0
27 0 1 1 2 2 3 3 4 0 5 5 6 6 7 0 8 8 9 9 10 0 11 11 12 0 13 13 14 0 15 15 16 0 17 17 18 0 19 0 20 0 21 0 22 0 23 0 24 0 25 0 26 G -1 0 -1 0 -1 0 -1 0 1 0 1 0 1 0 1 1 1 1 1 1 0 0 0 0 0 1 0 1 0 2 0 2 0 3 0 3 -1 0 -1 0 -1 0 -1 0 -1 0 -1 0 -1 0 -1 0
27 0 1 1 2 2 3 3 4 0 5 5 6 6 7 0 8 8 9 9 10 0 11 11 12 0 13 13 14 0 15 15 16 0 17 0 18 0 19 0 20 0 21 0 22 0 23 0 24 0 25 0 26 G -1 0 -1 0 -1 0 -1 0 1 0 1 0 1 0 1 1 1 1 1 1 0 0 0 0 0 1 0 1 0 2 0 2 -1 0 -1 0 -1 0 -1 0 -1 0 -1 0 -1 0 -1 0 -1 0 -1 0
27 0 1 1 2 2 3 3 4 0 5 5 6 6 7 0 8 8 9 9 10 0 11 11 12 0 13 13 14 0 15 0 16 0 17 0 18 0 19 0 20 0 21 0 22 0 23 0 24 0 25 0 26 G -1 0 -1 0 -1 0 -1 0 1 0 1 0 1 0 1 1 1 1 1 1 0 0 0 0 0 1 0 1 -1 0 -1 0 -1 0 -1 0 -1 0 -1 0 -1 0 -1 0 -1 0 -1 0 -1 0 -1 0
27 0 1 1 2 2 3 3 4 0 5 5 6 6 7 0 8 8 9 9 10 0 11 11 12 0 13 0 14 0 15 0 16 0 17 0 18 0 19 0 20 0 21 0 22 0 23 0 24 0 25 0 26 G -1 0 -1 0 -1 0 -1 0 0 0 0 0 0 0 0 1 0 1 0 1 -1 0 -1 0 -1 0 -1 0 -1 0 -1 0 -1 0 -1 0 -1 0 -1 0 -1 0 -1 0 -1 0 -1 0 -1 0 -1 0
27 0 1 1 2 2 3 3 4 0 5 5 6 6 7 0 8 8 9 9 10 0 11 0 12 0 13 0 14 0 15 0 16 0 17 0 18 0 19 0 20 0 21 0 22 0 23 0 24 0 25 0 26 G -1 0 -1 0 -1 0 -1 0 0 0 0 0 0 0 0 1 0 1 0 1 -1 0 -1 0 -1 0 -1 0 -1 0 -1 0 -1 0 -1 0 -1 0 -1 0 -1 0 -1 0 -1 0 -1 0 -1 0 -1 0
27 0 1 1 2 2 3 3 4 0 5 5 6 6 7 0 8 8 9 0 10 10 11 0 12 12 13 0 14 14 15 0 16 16 17 0 18 18 19 0 20 20 21 0 22 22 23 0 24 24 25 0 26 G -1 0 -1 0 -1 0 -1 0 -1 0 -1 0 -1 0 0 0 0 0 0 1 0 1 0 2 0 2 0 3 0 3 0 4 0 4 0 5 0 5 0 6 0 6 0 7 0 7 0 8 0 8 -1 0
27 0 1 1 2 2 3 3 4 0 5 5 6 6 7 0 8 8 9 0 10 10 11 0 12 12 13 0 14 14 15 0 16 16 17 0 18 18 19 0 20 20 21 0 22 22 23 0 24 0 25 0 26 G -1 0 -1 0 -1 0 -1 0 -1 0 -1 0 -1 0 0 0 0 0 0 1 0 1 0 2 0 2 0 3 0 3 0 4 0 4 0 5 0 5 0 6 0 6 0 7 0 7 -1 0 -1 0 -1 0
27 0 1 1 2 2 3 3 4 0 5 5 6 6 7 0 8 8 9 0 10 10 11 0 12 12 13 0 14 14 15 0 16 16 17 0 18 18 19 0 20 20 21 0 22 0 23 0 24 0 25 0 26 G -1 0 -1 0 -1 0 -1 0 -1 0 -1 0 -1 0 0 0 0 0 0 1 0 1 0 2 0 2 0 3 0 3 0 4 0 4 0 5 0 5 0 6 0 6 -1 0 -1 0 -1 0 -1 0 -1 0
27 0 1 1 2 2 3 3 4 0 5 5 6 6 7 0 8 8 9 0 10 10 11 0 12 12 13 0 14 14 15 0 16 16 17 0 18 18 19 0 20 0 21 0 22 0 23 0 24 0 25 0 26 G -1 0 -1 0 -1 0 -1 0 -1 0 -1 0 -1 0 0 0 0 0 0 1 0 1 0 2 0 2 0 3 0 3 0 4 0 4 0 5 0 5 -1 0 -1 0 -1 0 -1 0 -1 0 -1 0 -1 0
27 0 1 1 2 2 3 3 4 0 5 5 6 6 7 0 8 8 9 0 10 10 11 0 12 12 13 0 14 14 15 0 16 16 17 0 18 0 19 0 20 0 21 0 22 0 23 0 24 0 25 0 26 G -1 0 -1 0 -1 0 -1 0 -1 0 -1 0 -1 0 0 0 0 0 0 1 0 1 0 2 0 2 0 3 0 3 0 4 0 4 -1 0 -1 0 -1 0 -1 0 -1 0 -1 0 -1 0 -1 0 -1 0
27 0 1 1 2 2 3 3 4 0 5 5 6 6 7 0 8 8 9 0 10 10 11 0 12 12 13 0 14 14 15 0 16 0 17 0 18 0 19 0 20 0 21 0 22 0 23 0 24 0 25 0 26 G -1 0 -1 0 -1 0 -1 0 -1 0 -1 0 -1 0 0 0 0 0 0 1 0 1 0 2 0 2 0 3 0 3 -1 0 -1 0 -1 0 -1 0 -1 0 -1 0 -1 0 -1 0 -1 0 -1 0 -1 0
27 0 1 1 2 2 3 3 4 0 5 5 6 6 7 0 8 8 9 0 10 10 11 0 12 12 13 0 14 0 15 0 16 0 17 0 18 0 19 0 20 0 21 0 22 0 23 0 24 0 25 0 26 G -1 0 -1 0 -1 0 -1 0 -1 0 -1 0 -1 0 0 0 0 0 0 1 0 1 0 2 0 2 -1 0 -1 0 -1 0 -1 0 -1 0 -1 0 -1 0 -1 0 -1 0 -1 0 -1 0 -1 0 -1 0
27 0 1 1 2 2 3 3 4 0 5 5 6 6 7 0 8 8 9 0 10 10 11 0 12 0 13 0 14 0 15 0 16 0 17 0 18 0 19 0 20 0 21 0 22 0 23 0 24 0 25 0 26 G -1 0 -1 0 -1 0 -1 0 -1 0 -1 0 -1 0 0 0 0 0 0 1 0 1 -1 0 -1 0 -1 0 -1 0 -1 0 -1 0 -1 0 -1 0 -1 0 -1 0 -1 0 -1 0 -1 0 -1 0 -1 0
27 0 1 1 2 2 3 3 4 0 5 5 6 6 7 0 8 8 9 0 10 0 11 0 12 0 13 0 14 0 15 0 16 0 17 0 18 0 19 0 20 0 21 0 22 0 23 0 24 0 25 0 26 G -1 0 -1 0 -1 0 -1 0 -1 0 -1 0 -1 0 -1 0 -1 0 -1 0 -1 0 -1 0 -1 0 -1 0 -1 0 -1 0 -1 0 -1 0 -1 0 -1 0 -1 0 -1 0 -1 0 -1 0 -1 0 -1 0
27 0 1 1 2 2 3 3 4 0 5 5 6 6 7 0 8 0 9 0 10 0 11 0 12 0 13 0 14 0 15 0 16 0 17 0 18 0 19 0 20 0 21 0 22 0 23 0 24 0 25 0 26 G -1 0 -1 0 -1 0 -1 0 -1 0 -1 0 -1 0 -1 0 -1 0 -1 0 -1 0 -1 0 -1 0 -1 0 -1 0 -1 0 -1 0 -1 0 -1 0 -1 0 -1 0 -1 0 -1 0 -1 0 -1 0 -1 0
27 0 1 1 2 2 3 3 4 0 5 5 6 0 7 7 8 0 9 9 10 0 11 11 12 0 13 13 14 0 15 15 16 0 17 17 18 0 19 19 20 0 21 21 22 0 23 23 24 0 25 25 26 G -1 0 -1 0 -1 0 -1 0 0 0 0 0 0 1 0 1 0 2 0 2 0 3 0 3 0 4 0 4 0 5 0 5 0 6 0 6 0 7 0 7 0 8 0 8 0 9 0 9 0 10 0 10
27 0 1 1 2 2 3 3 4 0 5 5 6 0 7 7 8 0 9 9 10 0 11 11 12 0 13 13 14 0 15 15 16 0 17 17 18 0 19 19 20 0 21 21 22 0 23 23 24 0 25 0 26 G -1 0 -1 0 -1 0 -1 0 0 0 0 0 0 1 0 1 0 2 0 2 0 3 0 3 0 4 0 4 0 5 0 5 0 6 0 6 0 7 0 7 0 8 0 8 0 9 0 9 -1 0 -1 0
27 0 1 1 2 2 3 3 4 0 5 5 6 0 7 7 8 0 9 9 10 0 11 11 12 0 13 13 14 0 15 15 16 0 17 17 18 0 19 19 20 0 21 21 22 0 23 0 24 0 25 0 26 G -1 0 -1 0 -1 0 -1 0 0 0 0 0 0 1 0 1 0 2 0 2 0 3 0 3 0 4 0 4 0 5 0 5 0 6 0 6 0 7 0 7 0 8 0 8 -1 0 -1 0 -1 0 -1 0
27 0 1 1 2 2 3 3 4 0 5 5 6 0 7 7 8 0 9 9 10 0 11 11 12 0 13 13 14 0 15 15 16 0 17 17 18 0 19 19 20 0 21 0 22 0 23 0 24 0 25 0 26 G -1 0 -1 0 -1 0 -1 0 0 0 0 0 0 1 0 1 0 2 0 2 0 3 0 3 0 4 0 4 0 5 0 5 0 6 0 6 0 7 0 7 -1 0 -1 0 -1 0 -1 0 -1 0 -1 0
27 0 1 1 2 2 3 3 4 0 5 5 6 0 7 7 8 0 9 9 10 0 11 11 12 0 13 13 14 0 15 15 16 0 17 17 18 0 19 0 20 0 21 0 22 0 23 0 24 0 25 0 26 G -1 0 -1 0 -1 0 -1 0 0 0 0 0 0 1 0 1 0 2 0 2 0 3 0 3 0 4 0 4 0 5 0 5 0 6 0 6 -1 0 -1 0 -1 0 -1 0 -1 0 -1 0 -1 0 -1 0
27 0 1 1 2 2 3 3 4 0 5 5 6 0 7 7 8 0 9 9 10 0 11 11 12 0 13 13 14 0 15 15 16 0 17 0 18 0 19 0 20 0 21 0 22 0 23 0 24 0 25 0 26 G -1 0 -1 0 -1 0 -1 0 0 0 0 0 0 1 0 1 0 2 0 2 0 3 0 3 0 4 0 4 0 5 0 5 -1 0 -1 0 -1 0 -1 0 -1 0 -1 0 -1 0 -1 0 -1 0 -1 0
27 0 1 1 2 2 3 3 4 0 5 5 6 0 7 7 8 0 9 9 10 0 11 11 12 0 13 13 14 0 15 0 16 0 17 0 18 0 19 0 20 0 21 0 22 0 23 0 24 0 25 0 26 G -1 0 -1 0 -1 0 -1 0 0 0 0 0 0 1 0 1 0 2 0 2 0 3 0 3 0 4 0 4 -1 0 -1 0 -1 0 -1 0 -1 0 -1 0 -1 0 -1 0 -1 0 -1 0 -1 0 -1 0
27 0 1 1 2 2 3 3 4 0 5 5 6 0 7 7 8 0 9 9 10 0 11 11 12 0 13 0 14 0 15 0 16 0 17 0 18 0 19 0 20 0 21 0 22 0 23 0 24 0 25 0 26 G -1 0 -1 0 -1 0 -1 0 0 0 0 0 0 1 0 1 0 2 0 2 0 3 0 3 -1 0 -1 0 -1 0 -1 0 -1 0 -1 0 -1 0 -1 0 -1 0 -1 0 -1 0 -1 0 -1 0 -1 0
27 0 1 1 2 2 3 3 4 0 5 5 6 0 7 7 8 0 9 9 10 0 11 0 12 0 13 0 14 0 15 0 16 0 17 0 18 0 19 0 20 0 21 0 22 0 23 0 24 0 25 0 26 G -1 0 -1 0 -1 0 -1 0 0 0 0 0 0 1 0 1 0 2 0 2 -1 0 -1 0 -1 0 -1 0 -1 0 -1 0 -1 0 -1 0 -1 0 -1 0 -1 0 -1 0 -1 0 -1 0 -1 0 -1 0
27 0 1 1 2 2 3 3 4 0 5 5 6 0 7 7 8 0 9 0 10 0 11 0 12 0 13 0 14 0 15 0 16 0 17 0 18 0 19 0 20 0 21 0 22 0 23 0 24 0 25 0 26 G -1 0 -1 0 -1 0 -1 0 0 0 0 0 0 1 0 1 -1 0 -1 0 -1 0 -1 0 -1 0 -1 0 -1 0 -1 0 -1 0 -1 0 -1 0 -1 0 -1 0 -1 0 -1 0 -1 0 -1 0 -1 0
27 0 1 1 2 2 3 3 4 0 5 5 6 0 7 0 8 0 9 0 10 0 11 0 12 0 13 0 14 0 15 0 16 0 17 0 18 0 19 0 20 0 21 0 22 0 23 0 24 0 25 0 26 G -1 0 -1 0 -1 0 -1 0 -1 0 -1 0 -1 0 -1 0 -1 0 -1 0 -1 0 -1 0 -1 0 -1 0 -1 0 -1 0 -1 0 -1 0 -1 0 -1 0 -1 0 -1 0 -1 0 -1 0 -1 0 -1 0
27 0 1 1 2 2 3 3 4 0 5 0 6 0 7 0 8 0 9 0 10 0 11 0 12 0 13 0 14 0 15 0 16 0 17 0 18 0 19 0 20 0 21 0 22 0 23 0 24 0 25 0 26 G -1 0 -1 0 -1 0 -1 0 -1 0 -1 0 -1 0 -1 0 -1 0 -1 0 -1 0 -1 0 -1 0 -1 0 -1 0 -1 0 -1 0 -1 0 -1 0 -1 0 -1 0 -1 0 -1 0 -1 0 -1 0 -1 0
27 0 1 1 2 2 3 0 4 4 5 5 6 0 7 7 8 8 9 0 10 10 11 11 12 0 13 13 14 14 15 0 16 16 17 17 18 0 19 19 20 20 21 0 22 22 23 23 24 0 25 25 26 G 0 0 0 0 0 0 0 1 0 1 0 1 0 2 0 2 0 2 0 3 0 3 0 3 0 4 0 4 0 4 0 5 0 5 0 5 0 6 0 6 0 6 0 7 0 7 0 7 -1 0 -1 0
27 0 1 1 2 2 3 0 4 4 5 5 6 0 7 7 8 8 9 0 10 10 11 11 12 0 13 13 14 14 15 0 16 16 17 17 18 0 19 19 20 20 21 0 22 22 23 23 24 0 25 0 26 G 0 0 0 0 0 0 0 1 0 1 0 1 0 2 0 2 0 2 0 3 0 3 0 3 0 4 0 4 0 4 0 5 0 5 0 5 0 6 0 6 0 6 0 7 0 7 0 7 -1 0 -1 0
27 0 1 1 2 2 3 0 4 4 5 5 6 0 7 7 8 8 9 0 10 10 11 11 12 0 13 13 14 14 15 0 16 16 17 17 18 0 19 19 20 20 21 0 22 22 23 0 24 24 25 0 26 G 1 0 1 0 1 0 1 1 1 1 1 1 1 2 1 2 1 2 1 3 1 3 1 3 1 4 1 4 1 4 1 5 1 5 1 5 1 6 1 6 1 6 0 0 0 0 0 1 0 1 -1 0
27 0 1 1 2 2 3 0 4 4 5 5 6 0 7 7 8 8 9 0 10 10 11 11 12 0 13 13 14 14 15 0 16 16 17 17 18 0 19 19 20 20 21 0 22 22 23 0 24 0 25 0 26 G 0 0 0 0 0 0 0 1 0 1 0 1 0 2 0 2 0 2 0 3 0 3 0 3 0 4 0 4 0 4 0 5 0 5 0 5 0 6 0 6 0 6 -1 0 -1 0 -1 0 -1 0 -1 0
27 0 1 1 2 2 3 0 4 4 5 5 6 0 7 7 8 8 9 0 10 10 11 11 12 0 13 13 14 14 15 0 16 16 17 17 18 0 19 19 20 20 21 0 22 0 23 0 24 0 25 0 26 G 0 0 0 0 0 0 0 1 0 1 0 1 0 2 0 2 0 2 0 3 0 3 0 3 0 4 0 4 0 4 0 5 0 5 0 5 0 6 0 6 0 6 -1 0 -1 0 -1 0 -1 0 -1 0
27 0 1 1 2 2 3 0 4 4 5 5 6 0 7 7 8 8 9 0 10 10 11 11 12 0 13 13 14 14 15 0 16 16 17 17 18 0 19 19 20 0 21 21 22 0 23 23 24 0 25 25 26 G 1 0 1 0 1 0 1 1 1 1 1 1 1 2 1 2 1 2 1 3 1 3 1 3 1 4 1 4 1 4 1 5 1 5 1 5 0 0 0 0 0 1 0 1 0 2 0 2 0 3 0 3
27 0 1 1 2 2 3 0 4 4 5 5 6 0 7 7 8 8 9 0 10 10 11 11 12 0 13 13 14 14 15 0 16 16 17 17 18 0 19 19 20 0 21 21 22 0 23 23 24 0 25 0 26 G 1 0 1 0 1 0 1 1 1 1 1 1 1 2 1 2 1 2 1 3 1 3 1 3 1 4 1 4 1 4 1 5 1 5 1 5 0 0 0 0 0 1 0 1 0 2 0 2 -1 0 -1 0
27 0 1 1 2 2 3 0 4 4 5 5 6 0 7 7 8 8 9 0 10 10 11 11 12 0 13 13 14 14 15 0 16 16 17 17 18 0 19 19 20 0 21 21 22 0 23 0 24 0 25 0 26 G 1 0 1 0 1 0 1 1 1 1 1 1 1 2 1 2 1 2 1 3 1 3 1 3 1 4 1 4 1 4 1 5 1 5 1 5 0 0 0 0 0 1 0 1 -1 0 -1 0 -1 0 -1 0
27 0 1 1 2 2 3 0 4 4 5 5 6 0 7 7 8 8 9 0 10 10 11 11 12 0 13 13 14 14 15 0 16 16 17 17 18 0 19 19 20 0 21 0 22 0 23 0 24 0 25 0 26 G 0 0 0 0 0 0 0 1 0 1 0 1 0 2 0 2 0 2 0 3 0 3 0 3 0 4 0 4 0 4 0 5 0 5 0 5 -1 0 -1 0 -1 0 -1 0 -1 0 -1 0 -1 0 -1 0
27 0 1 1 2 2 3 0 4 4 5 5 6 0 7 7 8 8 9 0 10 10 11 11 12 0 13 13 14 14 15 0 16 16 17 17 18 0 19 0 20 0 21 0 22 0 23 0 24 0 25 0 26 G 0 0 0 0 0 0 0 1 0 1 0 1 0 2 0 2 0 2 0 3 0 3 0 3 0 4 0 4 0 4 0 5 0 5 0 5 -1 0 -1 0 -1 0 -1 0 -1 0 -1 0 -1 0 -1 0
27 0 1 1 2 2 3 0 4 4 5 5 6 0 7 7 8 8 9 0 10 10 11 11 12 0 13 13 14 14 15 0 16 16 17 0 18 18 19 0 20 20 21 0 22 22 23 0 24 24 25 0 26 G 1 0 1 0 1 0 1 1 1 1 1 1 1 2 1 2 1 2 1 3 1 3 1 3 1 4 1 4 1 4 0 0 0 0 0 1 0 1 0 2 0 2 0 3 0 3 0 4 0 4 -1 0
27 0 1 1 2 2 3 0 4 4 5 5 6 0 7 7 8 8 9 0 10 10 11 11 12 0 13 13 14 14 15 0 16 16 17 0 18 18 19 0 20 20 21 0 22 22 23 0 24 0 25 0 26 G 1 0 1 0 1 0 1 1 1 1 1 1 1 2 1 2 1 2 1 3 1 3 1 3 1 4 1 4 1 4 0 0 0 0 0 1 0 1 0 2 0 2 0 3 0 3 -1 0 -1 0 -1 0
27 0 1 1 2 2 3 0 4 4 5 5 6 0 7 7 8 8 9 0 10 10 11 11 12 0 13 13 14 14 15 0 16 16 17 0 18 18 19 0 20 20 21 0 22 0 23 0 24 0 25 0 26 G 1 0 1 0 1 0 1 1 1 1 1 1 1 2 1 2 1 2 1 3 1 3 1 3 1 4 1 4 1 4 0 0 0 0 0 1 0 1 0 2 0 2 -1 0 -1 0 -1 0 -1 0 -1 0
27 0 1 1 2 2 3 0 4 4 5 5 6 0 7 7 8 8 9 0 10 10 11 11 12 0 13 13 14 14 15 0 16 16 17 0 18 18 19 0 20 0 21 0 22 0 23 0 24 0 25 0 26 G 1 0 1 0 1 0 1 1 1 1 1 1 1 2 1 2 1 2 1 3 1 3 1 3 1 4 1 4 1 4 0 0 0 0 0 1 0 1 -1 0 -1 0 -1 0 -1 0 -1 0 -1 0 -1 0
27 0 1 1 2 2 3 0 4 4 5 5 6 0 7 7 8 8 9 0 10 10 11 11 12 0 13 13 14 14 15 0 16 16 17 0 18 0 19 0 20 0 21 0 22 0 23 0 24 0 25 0 26 G 0 0 0 0 0 0 0 1 0 1 0 1 0 2 0 2 0 2 0 3 0 3 0 3 0 4 0 4 0 4 -1 0 -1 0 -1 0 -1 0 -1 0 -1 0 -1 0 -1 0 -1 0 -1 0 -1 0
27 0 1 1 2 2 3 0 4 4 5 5 6 0 7 7 8 8 9 0 10 10 11 11 12 0 13 13 14 14 15 0 16 0 17 0 18 0 19 0 20 0 21 0 22 0 23 0 24 0 25 0 26 G 0 0 0 0 0 0 0 1 0 1 0 1 0 2 0 2 0 2 0 3 0 3 0 3 0 4 0 4 0 4 -1 0 -1 0 -1 0 -1 0 -1 0 -1 0 -1 0 -1 0 -1 0 -1 0 -1 0
27 0 1 1 2 2 3 0 4 4 5 5 6 0 7 7 8 8 9 0 10 10 11 11 12 0 13 13 14 0 15 15 16 0 17 17 18 0 19 19 20 0 21 21 22 0 23 23 24 0 25 25 26 G 1 0 1 0 1 0 1 1 1 1 1 1 1 2 1 2 1 2 1 3 1 3 1 3 0 0 0 0 0 1 0 1 0 2 0 2 0 3 0 3 0 4 0 4 0 5 0 5 0 6 0 6
27 0 1 1 2 2 3 0 4 4 5 5 6 0 7 7 8 8 9 0 10 10 11 11 12 0 13 13 14 0 15 15 16 0 17 17 18 0 19 19 20 0 21 21 22 0 23 23 24 0 25 0 26 G 1 0 1 0 1 0 1 1 1 1 1 1 1 2 1 2 1 2 1 3 1 3 1 3 0 0 0 0 0 1 0 1 0 2 0 2 0 3 0 3 0 4 0 4 0 5 0 5 -1 0 -1 0
27 0 1 1 2 2 3 0 4 4 5 5 6 0 7 7 8 8 9 0 10 10 11 11 12 0 13 13 14 0 15 15 16 0 17 17 18 0 19 19 20 0 21 21 22 0 23 0 24 0 25 0 26 G 1 0 1 0 1 0 1 1 1 1 1 1 1 2 1 2 1 2 1 3 1 3 1 3 0 0 0 0 0 1 0 1 0 2 0 2 0 3 0 3 0 4 0 4 -1 0 -1 0 -1 0 -1 0
27 0 1 1 2 2 3 0 4 4 5 5 6 0 7 7 8 8 9 0 10 10 11 11 12 0 13 13 14 0 15 15 16 0 17 17 18 0 19 19 20 0 21 0 22 0 23 0 24 0 25 0 26 G 1 0 1 0 1 0 1 1 1 1 1 1 1 2 1 2 1 2 1 3 1 3 1 3 0 0 0 0 0 1 0 1 0 2 0 2 0 3 0 3 -1 0 -1 0 -1 0 -1 0 -1 0 -1 0
27 0 1 1 2 2 3 0 4 4 5 5 6 0 7 7 8 8 9 0 10 10 11 11 12 0 13 13 14 0 15 15 16 0 17 17 18 0 19 0 20 0 21 0 22 0 23 0 24 0 25 0 26 G 1 0 1 0 1 0 1 1 1 1 1 1 1 2 1 2 1 2 1 3 1 3 1 3 0 0 0 0 0 1 0 1 0 2 0 2 -1 0 -1 0 -1 0 -1 0 -1 0 -1 0 -1 0 -1 0
27 0 1 1 2 2 3 0 4 4 5 5 6 0 7 7 8 8 9 0 10 10 11 11 12 0 13 13 14 0 15 15 16 0 17 0 18 0 19 0 20 0 21 0 22 0 23 0 24 0 25 0 26 G 1 0 1 0 1 0 1 1 1 1 1 1 1 2 1 2 1 2 1 3 1 3 1 3 0 0 0 0 0 1 0 1 -1 0 -1 0 -1 0 -1 0 -1 0 -1 0 -1 0 -1 0 -1 0 -1 0
27 0 1 1 2 2 3 0 4 4 5 5 6 0 7 7 8 8 9 0 10 10 11 11 12 0 13 13 14 0 15 0 16 0 17 0 18 0 19 0 20 0 21 0 22 0 23 0 24 0 25 0 26 G 0 0 0 0 0 0 0 1 0 1 0 1 0 2 0 2 0 2 0 3 0 3 0 3 -1 0 -1 0 -1 0 -1 0 -1 0 -1 0 -1 0 -1 0 -1 0 -1 0 -1 0 -1 0 -1 0 -1 0
27 0 1 1 2 2 3 0 4 4 5 5 6 0 7 7 8 8 9 0 10 10 11 11 12 0 13 0 14 0 15 0 16 0 17 0 18 0 19 0 20 0 21 0 22 0 23 0 24 0 25 0 26 G 0 0 0 0 0 0 0 1 0 1 0 1 0 2 0 2 0 2 0 3 0 3 0 3 -1 0 -1 0 -1 0 -1 0 -1 0 -1 0 -1 0 -1 0 -1 0 -1 0 -1 0 -1 0 -1 0 -1 0
27 0 1 1 2 2 3 0 4 4 5 5 6 0 7 7 8 8 9 0 10 10 11 0 12 12 13 0 14 14 15 0 16 16 17 0 18 18 19 0 20 20 21 0 22 22 23 0 24 24 25 0 26 G 1 0 1 0 1 0 1 1 1 1 1 1 1 2 1 2 1 2 0 0 0 0 0 1 0 1 0 2 0 2 0 3 0 3 0 4 0 4 0 5 0 5 0 6 0 6 0 7 0 7 -1 0
27 0 1 1 2 2 3 0 4 4 5 5 6 0 7 7 8 8 9 0 10 10 11 0 12 12 13 0 14 14 15 0 16 16 17 0 18 18 19 0 20 20 21 0 22 22 23 0 24 0 25 0 26 G 1 0 1 0 1 0 1 1 1 1 1 1 1 2 1 2 1 2 0 0 0 0 0 1 0 1 0 2 0 2 0 3 0 3 0 4 0 4 0 5 0 5 0 6 0 6 -1 0 -1 0 -1 0
27 0 1 1 2 2 3 0 4 4 5 5 6 0 7 7 8 8 9 0 10 10 11 0 12 12 13 0 14 14 15 0 16 16 17 0 18 18 19 0 20 20 21 0 22 0 23 0 24 0 25 0 26 G 1 0 1 0 1 0 1 1 1 1 1 1 1 2 1 2 1 2 0 0 0 0 0 1 0 1 0 2 0 2 0 3 0 3 0 4 0 4 0 5 0 5 -1 0 -1 0 -1 0 -1 0 -1 0
27 0 1 1 2 2 3 0 4 4 5 5 6 0 7 7 8 8 9 0 10 10 11 0 12 12 13 0 14 14 15 0 16 16 17 0 18 18 19 0 20 0 21 0 22 0 23 0 24 0 25 0 26 G 1 0 1 0 1 0 1 1 1 1 1 1 1 2 1 2 1 2 0 0 0 0 0 1 0 1 0 2 0 2 0 3 0 3 0 4 0 4 -1 0 -1 0 -1 0 -1 0 -1 0 -1 0 -1 0
27 0 1 1 2 2 3 0 4 4 5 5 6 0 7 7 8 8 9 0 10 10 11 0 12 12 13 0 14 14 15 0 16 16 17 0 18 0 19 0 20 0 21 0 22 0 23 0 24 0 25 0 26 G 1 0 1 0 1 0 1 1 1 1 1 1 1 2 1 2 1 2 0 0 0 0 0 1 0 1 0 2 0 2 0 3 0 3 -1 0 -1 0 -1 0 -1 0 -1 0 -1 0 -1 0 -1 0 -1 0
27 0 1 1 2 2 3 0 4 4 5 5 6 0 7 7 8 8 9 0 10 10 11 0 12 12 13 0 14 14 15 0 16 0 17 0 18 0 19 0 20 0 21 0 22 0 23 0 24 0 25 0 26 G 1 0 1 0 1 0 1 1 1 1 1 1 1 2 1 2 1 2 0 0 0 0 0 1 0 1 0 2 0 2 -1 0 -1 0 -1 0 -1 0 -1 0 -1 0 -1 0 -1 0 -1 0 -1 0 -1 0
27 0 1 1 2 2 3 0 4 4 5 5 6 0 7 7 8 8 9 0 10 10 11 0 12 12 13 0 14 0 15 0 16 0 17 0 18 0 19 0 20 0 21 0 22 0 23 0 24 0 25 0 26 G 1 0 1 0 1 0 1 1 1 1 1 1 1 2 1 2 1 2 0 0 0 0 0 1 0 1 -1 0 -1 0 -1 0 -1 0 -1 0 -1 0 -1 0 -1 0 -1 0 -1 0 -1 0 -1 0 -1 0
27 0 1 1 2 2 3 0 4 4 5 5 6 0 7 7 8 8 9 0 10 10 11 0 12 0 13 0 14 0 15 0 16 0 17 0 18 0 19 0 20 0 21 0 22 0 23 0 24 0 25 0 26 G 0 0 0 0 0 0 0 1 0 1 0 1 0 2 0 2 0 2 -1 0 -1 0 -1 0 -1 0 -1 0 -1 0 -1 0 -1 0 -1 0 -1 0 -1 0 -1 0 -1 0 -1 0 -1 0 -1 0 -1 0
27 0 1 1 2 2 3 0 4 4 5 5 6 0 7 7 8 8 9 0 10 0 11 0 12 0 13 0 14 0 15 0 16 0 17 0 18 0 19 0 20 0 21 0 22 0 23 0 24 0 25 0 26 G 0 0 0 0 0 0 0 1 0 1 0 1 0 2 0 2 0 2 -1 0 -1 0 -1 0 -1 0 -1 0 -1 0 -1 0 -1 0 -1 0 -1 0 -1 0 -1 0 -1 0 -1 0 -1 0 -1 0 -1 0
27 0 1 1 2 2 3 0 4 4 5 5 6 0 7 7 8 0 9 9 10 0 11 11 12 0 13 13 14 0 15 15 16 0 17 17 18 0 19 19 20 0 21 21 22 0 23 23 24 0 25 25 26 G 1 0 1 0 1 0 1 1 1 1 1 1 0 0 0 0 0 1 0 1 0 2 0 2 0 3 0 3 0 4 0 4 0 5 0 5 0 6 0 6 0 7 0 7 0 8 0 8 0 9 0 9
27 0 1 1 2 2 3 0 4 4 5 5 6 0 7 7 8 0 9 9 10 0 11 11 12 0 13 13 14 0 15 15 16 0 17 17 18 0 19 19 20 0 21 21 22 0 23 23 24 0 25 0 26 G 1 0 1 0 1 0 1 1 1 1 1 1 0 0 0 0 0 1 0 1 0 2 0 2 0 3 0 3 0 4 0 4 0 5 0 5 0 6 0 6 0 7 0 7 0 8 0 8 -1 0 -1 0
27 0 1 1 2 2 3 0 4 4 5 5 6 0 7 7 8 0 9 9 10 0 11 11 12 0 13 13 14 0 15 15 16 0 17 17 18 0 19 19 20 0 21 21 22 0 23 0 24 0 25 0 26 G 1 0 1 0 1 0 1 1 1 1 1 1 0 0 0 0 0 1 0 1 0 2 0 2 0 3 0 3 0 4 0 4 0 5 0 5 0 6 0 6 0 7 0 7 -1 0 -1 0 -1 0 -1 0
27 0 1 1 2 2 3 0 4 4 5 5 6 0 7 7 8 0 9 9 10 0 11 11 12 0 13 13 14 0 15 15 16 0 17 17 18 0 19 19 20 0 21 0 22 0 23 0 24 0 25 0 26 G 1 0 1 0 1 0 1 1 1 1 1 1 0 0 0 0 0 1 0 1 0 2 0 2 0 3 0 3 0 4 0 4 0 5 0 5 0 6 0 6 -1 0 -1 0 -1 0 -1 0 -1 0 -1 0
27 0 1 1 2 2 3 0 4 4 5 5 6 0 7 7 8 0 9 9 10 0 11 11 12 0 13 13 14 0 15 15 16 0 17 17 18 0 19 0 20 0 21 0 22 0 23 0 24 0 25 0 26 G 1 0 1 0 1 0 1 1 1 1 1 1 0 0 0 0 0 1 0 1 0 2 0 2 0 3 0 3 0 4 0 4 0 5 0 5 -1 0 -1 0 -1 0 -1 0 -1 0 -1 0 -1 0 -1 0
27 0 1 1 2 2 3 0 4 4 5 5 6 0 7 7 8 0 9 9 10 0 11 11 12 0 13 13 14 0 15 15 16 0 17 0 18 0 19 0 20 0 21 0 22 0 23 0 24 0 25 0 26 G 1 0 1 0 1 0 1 1 1 1 1 1 0 0 0 0 0 1 0 1 0 2 0 2 0 3 0 3 0 4 0 4 -1 0 -1 0 -1 0 -1 0 -1 0 -1 0 -1 0 -1 0 -1 0 -1 0
27 0 1 1 2 2 3 0 4 4 5 5 6 0 7 7 8 0 9 9 10 0 11 11 12 0 13 13 14 0 15 0 16 0 17 0 18 0 19 0 20 0 21 0 22 0 23 0 24 0 25 0 26 G 1 0 1 0 1 0 1 1 1 1 1 1 0 0 0 0 0 1 0 1 0 2 0 2 0 3 0 3 -1 0 -1 0 -1 0 -1 0 -1 0 -1 0 -1 0 -1 0 -1 0 -1 0 -1 0 -1 0
27 0 1 1 2 2 3 0 4 4 5 5 6 0 7 7 8 0 9 9 10 0 11 11 12 0 13 0 14 0 15 0 16 0 17 0 18 0 19 0 20 0 21 0 22 0 23 0 24 0 25 0 26 G 1 0 1 0 1 0 1 1 1 1 1 1 0 0 0 0 0 1 0 1 0 2 0 2 -1 0 -1 0 -1 0 -1 0 -1 0 -1 0 -1 0 -1 0 -1 0 -1 0 -1 0 -1 0 -1 0 -1 0
27 0 1 1 2 2 3 0 4 4 5 5 6 0 7 7 8 0 9 9 10 0 11 0 12 0 13 0 14 0 15 0 16 0 17 0 18 0 19 0 20 0 21 0 22 0 23 0 24 0 25 0 26 G 1 0 1 0 1 0 1 1 1 1 1 1 0 0 0 0 0 1 0 1 -1 0 -1 0 -1 0 -1 0 -1 0 -1 0 -1 0 -1 0 -1 0 -1 0 -1 0 -1 0 -1 0 -1 0 -1 0 -1 0
27 0 1 1 2 2 3 0 4 4 5 5 6 0 7 7 8 0 9 0 10 0 11 0 12 0 13 0 14 0 15 0 16 0 17 0 18 0 19 0 20 0 21 0 22 0 23 0 24 0 25 0 26 G 0 0 0 0 0 0 0 1 0 1 0 1 -1 0 -1 0 -1 0 -1 0 -1 0 -1 0 -1 0 -1 0 -1 0 -1 0 -1 0 -1 0 -1 0 -1 0 -1 0 -1 0 -1 0 -1 0 -1 0 -1 0
27 0 1 1 2 2 3 0 4 4 5 5 6 0 7 0 8 0 9 0 10 0 11 0 12 0 13 0 14 0 15 0 16 0 17 0 18 0 19 0 20 0 21 0 22 0 23 0 24 0 25 0 26 G 0 0 0 0 0 0 0 1 0 1 0 1 -1 0 -1 0 -1 0 -1 0 -1 0 -1 0 -1 0 -1 0 -1 0 -1 0 -1 0 -1 0 -1 0 -1 0 -1 0 -1 0 -1 0 -1 0 -1 0 -1 0
27 0 1 1 2 2 3 0 4 4 5 0 6 6 7 0 8 8 9 0 10 10 11 0 12 12 13 0 14 14 15 0 16 16 17 0 18 18 19 0 20 20 21 0 22 22 23 0 24 24 25 0 26 G -1 0 -1 0 -1 0 0 0 0 0 0 1 0 1 0 2 0 2 0 3 0 3 0 4 0 4 0 5 0 5 0 6 0 6 0 7 0 7 0 8 0 8 0 9 0 9 0 10 0 10 -1 0
27 0 1 1 2 2 3 0 4 4 5 0 6 6 7 0 8 8 9 0 10 10 11 0 12 12 13 0 14 14 15 0 16 16 17 0 18 18 19 0 20 20 21 0 22 22 23 0 24 0 25 0 26 G -1 0 -1 0 -1 0 0 0 0 0 0 1 0 1 0 2 0 2 0 3 0 3 0 4 0 4 0 5 0 5 0 6 0 6 0 7 0 7 0 8 0 8 0 9 0 9 -1 0 -1 0 -1 0
27 0 1 1 2 2 3 0 4 4 5 0 6 6 7 0 8 8 9 0 10 10 11 0 12 12 13 0 14 14 15 0 16 16 17 0 18 18 19 0 20 20 21 0 22 0 23 0 24 0 25 0 26 G -1 0 -1 0 -1 0 0 0 0 0 0 1 0 1 0 2 0 2 0 3 0 3 0 4 0 4 0 5 0 5 0 6 0 6 0 7 0 7 0 8 0 8 -1 0 -1 0 -1 0 -1 0 -1 0
27 0 1 1 2 2 3 0 4 4 5 0 6 6 7 0 8 8 9 0 10 10 11 0 12 12 13 0 14 14 15 0 16 16 17 0 18 18 19 0 20 0 21 0 22 0 23 0 24 0 25 0 26 G -1 0 -1 0 -1 0 0 0 0 0 0 1 0 1 0 2 0 2 0 3 0 3 0 4 0 4 0 5 0 5 0 6 0 6 0 7 0 7 -1 0 -1 0 -1 0 -1 0 -1 0 -1 0 -1 0
27 0 1 1 2 2 3 0 4 4 5 0 6 6 7 0 8 8 9 0 10 10 11 0 12 12 13 0 14 14 15 0 16 16 17 0 18 0 19 0 20 0 21 0 22 0 23 0 24 0 25 0 26 G -1 0 -1 0 -1 0 0 0 0 0 0 1 0 1 0 2 0 2 0 3 0 3 0 4 0 4 0 5 0 5 0 6 0 6 -1 0 -1 0 -1 0 -1 0 -1 0 -1 0 -1 0 -1 0 -1 0
27 0 1 1 2 2 3 0 4 4 5 0 6 6 7 0 8 8 9 0 10 10 11 0 12 12 13 0 14 14 15 0 16 0 17 0 18 0 19 0 20 0 21 0 22 0 23 0 24 0 25 0 26 G -1 0 -1 0 -1 0 0 0 0 0 0 1 0 1 0 2 0 2 0 3 0 3 0 4 0 4 0 5 0 5 -1 0 -1 0 -1 0 -1 0 -1 0 -1 0 -1 0 -1 0 -1 0 -1 0 -1 0
27 0 1 1 2 2 3 0 4 4 5 0 6 6 7 0 8 8 9 0 10 10 11 0 12 12 13 0 14 0 15 0 16 0 17 0 18 0 19 0 20 0 21 0 22 0 23 0 24 0 25 0 26 G -1 0 -1 0 -1 0 0 0 0 0 0 1 0 1 0 2 0 2 0 3 0 3 0 4 0 4 -1 0 -1 0 -1 0 -1 0 -1 0 -1 0 -1 0 -1 0 -1 0 -1 0 -1 0 -1 0 -1 0
27 0 1 1 2 2 3 0 4 4 5 0 6 6 7 0 8 8 9 0 10 10 11 0 12 0 13 0 14 0 15 0 16 0 17 0 18 0 19 0 20 0 21 0 22 0 23 0 24 0 25 0 26 G -1 0 -1 0 -1 0 0 0 0 0 0 1 0 1 0 2 0 2 0 3 0 3 -1 0 -1 0 -1 0 -1 0 -1 0 -1 0 -1 0 -1 0 -1 0 -1 0 -1 0 -1 0 -1 0 -1 0 -1 0
27 0 1 1 2 2 3 0 4 4 5 0 6 6 7 0 8 8 9 0 10 0 11 0 12 0 13 0 14 0 15 0 16 0 17 0 18 0 19 0 20 0 21 0 22 0 23 0 24 0 25 0 26 G -1 0 -1 0 -1 0 0 0 0 0 0 1 0 1 0 2 0 2 -1 0 -1 0 -1 0 -1 0 -1 0 -1 0 -1 0 -1 0 -1 0 -1 0 -1 0 -1 0 -1 0 -1 0 -1 0 -1 0 -1 0
27 0 1 1 2 2 3 0 4 4 5 0 6 6 7 0 8 0 9 0 10 0 11 0 12 0 13 0 14 0 15 0 16 0 17 0 18 0 19 0 20 0 21 0 22 0 23 0 24 0 25 0 26 G -1 0 -1 0 -1 0 0 0 0 0 0 1 0 1 -1 0 -1 0 -1 0 -1 0 -1 0 -1 0 -1 0 -1 0 -1 0 -1 0 -1 0 -1 0 -1 0 -1 0 -1 0 -1 0 -1 0 -1 0 -1 0
27 0 1 1 2 2 3 0 4 4 5 0 6 0 7 0 8 0 9 0 10 0 11 0 12 0 13 0 14 0 15 0 16 0 17 0 18 0 19 0 20 0 21 0 22 0 23 0 24 0 25 0 26 G -1 0 -1 0 -1 0 -1 0 -1 0 -1 0 -1 0 -1 0 -1 0 -1 0 -1 0 -1 0 -1 0 -1 0 -1 0 -1 0 -1 0 -1 0 -1 0 -1 0 -1 0 -1 0 -1 0 -1 0 -1 0 -1 0
27 0 1 1 2 2 3 0 4 0 5 0 6 0 7 0 8 0 9 0 10 0 11 0 12 0 13 0 14 0 15 0 16 0 17 0 18 0 19 0 20 0 21 0 22 0 23 0 24 0 25 0 26 G -1 0 -1 0 -1 0 -1 0 -1 0 -1 0 -1 0 -1 0 -1 0 -1 0 -1 0 -1 0 -1 0 -1 0 -1 0 -1 0 -1 0 -1 0 -1 0 -1 0 -1 0 -1 0 -1 0 -1 0 -1 0 -1 0
27 0 1 1 2 0 3 3 4 0 5 5 6 0 7 7 8 0 9 9 10 0 11 11 12 0 13 13 14 0 15 15 16 0 17 17 18 0 19 19 20 0 21 21 22 0 23 23 24 0 25 25 26 G 0 0 0 0 0 1 0 1 0 2 0 2 0 3 0 3 0 4 0 4 0 5 0 5 0 6 0 6 0 7 0 7 0 8 0 8 0 9 0 9 0 10 0 10 0 11 0 11 0 12 0 12
27 0 1 1 2 0 3 3 4 0 5 5 6 0 7 7 8 0 9 9 10 0 11 11 12 0 13 13 14 0 15 15 16 0 17 17 18 0 19 19 20 0 21 21 22 0 23 23 24 0 25 0 26 G 0 0 0 0 0 1 0 1 0 2 0 2 0 3 0 3 0 4 0 4 0 5 0 5 0 6 0 6 0 7 0 7 0 8 0 8 0 9 0 9 0 10 0 10 0 11 0 11 -1 0 -1 0
27 0 1 1 2 0 3 3 4 0 5 5 6 0 7 7 8 0 9 9 10 0 11 11 12 0 13 13 14 0 15 15 16 0 17 17 18 0 19 19 20 0 21 21 22 0 23 0 24 0 25 0 26 G 0 0 0 0 0 1 0 1 0 2 0 2 0 3 0 3 0 4 0 4 0 5 0 5 0 6 0 6 0 7 0 7 0 8 0 8 0 9 0 9 0 10 0 10 -1 0 -1 0 -1 0 -1 0
27 0 1 1 2 0 3 3 4 0 5 5 6 0 7 7 8 0 9 9 10 0 11 11 12 0 13 13 14 0 15 15 16 0 17 17 18 0 19 19 20 0 21 0 22 0 23 0 24 0 25 0 26 G 0 0 0 0 0 1 0 1 0 2 0 2 0 3 0 3 0 4 0 4 0 5 0 5 0 6 0 6 0 7 0 7 0 8 0 8 0 9 0 9 -1 0 -1 0 -1 0 -1 0 -1 0 -1 0
27 0 1 1 2 0 3 3 4 0 5 5 6 0 7 7 8 0 9 9 10 0 11 11 12 0 13 13 14 0 15 15 16 0 17 17 18 0 19 0 20 0 21 0 22 0 23 0 24 0 25 0 26 G 0 0 0 0 0 1 0 1 0 2 0 2 0 3 0 3 0 4 0 4 0 5 0 5 0 6 0 6 0 7 0 7 0 8 0 8 -1 0 -1 0 -1 0 -1 0 -1 0 -1 0 -1 0 -1 0
27 0 1 1 2 0 3 3 4 0 5 5 6 0 7 7 8 0 9 9 10 0 11 11 12 0 13 13 14 0 15 15 16 0 17 0 18 0 19 0 20 0 21 0 22 0 23 0 24 0 25 0 26 G 0 0 0 0 0 1 0 1 0 2 0 2 0 3 0 3 0 4 0 4 0 5 0 5 0 6 0 6 0 7 0 7 -1 0 -1 0 -1 0 -1 0 -1 0 -1 0 -1 0 -1 0 -1 0 -1 0
27 0 1 1 2 0 3 3 4 0 5 5 6 0 7 7 8 0 9 9 10 0 11 11 12 0 13 13 14 0 15 0 16 0 17 0 18 0 19 0 20 0 21 0 22 0 23 0 24 0 25 0 26 G 0 0 0 0 0 1 0 1 0 2 0 2 0 3 0 3 0 4 0 4 0 5 0 5 0 6 0 6 -1 0 -1 0 -1 0 -1 0 -1 0 -1 0 -1 0 -1 0 -1 0 -1 0 -1 0 -1 0
27 0 1 1 2 0 3 3 4 0 5 5 6 0 7 7 8 0 9 9 10 0 11 11 12 0 13 0 14 0 15 0 16 0 17 0 18 0 19 0 20 0 21 0 22 0 23 0 24 0 25 0 26 G 0 0 0 0 0 1 0 1 0 2 0 2 0 3 0 3 0 4 0 4 0 5 0 5 -1 0 -1 0 -1 0 -1 0 -1 0 -1 0 -1 0 -1 0 -1 0 -1 0 -1 0 -1 0 -1 0 -1 0
27 0 1 1 2 0 3 3 4 0 5 5 6 0 7 7 8 0 9 9 10 0 11 0 12 0 13 0 14 0 15 0 16 0 17 0 18 0 19 0 20 0 21 0 22 0 23 0 24 0 25 0 26 G 0 0 0 0 0 1 0 1 0 2 0 2 0 3 0 3 0 4 0 4 -1 0 -1 0 -1 0 -1 0 -1 0 -1 0 -1 0 -1 0 -1 0 -1 0 -1 0 -1 0 -1 0 -1 0 -1 0 -1 0
27 0 1 1 2 0 3 3 4 0 5 5 6 0 7 7 8 0 9 0 10 0 11 0 12 0 13 0 14 0 15 0 16 0 17 0 18 0 19 0 20 0 21 0 22 0 23 0 24 0 25 0 26 G 0 0 0 0 0 1 0 1 0 2 0 2 0 3 0 3 -1 0 -1 0 -1 0 -1 0 -1 0 -1 0 -1 0 -1 0 -1 0 -1 0 -1 0 -1 0 -1 0 -1 0 -1 0 -1 0 -1 0 -1 0
27 0 1 1 2 0 3 3 4 0 5 5 6 0 7 0 8 0 9 0 10 0 11 0 12 0 13 0 14 0 15 0 16 0 17 0 18 0 19 0 20 0 21 0 22 0 23 0 24 0 25 0 26 G 0 0 0 0 0 1 0 1 0 2 0 2 -1 0 -1 0 -1 0 -1 0 -1 0 -1 0 -1 0 -1 0 -1 0 -1 0 -1 0 -1 0 -1 0 -1 0 -1 0 -1 0 -1 0 -1 0 -1 0 -1 0
27 0 1 1 2 0 3 3 4 0 5 0 6 0 7 0 8 0 9 0 10 0 11 0 12 0 13 0 14 0 15 0 16 0 17 0 18 0 19 0 20 0 21 0 22 0 23 0 24 0 25 0 26 G 0 0 0 0 0 1 0 1 -1 0 -1 0 -1 0 -1 0 -1 0 -1 0 -1 0 -1 0 -1 0 -1 0 -1 0 -1 0 -1 0 -1 0 -1 0 -1 0 -1 0 -1 0 -1 0 -1 0 -1 0 -1 0
27 0 1 1 2 0 3 0 4 0 5 0 6 0 7 0 8 0 9 0 10 0 11 0 12 0 13 0 14 0 15 0 16 0 17 0 18 0 19 0 20 0 21 0 22 0 23 0 24 0 25 0 26 G -1 0 -1 0 -1 0 -1 0 -1 0 -1 0 -1 0 -1 0 -1 0 -1 0 -1 0 -1 0 -1 0 -1 0 -1 0 -1 0 -1 0 -1 0 -1 0 -1 0 -1 0 -1 0 -1 0 -1 0 -1 0 -1 0
27 0 1 0 2 0 3 0 4 0 5 0 6 0 7 0 8 0 9 0 10 0 11 0 12 0 13 0 14 0 15 0 16 0 17 0 18 0 19 0 20 0 21 0 22 0 23 0 24 0 25 0 26 G -1 0 -1 0 -1 0 -1 0 -1 0 -1 0 -1 0 -1 0 -1 0 -1 0 -1 0 -1 0 -1 0 -1 0 -1 0 -1 0 -1 0 -1 0 -1 0 -1 0 -1 0 -1 0 -1 0 -1 0 -1 0 -1 0
